score,tier,title,agency,solnum,type,naics,psc,setaside,posted,deadline,days_left,place,partners,poc,poc_email,link,first_seen
47,pursue,RISK AND ANTICIPATORY ANALYTICS,DEPT OF DEFENSE.DEPT OF THE NAVY.NAVSUP.NAVSUP GLOBAL LOGISTICS SUPPORT.NAVSUP FLC NORFOLK.NAVSUP FLT LOG CTR NORFOLK,N6339327XXXX,Sources Sought,541330,R425,Full & Open,2026-08-06,2026-08-27,7.6,"Norfolk, VA",,Angelo Conicelli,angelo.l.conicelli.civ@us.navy.mill,https://sam.gov/workspace/contract/opp/50419bb89b2d4ddbb74a45ade0c2e0c1/view,2026-08-14
42,watch,REQUEST FOR INFORMATION - OPERATIONAL TEST AND TRAINING READINESS DIVISION - DevSecOps,DEPT OF DEFENSE.DEPT OF THE AIR FORCE.SPACE SYSTEMS COMMAND.PEO OPERATIONAL TEST AND TRAINING INFRASTRUCTURE.FA2553 OPRN TEST & TRG INFR OTTI PK,OTTI_2026_RFI_SpecDevOps,Sources Sought,541715,,No Set aside used,2026-08-13,2026-09-04,15.7,"Colorado Springs, CO",DV7 Engineering,Ashley Irizarry,ashley.irizarry@spaceforce.mil,https://sam.gov/workspace/contract/opp/b5e1a1a9f1b7421bafec168e7fe2c5bf/view,2026-08-17
41,watch,SPE4A526R0221,DEPT OF DEFENSE.DEFENSE LOGISTICS AGENCY.DLA AVIATION.DLA AV RICHMOND.DLA AVIATION,SPE4A526R0221,Presolicitation,334513,6685,Full & Open,2026-08-19,2026-09-03,14.9,"Richmond, VA",DV7 Engineering,Yvonne Jackson-Dias,yvonne.jackson-dias@dla.mil,https://sam.gov/workspace/contract/opp/6531034139124640bfde7d24202c8d7f/view,2026-08-19
40,watch,MH-60 DEVELOPMENTAL FLIGHT TEST SERVICES,"HOMELAND SECURITY, DEPARTMENT OF.US COAST GUARD.HQ CONTRACT OPERATIONS (CG-912)(000",70Z02326R269127,Sources Sought,541330,R425,Full & Open,2026-08-18,2026-09-04,15.6,"Elizabeth City, NC",DV7 Engineering,Robertson Fleurima,robertson.fleurima@uscg.mil,https://sam.gov/workspace/contract/opp/3cab6a737d36446a838e42f0770cf354/view,2026-08-19
40,watch,"JOMIS Joint Medical Planning, Modeling and Simulation Capabilities",DEPT OF DEFENSE.DEFENSE HEALTH AGENCY (DHA).DEFENSE HEALTH AGENCY,DHA_JOMIS_JMP_20260813,Sources Sought,541512,DA01,Full & Open,2026-08-17,2026-09-13,24.8,"4000, VA",,Domonique Holmes,domonique.p.holmes.civ@health.mil,https://sam.gov/workspace/contract/opp/213a2fe3a447465e8f30699c9f056ec4/view,2026-08-17
39,watch,"Market Survey for Environmental Management, Analysis, Research, and International Support (EMARIS) II","TRANSPORTATION, DEPARTMENT OF.FEDERAL AVIATION ADMINISTRATION.693KA9 CONTRACTING FOR SERVICES",EMARIS_II ,Sources Sought,541330,,Full & Open,2026-08-18,2026-09-18,29.7,"Washington, DC",,FAA AAQ 460 Contracting Office,9-AFN-AWA-AAQ460-Contracting-Team@faa.gov,https://sam.gov/workspace/contract/opp/aa7112201e284a00b32e8c22788c1cdd/view,2026-08-19
38,watch,BROAD AGENCY ANNOUNCEMENT - FEDERAL AVIATION ADMINISTRATION ADVANCEMENT OF AVIATION RESEARCH AND TECHNOLOGIES,"TRANSPORTATION, DEPARTMENT OF.FEDERAL AVIATION ADMINISTRATION",BAA-693KA8-26-RCSO,Special Notice,541715,AS25,Full & Open,2026-08-18,,,"Washington, DC",DV7 Engineering,Chersharon King,chersharon.y.king@faa.gov,https://sam.gov/workspace/contract/opp/6244721e3a2e42208b5aacd3294fbe51/view,2026-08-18
37,watch,"NSN 6610-005300961,TRANSMITTER,POSITIO,WSDC: 04F, AIRCRAFT, STRATOFORTRESS B-52",DEPT OF DEFENSE.DEFENSE LOGISTICS AGENCY.DLA AVIATION.DLA AV RICHMOND.DLA AVIATION,SPE4A726R0747,Presolicitation,334511,6610,No Set aside used,2026-08-13,2026-08-28,8.8,"Richmond, VA",DV7 Engineering,Grayson Andrews,grayson.andrews@dla.mil,https://sam.gov/workspace/contract/opp/b5a4ddfb30864f93a10784e10219e559/view,2026-08-17
36,watch,Advanced Research Projects Agency for Health (ARPA-H) Small Business Innovation Research (SBIR)/Small Business Technology Transfer (STTR) Program,"HEALTH AND HUMAN SERVICES, DEPARTMENT OF.NATIONAL INSTITUTES OF HEALTH.ADVANCED RESEARCH PROJECTS AGENCY FOR HEALTH (ARPA-H)",7599226SN106,Presolicitation,541715,AN13,Small Business Set Aside - Total,2026-08-17,2026-09-11,22.6,"Washington, DC",DV7 Engineering,Business Innovation Divison,sbir.baa@arpa-h.gov,https://sam.gov/workspace/contract/opp/bdd2026ead744527be7b623032a4c79a/view,2026-08-18
35,watch,"The FAA is procuring a Software-as-a-Service (SaaS) platform to deliver ""Defender,"" a next-generation tactical security flight tracking tool.","TRANSPORTATION, DEPARTMENT OF.FEDERAL AVIATION ADMINISTRATION.693JF9 HEADQUARTERS",2026_MarketSurvey_AJR_DefenderProgram,Sources Sought,513210,DA10,No Set aside used,2026-08-19,2026-09-02,13.8,"Washington, DC",,lucinda davis,lucinda.davis@faa.gov,https://sam.gov/workspace/contract/opp/88fc67670d3c463ab412b8ba0bf78be1/view,2026-08-19
35,watch,Regional Asia - Energy and Critical Minerals Opportunities Project Scoping Service,UNITED STATES TRADE AND DEVELOPMENT AGENCY.UNITED STATES TRADE AND DEVELOPMENT AGENCY.US TRADE AND DEVELOPMENT AGENCY,1131PL26R0056,Combined Synopsis/Solicitation,541690,R499,Small Business Set Aside - Total,2026-08-14,2026-09-11,22.7,"Arlington, VA",,Vallerie Pringle,vpringle@ustda.gov,https://sam.gov/workspace/contract/opp/eb4eddf37ec44e36a4a27831991c829b/view,2026-08-17
35,watch,Indo-Pacific Energy and Critical Minerals Project Scoping Services,UNITED STATES TRADE AND DEVELOPMENT AGENCY.UNITED STATES TRADE AND DEVELOPMENT AGENCY.US TRADE AND DEVELOPMENT AGENCY,1131PL26R0056,Combined Synopsis/Solicitation,541690,R499,Small Business Set Aside - Total,2026-08-18,2026-09-11,22.7,"Arlington, VA",,Vallerie Pringle,vpringle@ustda.gov,https://sam.gov/workspace/contract/opp/b57f18b1fc394979807ad2ecc19c6485/view,2026-08-19
35,watch,W912DY26RA030 OFFICIAL SOLICITATION FOR UTILITY MONITORING AND CONTROL SYSTEMS VI,DEPT OF DEFENSE.DEPT OF THE ARMY.US ARMY CORPS OF ENGINEERS.SCO ALEXANDRIA.SUPPORT CENTER HUNTSVILLE.W2V6 USA ENG SPT CTR HUNTSVIL,W912DY26RA030,Combined Synopsis/Solicitation,541512,J059,Full & Open,2026-08-18,2026-09-17,28.7,,,Jasmine Kennedy,jasmine.m.kennedy@usace.army.mil,https://sam.gov/workspace/contract/opp/df840dc2039d4bb7a504dc30d30eda82/view,2026-08-19
34,watch,Joint Interoperability Test Command (JITC) Interoperability and Conformance Certification for the Link 16 Small Tactical Terminal (STT) KOR-24A),"HOMELAND SECURITY, DEPARTMENT OF.US COAST GUARD.AVIATION LOGISTICS CENTER (ALC)(00038)",70Z03826IB0000012,Sources Sought,541330,,No Set aside used,2026-08-12,2026-08-27,7.7,,,Destiny Ornelas,destiny.a.ornelas2@uscg.mil,https://sam.gov/workspace/contract/opp/fb0b787c384245df8552a2a923d38355/view,2026-08-14
34,watch,DCFO Risk Management Framework,DEPT OF DEFENSE.WASHINGTON HEADQUARTERS SERVICES (WHS).WASHINGTON HEADQUARTERS SERVICES,WHS-26-R-DCFO-RMF,Special Notice,541611,R704,No Set aside used,2026-08-19,2026-09-03,14.6,"Alexandria, VA",,Jonathan W. Diggs,jonathan.diggs@whs.mil,https://sam.gov/workspace/contract/opp/85b6e4c3dacc4d1c9d27a17bebb62096/view,2026-08-19
34,watch,"SUGV CHASSIS,QUAD V",DEPT OF DEFENSE.DEFENSE LOGISTICS AGENCY.DLA LAND.DLA LAND ALBANY.DLA  LAND AND MARITIME (ALBANY),SPRAL126R0010,Presolicitation,334511,1385,Full & Open,2026-08-18,2026-09-03,15.1,,DV7 Engineering,Garrison Ball,garrison.ball@dla.mil,https://sam.gov/workspace/contract/opp/dc66ca2ee4294364a76e6bb3137b8258/view,2026-08-19
34,watch,PIP-II MOTION CONTROL SYSTEM,"ENERGY, DEPARTMENT OF.ENERGY, DEPARTMENT OF.FERMILAB - DOE CONTRACTOR",384918-RK,Solicitation,334513,6110,No Set aside used,2026-08-19,2026-09-09,20.8,"Batavia, IL",DV7 Engineering,Richard Konan,rkonan@fnal.gov,https://sam.gov/workspace/contract/opp/cd2efa55a6b447f6aea8b8ff68760668/view,2026-08-19
34,watch,R425 - OPTEVFOR/VX-1 Technical and Analytical Support Services,DEPT OF DEFENSE.DEPT OF THE NAVY.NAVSUP.NAVSUP GLOBAL LOGISTICS SUPPORT.NAVSUP FLC NORFOLK.NAVSUP FLT LOG CTR NORFOLK,N0018926RW023,Presolicitation,541330,R425,Service-Disabled Veteran-Owned Small Business (SDVOSB) Set-Aside (FAR 19.14),2026-08-12,2026-09-10,21.6,"0, MD",,Tierra Watson,tierra.k.watson.civ@us.navy.mil,https://sam.gov/workspace/contract/opp/c66d6fc47b0f430a8bf0b9fa4c0bb113/view,2026-08-14
33,watch,"F-16 TRANSMITTER, PRESSURE NSN 6685011496398WF","DEPT OF DEFENSE.DEFENSE LOGISTICS AGENCY.DLA AVIATION.DLA AVIATION OGDEN.DLA  AVIATION AT OGDEN, UT",SPRHA4-26-Q-0889,Solicitation,334513,6685,No Set aside used,2026-08-17,2026-09-17,29.2,,DV7 Engineering,Ben Shoop,benjamin.shoop@us.af.mil,https://sam.gov/workspace/contract/opp/596517d3af8c4080a1dea5fa40dab58b/view,2026-08-18
32,watch,"66--TRANSMITTER,LIQUID QUA",DEPT OF DEFENSE.DEFENSE LOGISTICS AGENCY.DLA AVIATION.DLA AV RICHMOND.DLA AVIATION,SPE4A626U3334,Combined Synopsis/Solicitation,334513,66,Small Business Set Aside - Total,2026-08-19,2026-09-03,14.0,,DV7 Engineering,"Questions regarding this solicitation should be emailed to the buyer listed in block 5 of the solicitation document which can be found under the Additional Information link.
If the Additional Information link does not work, please go to https://www.dibbs.bsm.dla.mil/Solicitations/ and type the solicitation number in the Global Search box.
",DibbsBSM@dla.mil,https://sam.gov/workspace/contract/opp/aedc0f257b6f4d87a164caafd23ccc12/view,2026-08-19
32,watch,COMBAT REFUELING & OPERATIONS NETWORKED UNIVERSAL SYSTEMS (CRONUS)_JOINT KC-135 ELECTRIFIED BOOM LAB_(RFI),DEPT OF DEFENSE.DEPT OF THE AIR FORCE.AIR FORCE MATERIEL COMMAND.AIR FORCE RESEARCH LABORATORY.FA2385 USAF AFMC AFRL PZL AFRL RSKD,FA2385-CRONUS-KC135-RFI,Special Notice,541715,AC13,Full & Open,2026-08-06,2026-09-06,17.8,"Wright Patterson AFB, OH",DV7 Engineering,Ryan Sims,ryan.sims.2@us.af.mil,https://sam.gov/workspace/contract/opp/184309a71a9c4fb2863abd0aece5d42d/view,2026-08-17
32,watch,LOGISTICS ANALYST (TOA SUPPORT) AND ADMINISTRATIVE ASSISTANT SERVICES,DEPT OF DEFENSE.DEPT OF THE NAVY.NAVSUP.NAVSUP GLOBAL LOGISTICS SUPPORT.NAVSUP FLC SAN DIEGO.NAVSUP FLT LOG CTR  SAN DIEGO,N6258326IACB1,Sources Sought,541611,R707,Small Business Set Aside - Total,2026-08-18,2026-09-07,18.9,"San Diego, CA",,Leliza G. Sarino,leliza.g.sarino2.civ@us.navy.mil,https://sam.gov/workspace/contract/opp/8d18795e39d94747873848049830e10d/view,2026-08-19
32,watch,Aviation and Missile Technology Consortium (AMTC) Other Transaction Agreement (OTA) Request for Enhanced Whitepapers (RWP): AMTC-26-04,DEPT OF DEFENSE.DEPT OF THE ARMY.AMC.ACC.ACC-CTRS.ACC RSA.W6QK ACC-RSA,,Special Notice,541715,AC12,Full & Open,2026-08-19,2026-09-09,20.7,,DV7 Engineering,,,https://sam.gov/workspace/contract/opp/a1a5732a53e74116a37d3f2b0c36fb35/view,2026-08-19
32,watch,FD2030-26-01688,DEPT OF DEFENSE.DEFENSE LOGISTICS AGENCY.DLA AVIATION.DLA AVIATION OKLAHOMA CITY,FD2030-26-01688,Special Notice,334513,6685,Full & Open,2026-08-11,2027-08-11,356.6,,DV7 Engineering,SEE SOLICITATION INFORMATION TO FOLLOW.,,https://sam.gov/workspace/contract/opp/7cb78945bae04ef7b373e2a702d34745/view,2026-08-17
31,watch,LTAMDS Engineering Services CY26-CY28,DEPT OF DEFENSE.DEFENSE LOGISTICS AGENCY.DLA LAND.DLA LAND ABERDEEN.DLA LAND AT ABERDEEN,LTAMDS_ESM_CY26-28,Sources Sought,541330,R425,Full & Open,2026-08-12,2026-08-27,7.8,,,Marley Joyner,marley.joyner@dla.mil,https://sam.gov/workspace/contract/opp/faf7b52422644e65859a0359fec41d3e/view,2026-08-14
31,watch,Request for Information (RFI) - Enforcement and Removal Operations (ERO) Adaptive Operations and Maintenance,"HOMELAND SECURITY, DEPARTMENT OF.US IMMIGRATION AND CUSTOMS ENFORCEMENT.INFORMATION TECHNOLOGY DIVISION",192126CIOSDD20030,Sources Sought,541519,,Full & Open,2026-08-19,2026-08-31,11.5,"Washington, DC",,Michelle Taylor,michelle.l.taylor@ice.dhs.gov,https://sam.gov/workspace/contract/opp/bf8fccb7784048dab757acbdf60de5b6/view,2026-08-19
31,watch,Request for Information (RFI) - JWCC UCM Premier CSO Catalog,DEPT OF DEFENSE.DEFENSE INFORMATION SYSTEMS AGENCY (DISA).DISA PL8,852675027,Sources Sought,541519,DA10,Full & Open,2026-08-18,2026-09-01,12.8,"Arlington, VA",,Dean Cravens,dean.l.cravens.civ@mail.mil,https://sam.gov/workspace/contract/opp/d03c244ab9d94d6d8eee7b9778d74b39/view,2026-08-19
31,watch,RFI for Virtual Imagery Processing Capability (VIP-C) III Support and Sustainment IDIQ Requirement,DEPT OF DEFENSE.DEPT OF THE AIR FORCE.AIR FORCE MATERIEL COMMAND.AIR FORCE LIFE CYCLE MANAGEMENT CENTER.ELECTRONIC SYSTEMS.FA2398 CM CT INT SRV RCN AFLCMC/HBG,A067161,Sources Sought,541511,R499,No Set aside used,2026-08-13,2026-09-08,19.9,"0, MA",,Erin Surette,erin.surette.1@us.af.mil,https://sam.gov/workspace/contract/opp/1ff2cac3a19f4cdb802935609f913799/view,2026-08-14
31,watch,REQUEST FOR INFORMATION (RFI)/ SOURCES SOUGHT Space Force Mission Delta 9 (MD9) – SL-5 EC2-S Ground System Sustainment,DEPT OF DEFENSE.DEPT OF THE AIR FORCE.AIR FORCE SPACE COMMAND.FA2518 USSF SPOC/SAIO,RFI-MD9-2026-01,Sources Sought,541330,J018,Full & Open,2026-08-13,2026-09-11,22.7,"Colorado Springs, CO",,Rosalind Davis,rosalind.davis.3@spaceforce.mil,https://sam.gov/workspace/contract/opp/cdb642fd15f645c3ac22204f3f9a16a7/view,2026-08-14
31,watch,RFI: CNS/ATM Recompete,"DEPT OF DEFENSE.DEPT OF THE AIR FORCE.AIR FORCE MATERIEL COMMAND.AIR FORCE LIFE CYCLE MANAGEMENT CENTER.COMMAND, CONTROL, COMMUNICATIONS & BATTLE MANAGEMENT.FA2318  AFLCMC C3MK",CNSATMRECOMPETE,Sources Sought,541330,R425,Full & Open,2026-08-11,2026-09-11,22.9,"0, MA",,Brenna Gonsalves,brenna.gonsalves@us.af.mil,https://sam.gov/workspace/contract/opp/0b92d1f2e96d4b29b7db679ef13f6aa1/view,2026-08-14
31,watch,2026 Request for White Papers: NASA SBIR/STTR  Phase II Sequential Awards,NATIONAL AERONAUTICS AND SPACE ADMINISTRATION.NATIONAL AERONAUTICS AND SPACE ADMINISTRATION,80NSSC26R0014,Special Notice,541715,AJ11,Small Business Set Aside - Total,2026-08-19,2026-09-11,22.9,,DV7 Engineering,Kenneth E. Albright,Agency-SBIR-STTRSolicitation@mail.nasa.gov,https://sam.gov/workspace/contract/opp/b9ff503d50c54ce593114a79adbfe94b/view,2026-08-19
31,watch,DRAFT RFP: Support Services for Special Operations Aviation - Specialized Technical Services,DEPT OF DEFENSE.US SPECIAL OPERATIONS COMMAND (USSOCOM).AMSAM-SPK,DRAFTH9224126RE007,Special Notice,541330,R425,Small Business Set Aside - Total,2026-08-12,2026-09-14,25.7,,,Ruth Christopher,ruth.christopher.civ@socom.mil,https://sam.gov/workspace/contract/opp/c50b096b93b64d30b066cbc97fd60413/view,2026-08-14
31,watch,Medicinal Chemistry Support Program for Therapeutic Development (MCSP),"HEALTH AND HUMAN SERVICES, DEPARTMENT OF.NATIONAL INSTITUTES OF HEALTH.NATIONAL INSTITUTES OF HEALTH NIDA",75N98026R00144SB,Sources Sought,541715,AN11,Small Business Set Aside - Total,2026-08-12,2026-09-14,25.7,,DV7 Engineering,Shaun Rostad,shaun.rostad@nih.gov,https://sam.gov/workspace/contract/opp/13a061fb99b4449490fc7e622e80a58b/view,2026-08-17
31,watch,DLA Battery Network IV (BATTNET) Broad Agency Announcement,DEPT OF DEFENSE.DEFENSE LOGISTICS AGENCY.DCSO.DCSO PHILADELPHIA.DCSO PHILADELPHIA,SP470126B0006,Combined Synopsis/Solicitation,541715,AC33,No Set aside used,2026-08-11,2031-08-09,1815.7,,DV7 Engineering,Michelle Harrison,Michelle.Harrison@dla.mil,https://sam.gov/workspace/contract/opp/53a81a363d9140b9b58207cae11e22ec/view,2026-08-17
30,watch,Disability Evaluation System (DES),DEPT OF DEFENSE.DEFENSE HEALTH AGENCY (DHA).DEFENSE HEALTH AGENCY,HT001126RE029,Presolicitation,541611,R408,Service-Disabled Veteran-Owned Small Business (SDVOSB) Set-Aside (FAR 19.14),2026-08-18,2026-08-28,8.5,"Falls Church, VA",,Crystal Randolph,crystal.d.randolph.civ@health.mil,https://sam.gov/workspace/contract/opp/f15761696f724971bbb36fd84a33dc8b/view,2026-08-19
30,watch,Federal Protective Service (FPS) Network Scanning Tool,"HOMELAND SECURITY, DEPARTMENT OF.OFFICE OF PROCUREMENT OPERATIONS.SCI  TECH ACQ DIV",70RSAT26RFI000028,Sources Sought,541715,AJ13,Full & Open,2026-08-14,2026-08-28,8.9,,DV7 Engineering,Jennifer K. Koons,jennifer.koons@hq.dhs.gov,https://sam.gov/workspace/contract/opp/3246887cdbbe467b9b5e5d6ce15a2f87/view,2026-08-17
30,watch,Second Industry Day Announcement: Low Profile Mast (LPM) Program,DEPT OF DEFENSE.DEPT OF THE NAVY.NAVSEA.NAVSEA HQ.NAVSEA HQ,N00024-26-R-6215A,Sources Sought,334511,1240,No Set aside used,2026-08-11,2026-09-03,14.7,,DV7 Engineering,Eric Dieges,eric.dieges.civ@us.navy.mil,https://sam.gov/workspace/contract/opp/a6c12f71388f465f894d4015107999a4/view,2026-08-17
30,watch,Second Industry Day Announcement: Low Profile Mast (LPM) Program,DEPT OF DEFENSE.DEPT OF THE NAVY.NAVSEA.NAVSEA HQ.NAVSEA HQ,N00024-26-R-6215A,Sources Sought,334511,1240,No Set aside used,2026-08-18,2026-09-03,14.7,,DV7 Engineering,Eric Dieges,eric.dieges.civ@us.navy.mil,https://sam.gov/workspace/contract/opp/84278771e8ed47f496f86044f04bfdfb/view,2026-08-19
30,watch,"TRANSMITTER,PRESSUR",DEPT OF DEFENSE.DEFENSE LOGISTICS AGENCY.DLA MARITIME.DLA MARITIME MECHANICSBURG.SPRMM1 DLA MECHANICSBURG,SPRMM126QKH36,Solicitation,334513,6685,Full & Open,2026-08-19,2026-09-03,14.8,,DV7 Engineering,Electronic Mail: IRELAND.BRENNAN@DLA.MIL,IRELAND.BRENNAN@DLA.MIL,https://sam.gov/workspace/contract/opp/7dc6fef4cace4c69ad24569d7fb9b1ae/view,2026-08-19
30,watch,Drug and Alcohol Compliance Audit Support,"TRANSPORTATION, DEPARTMENT OF.FEDERAL TRANSIT ADMINISTRATION.693195 OFFICE OF ACQUISITION MGT",DrugandAlcoholComplianceAudit-2026,Sources Sought,541611,,Small Business Set Aside - Total,2026-08-18,2026-09-08,19.9,"Washington, DC",,Cassandra Porter-Hickman,c.porterhickman@dot.gov,https://sam.gov/workspace/contract/opp/825bf0a9b8f34c569e3b77a6ccaef092/view,2026-08-19
30,watch,D--607-SWISP PHASE I SCADA PROGRAMMING,"INTERIOR, DEPARTMENT OF THE.BUREAU OF RECLAMATION.GRAND COULEE POWER OFFICE",140R1726Q0052,Presolicitation,541511,DH01,Small Business Set Aside - Total,2026-08-19,2026-09-08,20.0,,,"Gross, Paula",paula_gross@ios.doi.gov,https://sam.gov/workspace/contract/opp/0bb3fec5b9e6459dbf51acc7a21179dd/view,2026-08-19
30,watch,R425 - OPTEVFOR/VX-1 Technical and Analytical Support Services,DEPT OF DEFENSE.DEPT OF THE NAVY.NAVSUP.NAVSUP GLOBAL LOGISTICS SUPPORT.NAVSUP FLC NORFOLK.NAVSUP FLT LOG CTR NORFOLK,N0018926RW023,Solicitation,541330,R425,Service-Disabled Veteran-Owned Small Business (SDVOSB) Set-Aside (FAR 19.14),2026-08-13,2026-09-10,21.6,"0, MD",,Tierra Watson,tierra.k.watson.civ@us.navy.mil,https://sam.gov/workspace/contract/opp/a15921aa6af64da3a1572352a7e563bf/view,2026-08-14
30,watch,"TRANSMITTER,PRESSUR",DEPT OF DEFENSE.DEFENSE LOGISTICS AGENCY.DLA MARITIME.DLA MARITIME MECHANICSBURG.SPRMM1 DLA MECHANICSBURG,SPRMM126QKG71,Solicitation,334513,6685,Full & Open,2026-08-12,2026-09-11,22.8,,DV7 Engineering,Electronic Mail: CERRILL.MCMEEKIN@DLA.MIL,CERRILL.MCMEEKIN@DLA.MIL,https://sam.gov/workspace/contract/opp/5cb967507bff49f08ec5585173139686/view,2026-08-17
30,watch,"TRANSMITTER,PRESSUR",DEPT OF DEFENSE.DEFENSE LOGISTICS AGENCY.DLA MARITIME.DLA MARITIME MECHANICSBURG.SPRMM1 DLA MECHANICSBURG,SPRMM126QKG86,Solicitation,334513,6685,Full & Open,2026-08-14,2026-09-14,25.8,,DV7 Engineering,Electronic Mail: CERRILL.MCMEEKIN@DLA.MIL,CERRILL.MCMEEKIN@DLA.MIL,https://sam.gov/workspace/contract/opp/0024cca46b154f9aa56e1e8b1d13c888/view,2026-08-17
30,watch,"TRANSMITTER,PRESSUR",DEPT OF DEFENSE.DEFENSE LOGISTICS AGENCY.DLA MARITIME.DLA MARITIME MECHANICSBURG.SPRMM1 DLA MECHANICSBURG,SPRMM126QKH29,Solicitation,334513,6685,Full & Open,2026-08-18,2026-09-17,28.8,,DV7 Engineering,Electronic Mail: AUSTIN.SHATTO@DLA.MIL,AUSTIN.SHATTO@DLA.MIL,https://sam.gov/workspace/contract/opp/c067417aeeb6483d8356166ce917391b/view,2026-08-18
30,watch,"TRANSMITTER,PRESSUR",DEPT OF DEFENSE.DEFENSE LOGISTICS AGENCY.DLA MARITIME.DLA MARITIME MECHANICSBURG.SPRMM1 DLA MECHANICSBURG,SPRMM126QKH23,Solicitation,334513,6685,Full & Open,2026-08-19,2026-09-18,29.8,,DV7 Engineering,Electronic Mail: CERRILL.MCMEEKIN@DLA.MIL,CERRILL.MCMEEKIN@DLA.MIL,https://sam.gov/workspace/contract/opp/5143efc45958429bb6d3c204655ebe6e/view,2026-08-19
30,watch,Multi-Domain Force Applications and Traffic Management for Unmanned Aircraft Systems (M-FAT),DEPT OF DEFENSE.DEPT OF THE AIR FORCE.AIR FORCE MATERIEL COMMAND.AIR FORCE RESEARCH LABORATORY.FA8750  AFRL RIK,FA8750-25-S-7004,Presolicitation,541715,AC12,Full & Open,2026-08-07,,,,DV7 Engineering,Tristen Carrig,AFRL.RFGW.MFAT_BAA_7004@us.af.mil,https://sam.gov/workspace/contract/opp/231668c988f04e459fc4a911d89adaf9/view,2026-08-17
29,watch,"66--GAGE ROD,LIQUID LEV",DEPT OF DEFENSE.DEFENSE LOGISTICS AGENCY.DLA LAND.DLA LAND COLUMBUS.DLA LAND AND MARITIME,SPE7LX26U9576,Combined Synopsis/Solicitation,334513,66,Small Business Set Aside - Total,2026-08-16,2026-08-31,11.0,,DV7 Engineering,"Questions regarding this solicitation should be emailed to the buyer listed in block 5 of the solicitation document which can be found under the Additional Information link.
If the Additional Information link does not work, please go to https://www.dibbs.bsm.dla.mil/Solicitations/ and type the solicitation number in the Global Search box.
",DibbsBSM@dla.mil,https://sam.gov/workspace/contract/opp/065386bcf08c47c98adc6c82e840e6dd/view,2026-08-17
29,watch,Joint Targeting Toolbox (JTT) Capabilities Package (CP) Continued Sustainment,"DEPT OF DEFENSE.DEPT OF THE AIR FORCE.AIR FORCE MATERIEL COMMAND.AIR FORCE LIFE CYCLE MANAGEMENT CENTER.COMMAND, CONTROL, COMMUNICATIONS & BATTLE MANAGEMENT.FA8730  KESSEL RUN AFLCMC/HBBK",FA8730-JTTCP-RFI,Sources Sought,541511,DA01,No Set aside used,2026-08-06,2026-09-07,18.9,"0, MA",,diamont daniel-malsch,diamont.daniel-malsch@us.af.mil,https://sam.gov/workspace/contract/opp/3d508c0f37a7445483b16f52d76999bb/view,2026-08-14
29,watch,GLOBAL CRITICAL MINERALS PROJECT SCOPING SERVICES,UNITED STATES TRADE AND DEVELOPMENT AGENCY.UNITED STATES TRADE AND DEVELOPMENT AGENCY.US TRADE AND DEVELOPMENT AGENCY,1131PL26R0057,Combined Synopsis/Solicitation,541690,R499,No Set aside used,2026-08-11,2026-09-08,19.7,"Arlington, VA",,Tyrone Johnson,tjohnson@ustda.gov,https://sam.gov/workspace/contract/opp/c7582ee00cf44ce19bb408cd677cfd3a/view,2026-08-14
29,watch,GLOBAL CRITICAL MINERALS PROJECT SCOPING SERVICES,UNITED STATES TRADE AND DEVELOPMENT AGENCY.UNITED STATES TRADE AND DEVELOPMENT AGENCY.US TRADE AND DEVELOPMENT AGENCY,1131PL26R0057,Combined Synopsis/Solicitation,541690,R499,No Set aside used,2026-08-14,2026-09-08,19.7,"Arlington, VA",,Tyrone Johnson,tjohnson@ustda.gov,https://sam.gov/workspace/contract/opp/138637e6b2b14beca8f05c1f6cf67397/view,2026-08-17
29,watch,R499--RFI School Enrollment Reporting,"VETERANS AFFAIRS, DEPARTMENT OF.VETERANS AFFAIRS, DEPARTMENT OF.VETERANS BENEFITS ADMIN (36C10D)",36C10D26Q0186,Sources Sought,541512,R499,Full & Open,2026-08-11,2026-09-11,22.6,"Washington, DC",,Stephen Winkler,stephen.winkler@va.gov,https://sam.gov/workspace/contract/opp/35ad4744267a4802b6cce692883a7064/view,2026-08-14
29,watch,2026 Request for White Papers: NASA SBIR Phase II Sequential Awards,NATIONAL AERONAUTICS AND SPACE ADMINISTRATION.NATIONAL AERONAUTICS AND SPACE ADMINISTRATION,80NSSC26R0014,Special Notice,541715,AJ11,Small Business Set Aside - Total,2026-08-12,2026-09-11,22.9,,DV7 Engineering,Kenneth E. Albright,Agency-SBIR-STTRSolicitation@mail.nasa.gov,https://sam.gov/workspace/contract/opp/8eaf5352f7b34689b17bb4066202b825/view,2026-08-17
29,watch,"ManTech special Broad Agency Announcement (sBAA): Accelerating Maritime Modernization: Innovation in Naval Manufacturing, Sustainment, and Industrial Base Capability",DEPT OF DEFENSE.DEPT OF THE NAVY.ONR.ONR HQS.OFFICE OF NAVAL RESEARCH,N0001426SB002,Solicitation,541715,AC13,Full & Open,2026-08-18,2026-09-14,25.9,,DV7 Engineering,"Marsh, Stephanie L.",stephanie.l.marsh6.civ@us.navy.mil,https://sam.gov/workspace/contract/opp/4e2d7bfe1df94704bc819c5574d63396/view,2026-08-19
29,watch,W56KGU-22-R-0ESI  BAA Amendment 0009,DEPT OF DEFENSE.DEPT OF THE ARMY.AMC.ACC.ACC-CTRS.ACC-APG.W6QK ACC-APG,W56KGU22ROESI,Special Notice,541715,AJ11,Small Business Set Aside - Total,2026-08-18,2027-10-31,437.8,"Aberdeen Proving Ground, MD",DV7 Engineering,ESI BAA MAILBOX,usarmy.apg.devcom-c5isr.mbx.esi-bus-ops-acq-baa@army.mil,https://sam.gov/workspace/contract/opp/691a68eb44504311b2d6628a1c469453/view,2026-08-19
28,watch,Bradley Fire Control Subsystems,DEPT OF DEFENSE.DEFENSE LOGISTICS AGENCY.HQ DEFENSE LOGISTICS AGENCY,SPRRA2-26-Q-SP02,Presolicitation,541330,R425,Full & Open,2026-08-11,2026-08-21,1.9,"Fort Walton Beach, FL",DV7 Engineering,Kimberly S. Thomas,kimberly.thomas@dla.mil,https://sam.gov/workspace/contract/opp/05e50108758d492bbd52486cd31462a6/view,2026-08-14
28,watch,Bradley Fire Control Subsystems,DEPT OF DEFENSE.DEFENSE LOGISTICS AGENCY.HQ DEFENSE LOGISTICS AGENCY,SPRRA2-26-Q-SP02,Presolicitation,541330,R425,Full & Open,2026-08-17,2026-08-26,6.9,"Fort Walton Beach, FL",DV7 Engineering,Kimberly S. Thomas,kimberly.thomas@dla.mil,https://sam.gov/workspace/contract/opp/a150ddd25bda4989975a920963cb8423/view,2026-08-17
28,watch,Expeditionary Unmanned Aerial System (eUAS) Manufacturing and Employment Capability Request for Information,DEPT OF DEFENSE.DEPT OF THE AIR FORCE.AIR FORCE MATERIEL COMMAND.AIR FORCE LIFE CYCLE MANAGEMENT CENTER.COMBAT READINESS.FA8684 AFLCMC RODK,RSO-AMPOECT-04,Special Notice,334511,,Full & Open,2026-08-07,2026-08-28,8.9,"Edwards, CA",DV7 Engineering,John Tipler,john.tipler@us.af.mil,https://sam.gov/workspace/contract/opp/b4584aa7c98e41f69431761f0bd1b8f7/view,2026-08-17
28,watch,Collaborative Learning Environment Support,GENERAL SERVICES ADMINISTRATION.FEDERAL ACQUISITION SERVICE.OFFICE OF CENTRALIZED ACQUISITION SERVICES,GSAOCASFY26-0001,Presolicitation,541519,DG01,Service-Disabled Veteran-Owned Small Business (SDVOSB) Set-Aside (FAR 19.14),2026-08-13,2026-09-03,14.6,MD,,Antonio Heredia,antonio.heredia@gsa.gov,https://sam.gov/workspace/contract/opp/90c96f6cfb8e4f67bacfcba1299bc71c/view,2026-08-14
28,watch,Test Data Transfer Devices for Program Development,DEPT OF DEFENSE.DEPT OF THE AIR FORCE.AIR FORCE MATERIEL COMMAND.AIR FORCE LIFE CYCLE MANAGEMENT CENTER.MOBILITY AIRCRAFT.FA8609 AFLCMC WLCK KC46,FA860926QB002,Presolicitation,541715,7K20,Full & Open,2026-08-18,2026-09-03,14.9,,DV7 Engineering,Victor Kedzie,victor.kedzie@us.af.mil,https://sam.gov/workspace/contract/opp/6943907d9f1c4c77a7742bb329674d7f/view,2026-08-19
28,watch,Medicinal Chemistry Support Program for Therapeutic Development (MCSP),"HEALTH AND HUMAN SERVICES, DEPARTMENT OF.NATIONAL INSTITUTES OF HEALTH.NATIONAL INSTITUTES OF HEALTH NIDA",75N98026R00144,Sources Sought,541715,AN11,No Set aside used,2026-08-12,2026-09-14,25.7,,DV7 Engineering,Shaun Rostad,shaun.rostad@nih.gov,https://sam.gov/workspace/contract/opp/9671bc0a87fa43b9b217cb61846bfb0a/view,2026-08-17
28,watch,Long-Range Lineup System (LRLS),DEPT OF DEFENSE.DEPT OF THE NAVY.NAVAIR.NAVAIR NAWC AD.NAVAIR WARFARE CTR AIRCRAFT DIV,N6833526R0522,Sources Sought,334511,6605,Full & Open,2026-08-18,2026-09-16,27.9,,DV7 Engineering,Kelly Gray,kelly.e.gray13.civ@us.navy.mil,https://sam.gov/workspace/contract/opp/c8984e207f2f45d9b38e8fbff45385a8/view,2026-08-19
28,watch,Distributed Wind Competitiveness Improvement Project,"ENERGY, DEPARTMENT OF.ENERGY, DEPARTMENT OF.ALLIANCE FOR ENERGY INNOVATION, LLC - DOE CONTRACTOR",PSN-2026031003,Presolicitation,541715,AJ12,No Set aside used,2026-08-12,2026-10-15,56.9,CO,DV7 Engineering,Jessica Roe,ASP.Responses@nlr.gov,https://sam.gov/workspace/contract/opp/7c36cc2567d64ce2bec4e3711a83ef1a/view,2026-08-17
28,watch,"Global Aircrew Strategic Network Terminal Increment 2, Block 2 (GASNTi2b2) Industry Day - Initial Notice","DEPT OF DEFENSE.DEPT OF THE AIR FORCE.AIR FORCE MATERIEL COMMAND.AIR FORCE NUCLEAR WEAPON CENTER.NUCLEAR COMMAND, CONTROL & COMMUNICATION WEAPON.FA8735 NUCLEAR NTW DIV AFNWC PZHN",GASNTi2b2_IND_DAY_INT_NOTICE_541715,Special Notice,541715,,Full & Open,2026-08-11,2026-10-21,62.8,"0, MA",DV7 Engineering,Leslie Cooper,leslie.cooper@us.af.mil,https://sam.gov/workspace/contract/opp/c302d1246948401c9359fdd1d77b7433/view,2026-08-17
27,watch,NAWCAD WOLF Identification Systems Technical Management Support Services DRAFT RFO,DEPT OF DEFENSE.DEPT OF THE NAVY.NAVAIR.NAVAIR NAWC AD.NAVAL AIR WARFARE CENTER AIR DIV,N0042126R1023,Presolicitation,541330,R799,Small Business Set Aside - Total,2026-08-12,2026-08-27,7.8,,DV7 Engineering,Reagan Brady,reagan.m.brady.civ@us.navy.mil,https://sam.gov/workspace/contract/opp/9d16c01d64f644d9bc1e7dc89662d57a/view,2026-08-14
27,watch,Request For Information and Industry Day Announcement - Modular Advanced Radio Architecture (MARA) Hardware Integration and Prototyping,DEPT OF DEFENSE.DEPT OF THE NAVY.USMC.MARCOR SYSCOM,M67854-26-I-2015,Special Notice,541330,,Full & Open,2026-08-10,2026-09-04,15.6,"Quantico, VA",,,,https://sam.gov/workspace/contract/opp/cd987632e8ba4dd18bcdb308fbd28f6b/view,2026-08-14
27,watch,TETRAS Indefinite Delivery/Indefinite Quantity (IDIQ) Multiple Award Contract Recompete ,DEPT OF DEFENSE.DEPT OF THE AIR FORCE.AIR FORCE MATERIEL COMMAND.AIR FORCE TEST CENTER.FA2487  AFTC PZZD (EGLIN),FA248725RB002,Special Notice,541715,AC13,Full & Open,2026-08-10,2026-09-10,21.9,,DV7 Engineering,Zachary Schultz,Zachary.Schultz.7@us.af.mil,https://sam.gov/workspace/contract/opp/85728fcf08784f7abf41fd18fab84ccf/view,2026-08-17
27,watch,MTEC Solicitation Summary: Fiscal Year 2026 Multi-Topic Request for Project Proposals,DEPT OF DEFENSE.DEFENSE HEALTH AGENCY (DHA).DEFENSE HEALTH AGENCY,MTEC-26-04-MultiTopic,Special Notice,541715,AN43,No Set aside used,2026-08-07,2026-10-30,71.6,"Frederick, MD",DV7 Engineering,Chuck Hutti,chuck.hutti@mtec-sc.org,https://sam.gov/workspace/contract/opp/2d2f3508edf946aaa133ccdcfbcb957d/view,2026-08-17
27,watch,NGA - Boosting Innovative GEOINT - Science & Technology Broad Agency Announcement (BIG-ST BAA),DEPT OF DEFENSE.NATIONAL GEOSPATIAL-INTELLIGENCE AGENCY (NGA).ATTN: MS S84 - OCS,HM047623BAA0001,Solicitation,541715,AC13,Full & Open,2026-08-19,2026-12-14,117.2,,DV7 Engineering,Viphalac Chanthaphone,viphalac.chanthaphone@nga.mil,https://sam.gov/workspace/contract/opp/7d46d4bb8b504bec857381f327522415/view,2026-08-19
27,watch,Request for Information - FEMA Public-Assistance Technical Assistance (PA-TAC) VI Contract,"HOMELAND SECURITY, DEPARTMENT OF.FEDERAL EMERGENCY MANAGEMENT AGENCY.COMMUNITY SURVIVOR  ASSISTANCE SEC",FEMA-RFI(PA-TAC-VI),Sources Sought,541611,R429,Full & Open,2026-08-12,,,,,Sharon Edwards,sharon.edwards3@fema.dhs.gov,https://sam.gov/workspace/contract/opp/2395b2cfa9a4455dbc722b1b7c336458/view,2026-08-14
26,watch,"66--PUMP,DETECTOR KIT",DEPT OF DEFENSE.DEFENSE LOGISTICS AGENCY.DLA MARITIME.DLA MARITIME COLUMBUS.DLA LAND AND MARITIME,SPE7M526U0062,Combined Synopsis/Solicitation,334513,66,Full & Open,2026-08-13,2026-08-28,8.0,,DV7 Engineering,"Questions regarding this solicitation should be emailed to the buyer listed in block 5 of the solicitation document which can be found under the Additional Information link.
If the Additional Information link does not work, please go to https://www.dibbs.bsm.dla.mil/Solicitations/ and type the solicitation number in the Global Search box.
",DibbsBSM@dla.mil,https://sam.gov/workspace/contract/opp/3e2827035a9a4644a066ede140d3734a/view,2026-08-17
26,watch,"66--INDICATOR,DIGITAL D",DEPT OF DEFENSE.DEFENSE LOGISTICS AGENCY.DLA MARITIME.DLA MARITIME COLUMBUS.DLA LAND AND MARITIME,SPE7M126T286Y,Combined Synopsis/Solicitation,334513,66,Full & Open,2026-08-18,2026-08-28,8.0,,DV7 Engineering,"Questions regarding this solicitation should be emailed to the buyer listed in block 5 of the solicitation document which can be found under the Additional Information link.
If the Additional Information link does not work, please go to https://www.dibbs.bsm.dla.mil/Solicitations/ and type the solicitation number in the Global Search box.
",DibbsBSM@dla.mil,https://sam.gov/workspace/contract/opp/131b5bf59751481dabc124cea20b8f53/view,2026-08-18
26,watch,"REQUEST FOR WHITE PAPERS BAA TOPIC: Topic 13. Biotechnology,  “Controlling polymicrobial environments as a strategy for defeating harmful organisms while promoting the growth of beneficial organisms”",DEPT OF DEFENSE.DEPT OF THE ARMY.AMC.ACC.ACC-CTRS.ACC-APG.W6QK ACC CCDC STTC,W912CG-26-S-BIOTECH,Sources Sought,541715,AJ11,No Set aside used,2026-08-05,2026-08-31,11.9,,DV7 Engineering,Mr. Matthew Whipple ,usarmy.natick.devcom-sc.mbx.osi-spod@army.mil,https://sam.gov/workspace/contract/opp/75965af4407a44b7b7c0cb70413490bb/view,2026-08-17
26,watch,Customer Service Operations,"HOMELAND SECURITY, DEPARTMENT OF.US IMMIGRATION AND CUSTOMS ENFORCEMENT.CHIEF FINANCIAL OFFCER ADMINISTRATIVE SERVICES",CFO_CUST_SVC_OPS,Presolicitation,541611,R408,Small Business Set Aside - Total,2026-08-04,2026-09-01,12.6,"Washington, DC",,Valerie Phillips,Valerie.Phillips@ice.dhs.gov,https://sam.gov/workspace/contract/opp/8ae534e62e0642999ce852e2cb2fdece/view,2026-08-14
26,watch,PMX-281 FOR PROGRAM/PROJECT MANAGEMENT SERVICES ,DEPT OF DEFENSE.DEPT OF THE NAVY.NAVAIR.NAVAIR NAWC AD.NAVAL AIR WARFARE CENTER AIR DIV,N00421-26-RFPREQ-WPM281-0139,Sources Sought,541330,R408,Small Business Set Aside - Total,2026-08-19,2026-09-03,14.4,,,Timothy Baumgardner,timothy.k.baumgardner.civ@us.navy.mil,https://sam.gov/workspace/contract/opp/2aecd5f6213a494f8bdf8a55202d9404/view,2026-08-19
26,watch,DD01--WILMAC Call Recording Extraction Service Base New  requirement,"VETERANS AFFAIRS, DEPARTMENT OF.VETERANS AFFAIRS, DEPARTMENT OF.TECHNOLOGY ACQUISITION CENTER NJ (36C10B)",36C10B26Q0450,Sources Sought,541519,DD01,Small Business Set Aside - Total,2026-08-07,2026-09-03,14.9,,,Belinda Espindola,belinda.espindola@va.gov,https://sam.gov/workspace/contract/opp/235933040deb41a995f39c760c402aae/view,2026-08-14
26,watch,Regional MENA - EE Digital Infrastructure Opportunities Project Scoping Services,UNITED STATES TRADE AND DEVELOPMENT AGENCY.UNITED STATES TRADE AND DEVELOPMENT AGENCY.US TRADE AND DEVELOPMENT AGENCY,1131PL26R0058,Combined Synopsis/Solicitation,541690,R499,Small Business Set Aside - Total,2026-08-14,2026-09-11,22.7,VA,,Vallerie Pringle,vpringle@ustda.gov,https://sam.gov/workspace/contract/opp/95cc192026ca4ac9b3b922c88686415f/view,2026-08-17
26,watch,EUROPE AND EURASIA DIGITAL INFRASTRUCTURE PROJECT SCOPING SERVICES,UNITED STATES TRADE AND DEVELOPMENT AGENCY.UNITED STATES TRADE AND DEVELOPMENT AGENCY.US TRADE AND DEVELOPMENT AGENCY,1131PL26R0058,Combined Synopsis/Solicitation,541690,R499,Small Business Set Aside - Total,2026-08-18,2026-09-11,22.7,VA,,Vallerie Pringle,vpringle@ustda.gov,https://sam.gov/workspace/contract/opp/622d7e3138fe433791c69928021610cf/view,2026-08-19
26,watch,"ONR Portfolio Management and Code 011 Strategy, Policy, Plans, and Assessment (SPPA) Directorate Support Services",DEPT OF DEFENSE.DEPT OF THE NAVY.ONR.ONR HQS.OFFICE OF NAVAL RESEARCH,N0001426R4003,Solicitation,541330,R408,Service-Disabled Veteran-Owned Small Business (SDVOSB) Set-Aside (FAR 19.14),2026-08-11,2026-09-16,27.7,,,Vivian Truman,vivian.m.truman2.civ@us.navy.mil,https://sam.gov/workspace/contract/opp/518ec681c7114232a76d840921c97168/view,2026-08-14
26,watch,RFI for Next Generation Hypersonic Cruise Missiles,DEPT OF DEFENSE.DEFENSE ADVANCED RESEARCH PROJECTS AGENCY  (DARPA).DEF ADVANCED RESEARCH PROJECTS AGCY,DARPA-SN-26-93,Special Notice,541715,AC12,Full & Open,2026-08-07,2026-10-06,47.7,,DV7 Engineering,TTO Acquisition Team,DARPA-SN-26-93@darpa.mil,https://sam.gov/workspace/contract/opp/1ea684979ef64a88a4498faa84469c93/view,2026-08-17
26,watch,R499--(New) VISN-22 Project Management Information System SaaS  (VA-26-00059514),"VETERANS AFFAIRS, DEPARTMENT OF.VETERANS AFFAIRS, DEPARTMENT OF.TECHNOLOGY ACQUISITION CENTER NJ (36C10B)",36C10B26Q0451,Sources Sought,541519,R499,Service-Disabled Veteran-Owned Small Business (SDVOSB) Set-Aside (FAR 19.14),2026-08-17,,,,,Elena Juliano,Elena.Juliano@va.gov,https://sam.gov/workspace/contract/opp/c898c12afef74a6f9cca30045f0d076a/view,2026-08-17
26,watch,Military Unique Sustainment Technology III (MUST III) Research and Development SP4701-26-B-0001,DEPT OF DEFENSE.DEFENSE LOGISTICS AGENCY.DCSO.DCSO PHILADELPHIA.DCSO PHILADELPHIA,SP470126B0001_,Solicitation,541715,AC33,Full & Open,2026-08-13,2030-12-02,1566.2,,DV7 Engineering,DCSO Philadelphia R&D Mailbox,RandD.DCSO@dla.mil,https://sam.gov/workspace/contract/opp/c7652cf54cb44eacb8de64f6f3f1fe1f/view,2026-08-17
25,watch,Motor Control Panels,DEPT OF DEFENSE.DEPT OF THE ARMY.US ARMY CORPS OF ENGINEERS.ENGINEER DIVISION GREAT LAKES AND OHIO.ENDIST PITTSBURGH.W072 ENDIST PITTSBURGH,W911WN26QA061,Sources Sought,335314,6110,Small Business Set Aside - Total,2026-08-11,2026-08-20,0.6,"Morgantown, WV",DV7 Engineering,Lisa Bisnette,lisa.d.bisnette@usace.army.mil,https://sam.gov/workspace/contract/opp/4b9db8c7730d426ca5def108aa71aa5b/view,2026-08-17
25,watch,"61--CONTACTOR,MAGNETIC",DEPT OF DEFENSE.DEFENSE LOGISTICS AGENCY.DLA MARITIME.DLA MARITIME COLUMBUS.DLA LAND AND MARITIME,SPE7M126T283N,Combined Synopsis/Solicitation,335314,61,Service-Disabled Veteran-Owned Small Business (SDVOSB) Set-Aside (FAR 19.14),2026-08-16,2026-08-27,7.0,,DV7 Engineering,"Questions regarding this solicitation should be emailed to the buyer listed in block 5 of the solicitation document which can be found under the Additional Information link.
If the Additional Information link does not work, please go to https://www.dibbs.bsm.dla.mil/Solicitations/ and type the solicitation number in the Global Search box.
",DibbsBSM@dla.mil,https://sam.gov/workspace/contract/opp/6d4588f269c14b8f82d0f380eb3761b3/view,2026-08-17
25,watch,R499--Request for Information DGIB  RFI Q&A DGIB,"VETERANS AFFAIRS, DEPARTMENT OF.VETERANS AFFAIRS, DEPARTMENT OF.VETERANS BENEFITS ADMIN (36C10D)",36C10D26Q0163,Sources Sought,541512,R499,Full & Open,2026-08-13,2026-08-28,8.9,"Washington, DC",,Stephen M Winkler,stephen.winkler@va.gov,https://sam.gov/workspace/contract/opp/b35d9445f8ff48ccafd0fba4bc5c2cb4/view,2026-08-14
25,watch,DITCO-Pacific Services Blanket Purchase Agreement (BPA) IT and Telecommunications,DEPT OF DEFENSE.DEFENSE INFORMATION SYSTEMS AGENCY (DISA).DITCO-PAC,722673744,Sources Sought,541519,DA01,No Set aside used,2026-08-13,2026-08-28,9.1,,,Michelle E. Sato,michelle.e.sato.civ@mail.mil,https://sam.gov/workspace/contract/opp/12e7cdd402284cb78737aeb5bc6320d4/view,2026-08-14
25,watch,Oracle Cloud SCM Redwood Migration Support,"ENERGY, DEPARTMENT OF.ENERGY, DEPARTMENT OF.PRINCETON LAB - DOE CONTRACTOR",RFI_26_066_CC,Sources Sought,513210,DA10,No Set aside used,2026-08-05,2026-08-31,11.8,"Princeton, NJ",,Cheryl Colan,ccolan@pppl.gov,https://sam.gov/workspace/contract/opp/c802f7495337433d95675a72dcab3951/view,2026-08-14
25,watch,Intrinsic Market Resilience (IMR) Proposers Day,DEPT OF DEFENSE.DEFENSE ADVANCED RESEARCH PROJECTS AGENCY  (DARPA).DEF ADVANCED RESEARCH PROJECTS AGCY,DARPA-SN-26-116,Special Notice,541715,AC11,Full & Open,2026-08-17,2026-09-01,12.7,,DV7 Engineering,Solicitation Coordinator,IMR@darpa.mil,https://sam.gov/workspace/contract/opp/dc3a7c9ba65340a9882239eed2ddd85d/view,2026-08-18
25,watch,"DAF Battle Network ""Megatron"" MAC IDIQ",DEPT OF DEFENSE.DEPT OF THE AIR FORCE.AIR FORCE MATERIEL COMMAND.AIR FORCE LIFE CYCLE MANAGEMENT CENTER.CYBER AND NETWORKS.FA8612  AFLCMC C3BM C3,FA861227RB001,Special Notice,541715,AC13,Small Business Set Aside - Partial,2026-08-05,,,,DV7 Engineering,Julie Payne,julianne.payne@us.af.mil,https://sam.gov/workspace/contract/opp/f67dfc9bc15d4a7a88d0c049b18eef5d/view,2026-08-17
24,watch,AF TENCAP RFI: PROCUREMENT OF C-130/L-382 NON-PERMANENT ROLL-ON/ROLL-OFF BEYOND LINE-OF-SIGHT (BLOS) DUAL-BAND SATCOM & GPS HATCH SYSTEMS,"DEPT OF DEFENSE.DEPT OF THE AIR FORCE.AIR FORCE MATERIEL COMMAND.AIR FORCE LIFE CYCLE MANAGEMENT CENTER.INTELLIGENCE, SURVEILLANCE, RECONNAISSANCE.FA8691  AFLCMC WINK      SENSORS",TNCP_26_0001,Sources Sought,334511,,Full & Open,2026-08-14,2026-08-21,1.8,"Colorado Springs, CO",DV7 Engineering,Jordan Poling,jordan.poling@us.af.mil,https://sam.gov/workspace/contract/opp/c8bde1235a0e4920b325ad2a5cf1343b/view,2026-08-17
24,watch,"66--MAGNETIC PICKUP,TRANSD",DEPT OF DEFENSE.DEFENSE LOGISTICS AGENCY.DLA AVIATION.DLA AV RICHMOND.DLA AVIATION,SPE4A526T366T,Combined Synopsis/Solicitation,334513,66,Small Business Set Aside - Total,2026-08-16,2026-08-24,4.0,,DV7 Engineering,"Questions regarding this solicitation should be emailed to the buyer listed in block 5 of the solicitation document which can be found under the Additional Information link.
If the Additional Information link does not work, please go to https://www.dibbs.bsm.dla.mil/Solicitations/ and type the solicitation number in the Global Search box.
",DibbsBSM@dla.mil,https://sam.gov/workspace/contract/opp/e05f1db2c0d6403db606e0cc971e7ac2/view,2026-08-17
24,watch,"66--TRANSMITTER,PRESSUR",DEPT OF DEFENSE.DEFENSE LOGISTICS AGENCY.DLA AVIATION.DLA AV RICHMOND.DLA AVIATION,SPE4A526T357X,Combined Synopsis/Solicitation,334513,66,Small Business Set Aside - Total,2026-08-16,2026-08-24,4.0,,DV7 Engineering,"Questions regarding this solicitation should be emailed to the buyer listed in block 5 of the solicitation document which can be found under the Additional Information link.
If the Additional Information link does not work, please go to https://www.dibbs.bsm.dla.mil/Solicitations/ and type the solicitation number in the Global Search box.
",DibbsBSM@dla.mil,https://sam.gov/workspace/contract/opp/ccf7cbba791b4c6d9ca43ecbdf7175e0/view,2026-08-17
24,watch,"66--SWITCH,LIQUID LEVEL",DEPT OF DEFENSE.DEFENSE LOGISTICS AGENCY.DLA AVIATION.DLA AV RICHMOND.DLA AVIATION,SPE4A626T17MD,Combined Synopsis/Solicitation,334513,66,Small Business Set Aside - Total,2026-08-16,2026-08-24,4.0,,DV7 Engineering,"Questions regarding this solicitation should be emailed to the buyer listed in block 5 of the solicitation document which can be found under the Additional Information link.
If the Additional Information link does not work, please go to https://www.dibbs.bsm.dla.mil/Solicitations/ and type the solicitation number in the Global Search box.
",DibbsBSM@dla.mil,https://sam.gov/workspace/contract/opp/c43efa25cbd848aca664516e7e60d5f8/view,2026-08-17
24,watch,66--THREADED AIR SWIVEL AN,DEPT OF DEFENSE.DEFENSE LOGISTICS AGENCY.DLA AVIATION.DLA AV RICHMOND.DLA AVIATION,SPE4A626T18LM,Combined Synopsis/Solicitation,334513,66,Small Business Set Aside - Total,2026-08-16,2026-08-24,4.0,,DV7 Engineering,"Questions regarding this solicitation should be emailed to the buyer listed in block 5 of the solicitation document which can be found under the Additional Information link.
If the Additional Information link does not work, please go to https://www.dibbs.bsm.dla.mil/Solicitations/ and type the solicitation number in the Global Search box.
",DibbsBSM@dla.mil,https://sam.gov/workspace/contract/opp/9f582f49629249dc8a5c8df1c49cfefd/view,2026-08-17
24,watch,"66--ROTOR ASSEMBLY,PITC",DEPT OF DEFENSE.DEFENSE LOGISTICS AGENCY.DLA AVIATION.DLA AV RICHMOND.DLA AVIATION,SPE4A526T359P,Combined Synopsis/Solicitation,334511,66,Small Business Set Aside - Total,2026-08-16,2026-08-24,4.0,,DV7 Engineering,"Questions regarding this solicitation should be emailed to the buyer listed in block 5 of the solicitation document which can be found under the Additional Information link.
If the Additional Information link does not work, please go to https://www.dibbs.bsm.dla.mil/Solicitations/ and type the solicitation number in the Global Search box.
",DibbsBSM@dla.mil,https://sam.gov/workspace/contract/opp/f60de73454e14002b9804f82f7328add/view,2026-08-17
24,watch,"66--COMPASS,MAGNETIC,MOUNT",DEPT OF DEFENSE.DEFENSE LOGISTICS AGENCY.DLA AVIATION.DLA AV RICHMOND.DLA AVIATION,SPE4A726T665M,Combined Synopsis/Solicitation,334511,66,Small Business Set Aside - Total,2026-08-16,2026-08-24,4.0,,DV7 Engineering,"Questions regarding this solicitation should be emailed to the buyer listed in block 5 of the solicitation document which can be found under the Additional Information link.
If the Additional Information link does not work, please go to https://www.dibbs.bsm.dla.mil/Solicitations/ and type the solicitation number in the Global Search box.
",DibbsBSM@dla.mil,https://sam.gov/workspace/contract/opp/df241028b41c4e359a794a8d30c15fa0/view,2026-08-17
24,watch,"66--TRANSDUCER,LINEAR",DEPT OF DEFENSE.DEFENSE LOGISTICS AGENCY.DLA AVIATION.DLA AV RICHMOND.DLA AVIATION,SPE4A526T361T,Combined Synopsis/Solicitation,334511,66,Small Business Set Aside - Total,2026-08-16,2026-08-24,4.0,,DV7 Engineering,"Questions regarding this solicitation should be emailed to the buyer listed in block 5 of the solicitation document which can be found under the Additional Information link.
If the Additional Information link does not work, please go to https://www.dibbs.bsm.dla.mil/Solicitations/ and type the solicitation number in the Global Search box.
",DibbsBSM@dla.mil,https://sam.gov/workspace/contract/opp/b94ed5cb97944883b4ae6231d8142f2f/view,2026-08-17
24,watch,"66--TRANSMITTER,POSITIO",DEPT OF DEFENSE.DEFENSE LOGISTICS AGENCY.DLA AVIATION.DLA AV RICHMOND.DLA AVIATION,SPE4A726T660H,Combined Synopsis/Solicitation,334511,66,Small Business Set Aside - Total,2026-08-16,2026-08-24,4.0,,DV7 Engineering,"Questions regarding this solicitation should be emailed to the buyer listed in block 5 of the solicitation document which can be found under the Additional Information link.
If the Additional Information link does not work, please go to https://www.dibbs.bsm.dla.mil/Solicitations/ and type the solicitation number in the Global Search box.
",DibbsBSM@dla.mil,https://sam.gov/workspace/contract/opp/852e5f373570429d9a38d3cc8a504306/view,2026-08-17
24,watch,"66--TRANSMITTER,LIQUID",DEPT OF DEFENSE.DEFENSE LOGISTICS AGENCY.DLA AVIATION.DLA AV RICHMOND.DLA AVIATION,SPE4A626T19AE,Combined Synopsis/Solicitation,334513,66,Small Business Set Aside - Total,2026-08-18,2026-08-25,5.0,,DV7 Engineering,"Questions regarding this solicitation should be emailed to the buyer listed in block 5 of the solicitation document which can be found under the Additional Information link.
If the Additional Information link does not work, please go to https://www.dibbs.bsm.dla.mil/Solicitations/ and type the solicitation number in the Global Search box.
",DibbsBSM@dla.mil,https://sam.gov/workspace/contract/opp/7ecdb723a33841d798ba024262ef65c5/view,2026-08-18
24,watch,"66--QUADRANT,INDICATOR",DEPT OF DEFENSE.DEFENSE LOGISTICS AGENCY.DLA AVIATION.DLA AV RICHMOND.DLA AVIATION,SPE4A526T376Y,Combined Synopsis/Solicitation,334511,66,Small Business Set Aside - Total,2026-08-19,2026-08-26,6.0,,DV7 Engineering,"Questions regarding this solicitation should be emailed to the buyer listed in block 5 of the solicitation document which can be found under the Additional Information link.
If the Additional Information link does not work, please go to https://www.dibbs.bsm.dla.mil/Solicitations/ and type the solicitation number in the Global Search box.
",DibbsBSM@dla.mil,https://sam.gov/workspace/contract/opp/af2f4362ecd64451a571badf1db297af/view,2026-08-19
24,watch,TEPS III for NRLFO Records Admin Assistant Service,"ENERGY, DEPARTMENT OF.ENERGY, DEPARTMENT OF.NNSA NAVAL REACTORS LAB FLD OFFICE",89233026QNR000056,Solicitation,541611,R617,Small Business Set Aside - Total,2026-08-13,2026-08-28,8.6,,,"Renkes, Kristen L.",Kristen.Renkes@unnpp.gov,https://sam.gov/workspace/contract/opp/c103739181434f818652918debf33152/view,2026-08-14
24,watch,TEPS III for NRLFO Audit I,"ENERGY, DEPARTMENT OF.ENERGY, DEPARTMENT OF.NNSA NAVAL REACTORS LAB FLD OFFICE",89233026QNR000057,Solicitation,541611,R499,Small Business Set Aside - Total,2026-08-13,2026-08-28,8.6,,,"Renkes, Kristen L.",Kristen.Renkes@unnpp.gov,https://sam.gov/workspace/contract/opp/42d10c4e5467462a8839b37e5bae12e3/view,2026-08-14
24,watch,"ACCELEROMETER,MECHA",DEPT OF DEFENSE.DEPT OF THE NAVY.NAVSUP.NAVSUP WEAPON SYSTEMS SUPPORT.NAVSUP WSS MECHANICSBURG.NAVSUP WEAPON SYSTEMS SUPPORT MECH,N0010426QNE28,Solicitation,334511,6610,Full & Open,2026-08-07,2026-09-08,19.8,,DV7 Engineering,Telephone: 7176057296,RACHEL.E.KERN4.CIV@US.NAVY.MIL,https://sam.gov/workspace/contract/opp/0835885be5bd4fcdb7177b4d921c179f/view,2026-08-17
24,watch,"66--INERTIAL SYSTEM NAV, IN REPAIR/MODIFICATION OF",DEPT OF DEFENSE.DEPT OF THE NAVY.NAVSUP.NAVSUP WEAPON SYSTEMS SUPPORT.NAVSUP WSS PHILADELPHIA.NAVSUP WEAPON SYSTEMS SUPPORT,N0038326RMA86,Solicitation,334511,6605,Full & Open,2026-08-12,2026-09-11,22.7,,DV7 Engineering,Telephone: 2156974313,PETER.A.KOBRYN.CIV@US.NAVY.MIL,https://sam.gov/workspace/contract/opp/191c78d63bf9425a8258ae1e77f1e0f2/view,2026-08-17
24,watch,"GAGE,PRESSURE,DIAL",DEPT OF DEFENSE.DEPT OF THE NAVY.NAVSUP.NAVSUP WEAPON SYSTEMS SUPPORT.NAVSUP WSS MECHANICSBURG.NAVSUP WEAPON SYSTEMS SUPPORT MECH,N0010426QYADQ,Solicitation,334513,6685,Full & Open,2026-08-14,2026-09-14,25.8,,DV7 Engineering,Telephone: 2156970000,DEJA.S.THOMPSON-MITCHELL.CIV@US.NAVY.MIL,https://sam.gov/workspace/contract/opp/daa29bd592f84668a13ecfe8c1046379/view,2026-08-17
24,watch,HADES (Hybrid Architecture and Development for Experimental Systems) Request for Proposal,DEPT OF DEFENSE.DEPT OF THE AIR FORCE.FA8809 SDA AND CMBT PWR SSC/SZK-IK,FA8809-26-R-B002,Solicitation,541715,R425,No Set aside used,2026-08-06,2026-09-17,28.8,"0, NM",DV7 Engineering,Lt Col John Purcell,john.purcell.3@spaceforce.mil,https://sam.gov/workspace/contract/opp/0eff0183bfae444cb9b1ef19c1721959/view,2026-08-17
24,watch,Relentless Wolfpack,DEPT OF DEFENSE.DEPT OF THE AIR FORCE.AIR FORCE MATERIEL COMMAND.AIR FORCE RESEARCH LABORATORY.FA8651 AFRL RAZ,FA239123S2403RWCALL01RASouth,Solicitation,541715,AC13,No Set aside used,2026-08-19,2026-10-02,43.7,,DV7 Engineering,Jace Hilton,jace.hilton@us.af.mil,https://sam.gov/workspace/contract/opp/da141322383e4952a236cc727c157e05/view,2026-08-19
24,watch,PIGA Float Assembly Repair Program,DEPT OF DEFENSE.DEPT OF THE AIR FORCE.AIR FORCE MATERIEL COMMAND.AIR FORCE NUCLEAR WEAPON CENTER.INTERCONTINENTAL BALLISTIC MISSILE.FA8214  AFNWC PZBB,FA821426RB002,Solicitation,334511,J014,Full & Open,2026-08-11,2026-10-05,46.7,,DV7 Engineering,Jeremy Bruening,jeremy.bruening@us.af.mil,https://sam.gov/workspace/contract/opp/bcfe9b4b31ec4e90a80b953d20e41ffd/view,2026-08-17
24,watch,"PROCESSOR,FLIGHT IN",DEPT OF DEFENSE.DEPT OF THE NAVY.NAVSUP.NAVSUP WEAPON SYSTEMS SUPPORT.NAVSUP WSS PHILADELPHIA.NAVSUP WEAPON SYSTEMS SUPPORT,N0038326QAA62,Solicitation,334511,6610,Full & Open,2026-08-14,2026-10-13,54.8,,DV7 Engineering,Telephone: 2156973848,SARA.M.WEINERT3.CIV@US.NAVY.MIL,https://sam.gov/workspace/contract/opp/7356dbc3305847bd9034f5abf44a2abc/view,2026-08-17
23,pass,Request for Information (RFI) - Enforcement and Removal Operations (ERO) Adaptive Operations and Maintenance,"HOMELAND SECURITY, DEPARTMENT OF.US IMMIGRATION AND CUSTOMS ENFORCEMENT.INFORMATION TECHNOLOGY DIVISION",192126CIOSDD20030,Sources Sought,541519,,Full & Open,2026-08-14,2026-08-20,0.5,"Washington, DC",,Michelle Taylor,michelle.l.taylor@ice.dhs.gov,https://sam.gov/workspace/contract/opp/d409e3b51a52476788a360095ae4cdea/view,2026-08-14
23,pass,AFRAT GNS3 Global Navigation Satellite System,DEPT OF DEFENSE.DEPT OF THE AIR FORCE.AIR FORCE MATERIEL COMMAND.AIR FORCE LIFE CYCLE MANAGEMENT CENTER.FA8601  AFLCMC PZIO,FA860126Q0132,Combined Synopsis/Solicitation,334511,6655,Small Business Set Aside - Total,2026-08-18,2026-09-01,12.8,"Wright Patterson AFB, OH",DV7 Engineering,Claire Hess,claire.hess@us.af.mil,https://sam.gov/workspace/contract/opp/62e7a3407a2b44409bd4e166a952976c/view,2026-08-19
23,pass,CISA Strategic Cyber Tools Buying,GENERAL SERVICES ADMINISTRATION.FEDERAL ACQUISITION SERVICE.GSA FAS AAS REGION 8,47QFRA26K0008,Sources Sought,541519,,No Set aside used,2026-08-12,2026-09-01,12.9,"Washington, DC",,Michael Banks,michael.banks@gsa.gov,https://sam.gov/workspace/contract/opp/a12bcbd9bfbc4e3ea64a0f8db379df70/view,2026-08-14
23,pass,CISA Strategic Cyber Tools Buying,GENERAL SERVICES ADMINISTRATION.FEDERAL ACQUISITION SERVICE.GSA FAS AAS REGION 8,47QFRA26K0008,Sources Sought,541519,,No Set aside used,2026-08-18,2026-09-01,12.9,"Washington, DC",,Michael Banks,michael.banks@gsa.gov,https://sam.gov/workspace/contract/opp/49ab03f46457487d8fc2b471b904892b/view,2026-08-19
23,pass,Assessment UNICOR Ecommerce Backend Environment,"JUSTICE, DEPARTMENT OF.FEDERAL PRISON INDUSTRIES, INC.FEDERAL PRISON INDUSTRIES, INC",SV0234-26,Sources Sought,541512,DA01,No Set aside used,2026-08-19,2026-09-02,13.8,"Washington, DC",,Chad Privett,chad.privett2@usdoj.gov,https://sam.gov/workspace/contract/opp/685b0e2194664a788fe7ba25d76dfa7e/view,2026-08-19
23,pass,J065--BD PYXIS (CATO) Maintenance Support Services,"VETERANS AFFAIRS, DEPARTMENT OF.VETERANS AFFAIRS, DEPARTMENT OF.NETWORK CONTRACT OFFICE 23 (36C263)",36C26326Q1034,Sources Sought,541519,J065,Full & Open,2026-08-17,2026-09-04,15.9,,,Joshua I Imdacha,Joshua.Imdacha@va.gov,https://sam.gov/workspace/contract/opp/51c236ca4586473ba1a228b669e6ded5/view,2026-08-17
23,pass,Procurement of Computer Software for Laboratory Testing,"VETERANS AFFAIRS, DEPARTMENT OF.VETERANS AFFAIRS, DEPARTMENT OF.260-NETWORK CONTRACT OFFICE 20 (36C260)",36C26026Q0932,Sources Sought,513210,DA10,No Set aside used,2026-08-14,2026-09-07,18.7,"Walla Walla, WA",,Hector D. Baltazar,hector.baltazar@va.gov,https://sam.gov/workspace/contract/opp/31871808c91a40be842f003df47ca980/view,2026-08-17
23,pass,R--LANDSAT TRI-BAND ANTENNA PROJECT,"INTERIOR, DEPARTMENT OF THE.US GEOLOGICAL SURVEY.OFC OF ACQUSITION  GRANTS-NATIONAL",DOIGFBO260032,Sources Sought,541330,R425,Full & Open,2026-08-10,2026-09-09,20.7,,,"Hardy, Terrence",trhardy@usgs.gov,https://sam.gov/workspace/contract/opp/cda3d97dcd484e04835a2f1fa1608365/view,2026-08-14
23,pass,JTS Curriculum Development and Support,DEPT OF DEFENSE.DEPT OF THE NAVY.NAVSUP.NAVSUP GLOBAL LOGISTICS SUPPORT.NAVSUP FLC NORFOLK.NAVSUP FLT LOG CTR NORFOLK,N0018926QD121,Solicitation,541330,R408,No Set aside used,2026-08-11,2026-09-11,22.9,VA,,"David Benham 2156979644 David Benham
2156979644",david.m.benham@navy.mil,https://sam.gov/workspace/contract/opp/5c7f54f562d34cde905c634de9bc5a49/view,2026-08-14
23,pass,JWCC UCM Core Draft Solicitation,DEPT OF DEFENSE.DEFENSE INFORMATION SYSTEMS AGENCY (DISA).DISA PL8,852571198,Solicitation,518210,DB10,No Set aside used,2026-08-14,2026-09-14,25.7,"Arlington, VA",,Megan Toennies,megan.c.toennies.civ@mail.mil,https://sam.gov/workspace/contract/opp/101c031c47c942a194a0122f20adb68a/view,2026-08-17
23,pass,RWP Independent Air Supply,DEPT OF DEFENSE.DEPT OF THE AIR FORCE.AIR FORCE MATERIEL COMMAND.AIR FORCE TEST CENTER.FA9101  AEDC PKP   PROCRMNT BR,FA9101269IAS,Presolicitation,541330,4310,Full & Open,2026-08-18,2026-09-18,29.8,"0, TN",,Haley Smith,haley.smith.10@us.af.mil,https://sam.gov/workspace/contract/opp/c700a5c11b214bcc940364cc51aaf173/view,2026-08-19
23,pass,"Global Aircrew Strategic Network Terminal Increment 2, Block 2 (GASNTi2b2) Industry Day - Initial Notice","DEPT OF DEFENSE.DEPT OF THE AIR FORCE.AIR FORCE MATERIEL COMMAND.AIR FORCE NUCLEAR WEAPON CENTER.NUCLEAR COMMAND, CONTROL & COMMUNICATION WEAPON.FA8735 NUCLEAR NTW DIV AFNWC PZHN",GASNTi2b2_IND_DAY_INT_NOTICE_541512,Special Notice,541512,,Full & Open,2026-08-11,2026-10-21,62.8,"0, MA",,Leslie Cooper,leslie.cooper@us.af.mil,https://sam.gov/workspace/contract/opp/74b66e84dd7645c2bf3de452b1ab5236/view,2026-08-14
23,pass,Simulator Collection for Atomic to Continuum Scales (SCACS),"ENERGY, DEPARTMENT OF.ENERGY, DEPARTMENT OF.TRIAD - DOE CONTRACTOR",S-196281,Special Notice,541715,AN15,No Set aside used,2026-08-18,2027-02-15,180.0,"Los Alamos, NM",DV7 Engineering,Satya Srinivasan,licensing@lanl.gov,https://sam.gov/workspace/contract/opp/029b879da2a24cbb8152d12114f61576/view,2026-08-19
22,pass,SOURCES SOUGHT: ERDC Watercraft and Ship Simulator Support Services Multiple Award Task Order Contract,DEPT OF DEFENSE.DEPT OF THE ARMY.US ARMY CORPS OF ENGINEERS.SCO ALEXANDRIA.ENGINEER RESEARCH AND DEVELOPMENT CENTER.W2R2 USA ENGR R & D CTR,PANERD-26-P-0000-027124,Sources Sought,541715,R425,Full & Open,2026-08-12,2026-08-21,1.8,,DV7 Engineering,William Rawe,william.t.rawe@usace.army.mil,https://sam.gov/workspace/contract/opp/08bd72d5708e4668984ac841fd2e946e/view,2026-08-17
22,pass,"***RFI*** 56 SFS Custom, Mobile Marksmanship Training Simulator",DEPT OF DEFENSE.DEPT OF THE AIR FORCE.AIR EDUCATION AND TRAINING COMMAND.FA4887  56 CONS CC,F2U3556225A001,Sources Sought,541519,6920,Small Business Set Aside - Total,2026-08-17,2026-08-24,4.7,"Luke Air Force Base, AZ",,Rachel Tilley,rachel.tilley.1@us.af.mil,https://sam.gov/workspace/contract/opp/b42d8680e57f4985bdcb1f357dd543c2/view,2026-08-17
22,pass,"***RFI*** 56 SFS Custom, Mobile Marksmanship Training Simulator",DEPT OF DEFENSE.DEPT OF THE AIR FORCE.AIR EDUCATION AND TRAINING COMMAND.FA4887  56 CONS CC,F2U3556225A001,Sources Sought,541519,6920,Small Business Set Aside - Total,2026-08-18,2026-08-24,4.7,"Luke Air Force Base, AZ",,Rachel Tilley,rachel.tilley.1@us.af.mil,https://sam.gov/workspace/contract/opp/e713e948e9e24eb29c6cd035f3e6b0dc/view,2026-08-19
22,pass,"SOLE SOURCE: TRIMBLE R980 Real Time Receiver Systems for the National Ocean Service National Geodetic Survey Division in Silver Spring, MD.","COMMERCE, DEPARTMENT OF.NATIONAL OCEANIC AND ATMOSPHERIC ADMINISTRATION.DEPT OF COMMERCE NOAA",141011-26-0083,Presolicitation,334511,6655,No Set aside used,2026-08-14,2026-08-29,9.5,"Silver Spring, MD",DV7 Engineering,NIKKI SMITH,nikki.smith@noaa.gov,https://sam.gov/workspace/contract/opp/b1c83b41f2534c68906fa11b98bbabb0/view,2026-08-17
22,pass,Tango Card Inc. Clinical Studies Gift Cards,DEPT OF DEFENSE.DEFENSE HEALTH AGENCY (DHA),HT942726CC0016,Special Notice,541990,R708,No Set aside used,2026-08-13,2026-08-29,9.6,"Bethesda, MD",,Christopher Cook,christopher.l.cook68.civ@health.mil,https://sam.gov/workspace/contract/opp/5cb7a3697392420684e24070e98849fa/view,2026-08-17
22,pass,FGEN Support Services,DEPT OF DEFENSE.DEPT OF THE NAVY.NAVSUP.NAVSUP GLOBAL LOGISTICS SUPPORT.NAVSUP FLC NORFOLK.NAVSUP FLT LOG CTR NORFOLK,N0018926Q3106,Solicitation,541330,R405,Small Business Set Aside - Total,2026-08-15,2026-09-03,14.7,,,Elysia Allen,elysia.m.allen2.civ@us.navy.mil,https://sam.gov/workspace/contract/opp/ae76519ff6254b19b386919864ee6f37/view,2026-08-17
22,pass,FGEN Support Services,DEPT OF DEFENSE.DEPT OF THE NAVY.NAVSUP.NAVSUP GLOBAL LOGISTICS SUPPORT.NAVSUP FLC NORFOLK.NAVSUP FLT LOG CTR NORFOLK,N0018926Q3106,Solicitation,541330,R405,Small Business Set Aside - Total,2026-08-19,2026-09-03,14.7,,,Elysia Allen,elysia.m.allen2.civ@us.navy.mil,https://sam.gov/workspace/contract/opp/d3054afe45bf4ebcb994023d5a219d1d/view,2026-08-19
22,pass,CWMS Database Authorization Maintenance and Improvements,DEPT OF DEFENSE.DEPT OF THE ARMY.US ARMY CORPS OF ENGINEERS.SCO ALEXANDRIA.ENGINEER CENTER SUPPORT ACT HUMPHREYS.W4LD USA HECSA,PANHEC-26-P-0000-026407,Combined Synopsis/Solicitation,541511,DA01,Small Business Set Aside - Total,2026-08-19,2026-09-03,14.8,,,David A. Kaplan,david.a.kaplan@usace.army.mil,https://sam.gov/workspace/contract/opp/d9edb53d4332447cb781c04bc2391a3d/view,2026-08-19
22,pass,Scientific Evidence Evaluation and Knowledge Integration for Translational Toxicology,"HEALTH AND HUMAN SERVICES, DEPARTMENT OF.NATIONAL INSTITUTES OF HEALTH.NATIONAL INSTITUTE OF  HEALTH NIEHS",PreSol_75N96026R00002,Presolicitation,541715,AJ12,Full & Open,2026-08-19,2026-09-03,14.8,,DV7 Engineering,Lisa Schaupp,lisa.schaupp@nih.gov,https://sam.gov/workspace/contract/opp/be944b9c673e44f99994ed453a6b1934/view,2026-08-19
22,pass,"Professional consulting services to conduct a comprehensive law enforcement-focused assessment of hydrocarbon theft, diversion, and trafficking in Ecuador and to develop an implementation-ready Project Design Framework","STATE, DEPARTMENT OF.STATE, DEPARTMENT OF.US EMBASSY QUITO",19EC7526Q0011,Solicitation,541611,R408,No Set aside used,2026-08-14,2026-09-04,15.7,"Quito, EC-P",,Matthew Madden,MaddenMD@state.gov,https://sam.gov/workspace/contract/opp/41f6b3cc907c4371a60fc27c8393c646/view,2026-08-17
22,pass,Shaw OS2 High Speed Fiber Optic Cable,DEPT OF DEFENSE.DEPT OF THE AIR FORCE.AIR COMBAT COMMAND.FA4803  20 CONS LGCA,FA480326Q0112,Solicitation,541519,R425,Small Business Set Aside - Total,2026-08-18,2026-09-07,18.6,"0, SC",,1st Lt Hannah Baratz,hannah.baratz@us.af.mil,https://sam.gov/workspace/contract/opp/1b75402d27cd4c678db3fb2049f470ba/view,2026-08-19
22,pass,FY26 CRRP Gate-1 Cylinder Rebuild,DEPT OF DEFENSE.DEPT OF THE ARMY.US ARMY CORPS OF ENGINEERS.ENGINEER DIVISION SOUTH ATLANTIC.ENDIST CHARLESTON.W074 ENDIST CHARLESTON,W912HP26QA014,Combined Synopsis/Solicitation,541990,J045,Small Business Set Aside - Total,2026-08-06,2026-09-08,19.7,,,JOSHUA GOULD,joshua.t.gould@usace.army.mil,https://sam.gov/workspace/contract/opp/a76639f9dc754c0ca6b6794f4eb17166/view,2026-08-17
22,pass,G6 AV Support Services,DEPT OF DEFENSE.US SPECIAL OPERATIONS COMMAND (USSOCOM).MARSOC H92257,H9225726RE030,Solicitation,541990,R499,Small Business Set Aside - Total,2026-08-10,2026-09-10,21.6,"Sneads Ferry, NC",,Spenser Gagnon,spenser.e.gagnon.civ@socom.mil,https://sam.gov/workspace/contract/opp/45bd7d52c937408a95ad6e8faee5fb58/view,2026-08-17
22,pass,Intent to Award Sole/Single Source: Centrifuge and Research Altitude Chambers (C/RAC) Operations,DEPT OF DEFENSE.DEPT OF THE AIR FORCE.AIR FORCE MATERIEL COMMAND.AIR FORCE RESEARCH LABORATORY.FA2396 USAF AFMC AFRL PZL AFRL PZLE,IASS-AFRL-RMZB-2026-0044,Special Notice,541330,R425,No Set aside used,2026-08-11,2026-09-10,21.9,"Wright Patterson AFB, OH",,Jason Sav,jason.sav@us.af.mil,https://sam.gov/workspace/contract/opp/c700c3ab94c447e085cce567e3f871ec/view,2026-08-14
22,pass,"Geostationary Littoral Imaging and Monitoring Radiometer (GLIMR) Access to Space (ATS) “GLIMR ATS""",NATIONAL AERONAUTICS AND SPACE ADMINISTRATION.NATIONAL AERONAUTICS AND SPACE ADMINISTRATION.NASA LANGLEY RESEARCH CENTER,80LARC26R0002,Solicitation,541715,AR15,No Set aside used,2026-08-11,2026-09-11,22.7,"Hampton, VA",DV7 Engineering,Ashley Korahaes,larc-glimr-ats@mail.nasa.gov,https://sam.gov/workspace/contract/opp/1321a56e37f24e59b51a72828369c9c7/view,2026-08-17
22,pass,Long Range BAA for the Undersea Security Program,DEPT OF DEFENSE.DEPT OF THE NAVY.SSP.PAE STRATEGIC SYSTEMS PROGRAMS,N00030-23-S-7002,Special Notice,541715,R425,Full & Open,2026-08-05,2027-08-10,356.1,,DV7 Engineering,David Shriner,david.shriner@ssp.navy.mil,https://sam.gov/workspace/contract/opp/4edd1ed93a3a442f84b06eb85f127973/view,2026-08-17
21,pass,"61--CONTACTOR,MAGNETIC",DEPT OF DEFENSE.DEFENSE LOGISTICS AGENCY.DLA MARITIME.DLA MARITIME COLUMBUS.DLA LAND AND MARITIME,SPE7M126T282R,Combined Synopsis/Solicitation,335314,61,Small Business Set Aside - Total,2026-08-13,2026-08-24,4.0,,DV7 Engineering,"Questions regarding this solicitation should be emailed to the buyer listed in block 5 of the solicitation document which can be found under the Additional Information link.
If the Additional Information link does not work, please go to https://www.dibbs.bsm.dla.mil/Solicitations/ and type the solicitation number in the Global Search box.
",DibbsBSM@dla.mil,https://sam.gov/workspace/contract/opp/394948af71874754abe77ce17c45de91/view,2026-08-17
21,pass,66--INDICATOR PRESSURE,DEPT OF DEFENSE.DEFENSE LOGISTICS AGENCY.DLA AVIATION.DLA AV RICHMOND.DLA AVIATION,SPE4A526T366N,Combined Synopsis/Solicitation,334513,66,Full & Open,2026-08-16,2026-08-24,4.0,,DV7 Engineering,"Questions regarding this solicitation should be emailed to the buyer listed in block 5 of the solicitation document which can be found under the Additional Information link.
If the Additional Information link does not work, please go to https://www.dibbs.bsm.dla.mil/Solicitations/ and type the solicitation number in the Global Search box.
",DibbsBSM@dla.mil,https://sam.gov/workspace/contract/opp/ea8bcef628e1454097fa716f3c6fdb59/view,2026-08-17
21,pass,66--INDICATOR ASSEMBLY,DEPT OF DEFENSE.DEFENSE LOGISTICS AGENCY.DLA AVIATION.DLA AV RICHMOND.DLA AVIATION,SPE4A526T364H,Combined Synopsis/Solicitation,334513,66,Full & Open,2026-08-16,2026-08-24,4.0,,DV7 Engineering,"Questions regarding this solicitation should be emailed to the buyer listed in block 5 of the solicitation document which can be found under the Additional Information link.
If the Additional Information link does not work, please go to https://www.dibbs.bsm.dla.mil/Solicitations/ and type the solicitation number in the Global Search box.
",DibbsBSM@dla.mil,https://sam.gov/workspace/contract/opp/b35144c837154a4c8af59ddc1a8179e7/view,2026-08-17
21,pass,"66--GAGE,ABSOLUTE PRESS",DEPT OF DEFENSE.DEFENSE LOGISTICS AGENCY.DLA AVIATION.DLA AV RICHMOND.DLA AVIATION,SPE4A526T366J,Combined Synopsis/Solicitation,334513,66,Full & Open,2026-08-16,2026-08-24,4.0,,DV7 Engineering,"Questions regarding this solicitation should be emailed to the buyer listed in block 5 of the solicitation document which can be found under the Additional Information link.
If the Additional Information link does not work, please go to https://www.dibbs.bsm.dla.mil/Solicitations/ and type the solicitation number in the Global Search box.
",DibbsBSM@dla.mil,https://sam.gov/workspace/contract/opp/6bada8fdc33b4ca2a6f0771a880df30b/view,2026-08-17
21,pass,"66--METER,VOLUMETRIC POSIT",DEPT OF DEFENSE.DEFENSE LOGISTICS AGENCY.DLA AVIATION.DLA AV RICHMOND.DLA AVIATION,SPE4A526T367A,Combined Synopsis/Solicitation,334513,66,Full & Open,2026-08-16,2026-08-24,4.0,,DV7 Engineering,"Questions regarding this solicitation should be emailed to the buyer listed in block 5 of the solicitation document which can be found under the Additional Information link.
If the Additional Information link does not work, please go to https://www.dibbs.bsm.dla.mil/Solicitations/ and type the solicitation number in the Global Search box.
",DibbsBSM@dla.mil,https://sam.gov/workspace/contract/opp/0fb200bb0c0d4c2395673f52db75e25a/view,2026-08-17
21,pass,"61--CONTROL,REMOTE SWITCHI",DEPT OF DEFENSE.DEFENSE LOGISTICS AGENCY.DLA MARITIME.DLA MARITIME COLUMBUS.DLA LAND AND MARITIME,SPE7M126T273X,Combined Synopsis/Solicitation,334513,61,Small Business Set Aside - Total,2026-08-11,2026-08-24,4.0,,DV7 Engineering,"Questions regarding this solicitation should be emailed to the buyer listed in block 5 of the solicitation document which can be found under the Additional Information link.
If the Additional Information link does not work, please go to https://www.dibbs.bsm.dla.mil/Solicitations/ and type the solicitation number in the Global Search box.
",DibbsBSM@dla.mil,https://sam.gov/workspace/contract/opp/67f48987dd054f8da190380f2b440482/view,2026-08-17
21,pass,"12--RECEIVER,ASSEMBLY",DEPT OF DEFENSE.DEFENSE LOGISTICS AGENCY.DLA AVIATION.DLA AV RICHMOND.DLA AVIATION,SPE4A726T664K,Combined Synopsis/Solicitation,334511,12,Full & Open,2026-08-16,2026-08-24,4.0,,DV7 Engineering,"Questions regarding this solicitation should be emailed to the buyer listed in block 5 of the solicitation document which can be found under the Additional Information link.
If the Additional Information link does not work, please go to https://www.dibbs.bsm.dla.mil/Solicitations/ and type the solicitation number in the Global Search box.
",DibbsBSM@dla.mil,https://sam.gov/workspace/contract/opp/1a7e17699d0a4557b2131caf7d184011/view,2026-08-17
21,pass,66--ANEROID ASSEMBLY,DEPT OF DEFENSE.DEFENSE LOGISTICS AGENCY.DLA AVIATION.DLA AV RICHMOND.DLA AVIATION,SPE4A726T664V,Combined Synopsis/Solicitation,334511,66,Full & Open,2026-08-16,2026-08-24,4.0,,DV7 Engineering,"Questions regarding this solicitation should be emailed to the buyer listed in block 5 of the solicitation document which can be found under the Additional Information link.
If the Additional Information link does not work, please go to https://www.dibbs.bsm.dla.mil/Solicitations/ and type the solicitation number in the Global Search box.
",DibbsBSM@dla.mil,https://sam.gov/workspace/contract/opp/0ddd62fe24c048d6b77756b7f5c60371/view,2026-08-17
21,pass,Joint Staff J4 Professional Services Mission Support,DEPT OF DEFENSE.DEPT OF THE NAVY.NAVSUP.NAVSUP GLOBAL LOGISTICS SUPPORT.NAVSUP FLC NORFOLK.NAVSUP FLT LOG CTR NORFOLK,H9126926I3086,Sources Sought,541330,R499,Full & Open,2026-08-18,2026-08-25,5.6,DC,,Danielle Martin,danielle.n.martin18.civ@us.navy.mil,https://sam.gov/workspace/contract/opp/8f57b1daaf814febb8db238429c7265c/view,2026-08-19
21,pass,"66--TRANSMITTER,PRESSUR",DEPT OF DEFENSE.DEFENSE LOGISTICS AGENCY.DLA AVIATION.DLA AV RICHMOND.DLA AVIATION,SPE4A526T376B,Combined Synopsis/Solicitation,334513,66,Full & Open,2026-08-18,2026-08-26,6.0,,DV7 Engineering,"Questions regarding this solicitation should be emailed to the buyer listed in block 5 of the solicitation document which can be found under the Additional Information link.
If the Additional Information link does not work, please go to https://www.dibbs.bsm.dla.mil/Solicitations/ and type the solicitation number in the Global Search box.
",DibbsBSM@dla.mil,https://sam.gov/workspace/contract/opp/6ab1b3ed77864bf694af6d4fe3e50266/view,2026-08-19
21,pass,"61--BRAKE,ELECTRIC",DEPT OF DEFENSE.DEFENSE LOGISTICS AGENCY.DLA MARITIME.DLA MARITIME COLUMBUS.DLA LAND AND MARITIME,SPE7M126T284C,Combined Synopsis/Solicitation,335314,61,Small Business Set Aside - Total,2026-08-16,2026-08-27,7.0,,DV7 Engineering,"Questions regarding this solicitation should be emailed to the buyer listed in block 5 of the solicitation document which can be found under the Additional Information link.
If the Additional Information link does not work, please go to https://www.dibbs.bsm.dla.mil/Solicitations/ and type the solicitation number in the Global Search box.
",DibbsBSM@dla.mil,https://sam.gov/workspace/contract/opp/9e7862f09c4e4f71b1868375d8fe5928/view,2026-08-17
21,pass,"66--TRANSMITTER,PRESSUR",DEPT OF DEFENSE.DEFENSE LOGISTICS AGENCY.DLA AVIATION.DLA AV RICHMOND.DLA AVIATION,SPE4A526T380E,Combined Synopsis/Solicitation,334513,66,Full & Open,2026-08-19,2026-08-27,7.0,,DV7 Engineering,"Questions regarding this solicitation should be emailed to the buyer listed in block 5 of the solicitation document which can be found under the Additional Information link.
If the Additional Information link does not work, please go to https://www.dibbs.bsm.dla.mil/Solicitations/ and type the solicitation number in the Global Search box.
",DibbsBSM@dla.mil,https://sam.gov/workspace/contract/opp/444d1ea9a9a443c9af033365ce520314/view,2026-08-19
21,pass,Small Business Cybersecurity Network,DEPT OF DEFENSE.DEPT OF THE AIR FORCE.AIR FORCE MATERIEL COMMAND.AIR FORCE TEST CENTER,FA930426C0000,Special Notice,541512,DA01,Small Business Set Aside - Total,2026-08-13,2026-08-27,8.0,"Edwards, CA",,Austen Siegler,austen.siegler.1@us.af.mil,https://sam.gov/workspace/contract/opp/45f0412e9ea34a8ba6c3306a77b43728/view,2026-08-14
21,pass,66--ADCP Remote-Controlled Boat,"INTERIOR, DEPARTMENT OF THE.BUREAU OF RECLAMATION.PACIFIC NW REGION PN 6615",140R1726Q0050,Presolicitation,334513,6680,Small Business Set Aside - Total,2026-08-14,2026-08-31,11.6,,DV7 Engineering,"Koop, Brendan",brendan_koop@ios.doi.gov,https://sam.gov/workspace/contract/opp/491dee985bac42628fcd727e00e3afd9/view,2026-08-17
21,pass,POSITIONING NAVIGATION & TIMING INDUSTRY DAY Q4 FY26,DEPT OF DEFENSE.DEPT OF THE NAVY.USMC.MARCOR SYSCOM,M67854-26-I-2022,Special Notice,541330,,Full & Open,2026-08-10,2026-08-31,11.9,"Quantico, VA",,,,https://sam.gov/workspace/contract/opp/2b9798c9d6504818ae31c7293d51578e/view,2026-08-14
21,pass,Digital 3D Damage Mapping for Aircraft,DEPT OF DEFENSE.DEPT OF THE ARMY.NATIONAL GUARD BUREAU.JFHQ USPFO IL.USPFO IL PROCUREMENT.W7M6 USPFO ACTIVITY ILANG 126,W50S7S26Q0025,Combined Synopsis/Solicitation,334513,4920,Small Business Set Aside - Total,2026-08-19,2026-09-03,14.7,"0, IL",DV7 Engineering,Capt Christopher Fisher,christopher.fisher.7@us.af.mil,https://sam.gov/workspace/contract/opp/19eee15109ae491282ee92126ee48163/view,2026-08-19
21,pass,Geobase Equipment,DEPT OF DEFENSE.DEPT OF THE ARMY.NATIONAL GUARD BUREAU.JFHQ USPFO MA.USPFO MA PROCUREMENT.W7NE USPFO ACTIVITY MAANG 102,W50S80-26-Q-0028,Combined Synopsis/Solicitation,334511,6675,Small Business Set Aside - Total,2026-08-14,2026-09-04,15.7,"Buzzards Bay, MA",DV7 Engineering,2d Lt Nathan Staples,nathan.staples.3@us.af.mil,https://sam.gov/workspace/contract/opp/0339e8bf785a4a039beb987ea341c639/view,2026-08-17
21,pass,"NATO Request for Information: Source-to-Contract, Contract Lifecycle Management, and Vendor Management Capabilities","COMMERCE, DEPARTMENT OF.BUREAU OF INDUSTRY AND SECURITY",RFI-CO-424390-PIVOT,Special Notice,541519,,Full & Open,2026-08-05,2026-09-07,18.4,,,,,https://sam.gov/workspace/contract/opp/b450eaede6ac4ce6815e0da18ca0cc8b/view,2026-08-14
21,pass,Naval Modular Missile (NMM) Terminal Stage Interceptor (TSI) Prototyping and Demonstration,DEPT OF DEFENSE.DEPT OF THE NAVY.NAVSEA.NAVSEA WARFARE CENTER.NSWC CRANE,N0016426SNC01,Special Notice,541715,AC13,Full & Open,2026-08-19,2026-09-10,21.6,"Crane, TX",DV7 Engineering,Kayla Jones,kayla.n.jones34.civ@us.navy.mil,https://sam.gov/workspace/contract/opp/e94389c1152942f5a2c07e42e52a7942/view,2026-08-19
21,pass,"Secure Packaged Microelectronic Components, Printed Circuit Boards, and Supporting Technologies",DEPT OF DEFENSE.DEPT OF THE ARMY,W52P1J26R0001,Special Notice,541715,R425,Full & Open,2026-08-17,2026-09-16,27.9,,DV7 Engineering,Christopher Maurer,christopher.s.maurer2.civ@army.mil,https://sam.gov/workspace/contract/opp/7dc8c0ba9a234be8872e510a09cf2d38/view,2026-08-18
21,pass,"Secure Packaged Microelectronic Components, Printed Circuit Boards, and Supporting Technologies",DEPT OF DEFENSE.DEPT OF THE ARMY,W52P1J26R0001,Special Notice,541715,R425,Full & Open,2026-08-18,2026-09-16,27.9,,DV7 Engineering,Christopher Maurer,christopher.s.maurer2.civ@army.mil,https://sam.gov/workspace/contract/opp/18a09ae1995c4aab9effd62fb8658011/view,2026-08-19
21,pass,Low-Cost Kill Vehicles,DEPT OF DEFENSE.MISSILE DEFENSE AGENCY (MDA).MISSILE DEFENSE AGENCY (MDA),HQ0860-26-S-C009,Special Notice,541715,AC13,Full & Open,2026-08-19,2026-10-02,43.6,,DV7 Engineering,mda.lowcostkv-wp@mail.mil ,mda.lowcostkv-wp@mail.mil,https://sam.gov/workspace/contract/opp/aec128208fe94124b0d349c4049f6231/view,2026-08-19
21,pass,Area of Interest under PHO ISO:  ASCENT-IBO,"HEALTH AND HUMAN SERVICES, DEPARTMENT OF.NATIONAL INSTITUTES OF HEALTH.ADVANCED RESEARCH PROJECTS AGENCY FOR HEALTH (ARPA-H)",ARPA-H-SN-26-158,Special Notice,541715,AN13,Full & Open,2026-08-05,2026-10-15,56.9,,DV7 Engineering,SEE DESCRIPTION SECTION,do_NOT_use_THIS_email_ADDRESS@arpa-h.gov,https://sam.gov/workspace/contract/opp/844c5c24112a40299cf403ea8fc083c2/view,2026-08-17
21,pass,H40 BMS Industry Day Documents,DEPT OF DEFENSE.DEPT OF THE NAVY.NAVSEA.NAVSEA WARFARE CENTER.NSWC DAHLGREN,N0017827R3107,Special Notice,541330,R425,Full & Open,2026-08-18,2027-04-05,228.5,"Dahlgren, VA",,Carmell Beard,carmell.t.beard.civ@us.navy.mil,https://sam.gov/workspace/contract/opp/621c8b380f004e1b9d346b0c35ad8cc4/view,2026-08-19
21,pass,"Broad Agency Announcement (BAA) C4ISR, Information Operations, Cyberspace Operations and Information Technology System Research, Cryogenics and Quantum",DEPT OF DEFENSE.DEPT OF THE NAVY.SPAWAR.SPAWAR PACIFIC.NIWC PACIFIC,N6600126S4701,Solicitation,541715,AC33,Full & Open,2026-08-12,2027-08-12,358.0,,DV7 Engineering,Ashley Prokop,ashley.c.prokop.civ@us.navy.mil,https://sam.gov/workspace/contract/opp/6c68a7b28d6b478c829ce00480df195d/view,2026-08-17
20,pass,Illumina DRAGEN Tier 3 Throughput License and v4 Server,"HEALTH AND HUMAN SERVICES, DEPARTMENT OF.NATIONAL INSTITUTES OF HEALTH.NATIONAL INSTITUTES OF HEALTH NLM",NHGRI-08891,Sources Sought,541715,AJ12,No Set aside used,2026-08-19,2026-08-24,4.5,MD,DV7 Engineering,Sandra Daniels,Sandra.Daniels@nih.gov,https://sam.gov/workspace/contract/opp/b80386b866534b7e94a2be9c135f7215/view,2026-08-19
20,pass,Conference Rooms (S) and (TS),DEPT OF DEFENSE.DEPT OF THE AIR FORCE.FA2517  21 CONS BLDG 350,SmithAconfrms,Sources Sought,541519,,Small Business Set Aside - Total,2026-08-17,2026-08-24,4.7,CO,,Aaron Smith,aaron.smith.103@spaceforce.mil,https://sam.gov/workspace/contract/opp/c370be99aa6549b7be0fcc4b312353ab/view,2026-08-17
20,pass,SOURCES SOUGHT - 36 CES/CEF Flightline Fire Extinguisher Maintenance,DEPT OF DEFENSE.DEPT OF THE AIR FORCE.PACIFIC AIR FORCES.FA5240  36 CONS LGC,FA524026S3003,Sources Sought,541990,J042,Small Business Set Aside - Total,2026-08-18,2026-08-26,6.1,"Yigo, GU",,Ben Atalig,ben.atalig@us.af.mil,https://sam.gov/workspace/contract/opp/aca75a7468e14862ae2221223fa20f72/view,2026-08-19
20,pass,"SOLE SOURCE: YSI Nile Water Level Sensors for the National Ocean Service Engineering Division in Chesapeake, VA.","COMMERCE, DEPARTMENT OF.NATIONAL OCEANIC AND ATMOSPHERIC ADMINISTRATION.DEPT OF COMMERCE NOAA",141016-26-0093,Presolicitation,334513,6640,No Set aside used,2026-08-10,2026-08-26,6.5,"Chesapeake, VA",DV7 Engineering,NIKKI SMITH,nikki.smith@noaa.gov,https://sam.gov/workspace/contract/opp/2205dda9b09b40de9ebd9fd416c51520/view,2026-08-17
20,pass,20--Intent to Award - Remote Boat,"INTERIOR, DEPARTMENT OF THE.US GEOLOGICAL SURVEY.OFC OF ACQUSITION  GRANTS-NATIONAL",140G0126Q0248,Special Notice,334511,2090,Small Business Set Aside - Total,2026-08-18,2026-08-28,8.7,,DV7 Engineering,"Wyatt, Jonathan",jwyatt@usgs.gov,https://sam.gov/workspace/contract/opp/ac34846aed5d43629306f110dc4078b4/view,2026-08-19
20,pass,Critical Management Investigation of Texas Cores C,"INTERIOR, DEPARTMENT OF THE.BUREAU OF OCEAN ENERGY MANAGEMENT.ACQUISITION MANAGEMENT DIVISION",140M0126Q0046,Solicitation,541715,B529,Full & Open,2026-08-14,2026-08-31,11.6,,DV7 Engineering,"Brock, Stephanie",stephanie.brock@bsee.gov,https://sam.gov/workspace/contract/opp/6bafd02448dc47a6923023d6dacc1731/view,2026-08-17
20,pass,52000RFQ260026811-King Neutronics OEM Pressure Kit,"HOMELAND SECURITY, DEPARTMENT OF.US COAST GUARD.SFLC PROCUREMENT BRANCH 1(00080)",52000RFQ260026811,Combined Synopsis/Solicitation,334513,6625,No Set aside used,2026-08-19,2026-08-31,11.6,"Seattle, WA",DV7 Engineering,Cornelius Claiborne,cornelius.N.claiborne@uscg.mil,https://sam.gov/workspace/contract/opp/00dc3e4b59904d0884393a5e504a6563/view,2026-08-19
20,pass,R408--FY26: Radiation Safety Officer Services,"VETERANS AFFAIRS, DEPARTMENT OF.VETERANS AFFAIRS, DEPARTMENT OF.248-NETWORK CONTRACT OFFICE 8 (36C248)",36C24826Q0417,Presolicitation,541690,R408,Service-Disabled Veteran-Owned Small Business (SDVOSB) Set-Aside (FAR 19.14),2026-08-18,2026-08-31,11.7,"Orlando, FL",,Rohan  McKenzie,Rohan.Mckenzie@va.gov,https://sam.gov/workspace/contract/opp/77d3bdbd023947e0aa5341992fe74e25/view,2026-08-19
20,pass,"SEGMENT,CLAMPING RI",DEPT OF DEFENSE.DEPT OF THE NAVY.NAVSUP.NAVSUP WEAPON SYSTEMS SUPPORT.NAVSUP WSS MECHANICSBURG.NAVSUP WEAPON SYSTEMS SUPPORT MECH,N0010426QND99,Solicitation,334511,1355,Full & Open,2026-08-11,2026-08-31,11.8,,DV7 Engineering,Telephone: 7176051332,NARYAN.SMITH.CIV@US.NAVY.MIL,https://sam.gov/workspace/contract/opp/48116ee218b1426b96c80e74df8f7217/view,2026-08-17
20,pass,PIP-II PCS Flowmeters,"ENERGY, DEPARTMENT OF.ENERGY, DEPARTMENT OF.FERMILAB - DOE CONTRACTOR",386074-DSF,Solicitation,334513,6680,Full & Open,2026-08-18,2026-08-31,11.8,,DV7 Engineering,Seth Fryar,sfryar@fnal.gov,https://sam.gov/workspace/contract/opp/d71cf12a8b3744f59694cb52a98e5423/view,2026-08-18
20,pass,"TRANSMITTER,PRESSUR",DEPT OF DEFENSE.DEPT OF THE NAVY.NAVSUP.NAVSUP WEAPON SYSTEMS SUPPORT.NAVSUP WSS MECHANICSBURG.NAVSUP WEAPON SYSTEMS SUPPORT MECH,N0010426QND88,Solicitation,334513,6685,Full & Open,2026-08-19,2026-08-31,11.8,,DV7 Engineering,Telephone: 7176052982,JOCELYNE.DZONANGFOUEGO.CIV@US.NAVY.MIL,https://sam.gov/workspace/contract/opp/2677e483b526400cbc9f472d50f3e673/view,2026-08-19
20,pass,Annual development and service to cover the entire CNST NanoFab IT infrastructure,"COMMERCE, DEPARTMENT OF.NATIONAL INSTITUTE OF STANDARDS AND TECHNOLOGY.DEPT OF COMMERCE NIST",1333ND26QNB680464,Combined Synopsis/Solicitation,541519,DF10,Small Business Set Aside - Total,2026-08-18,2026-09-03,14.6,"Gaithersburg, MD",,Forest Crumpler,forest.crumpler@nist.gov,https://sam.gov/workspace/contract/opp/27d6af7281cc48ee95ad369b4727713b/view,2026-08-19
20,pass,AV Equipment Upgrade for Split Conference Rooms,DEPT OF DEFENSE.DEPT OF THE NAVY.NAVSEA.NAVSEA WARFARE CENTER.NAVAL SURFACE WARFARE CENTER,N6426726Q5012,Combined Synopsis/Solicitation,541519,R425,Small Business Set Aside - Total,2026-08-14,2026-09-04,15.8,"Washington Navy Yard, DC",,BRIAN STAUB,BRIAN.A.STAUB2.CIV@US.NAVY.MIL,https://sam.gov/workspace/contract/opp/9a2d6b3d7b8a41b7a961ee0be42523bc/view,2026-08-17
20,pass,NATO Business Opportunity: M&S Paradigm Framework for Adaptive AI Simulation on Quantum (FAASQ),"COMMERCE, DEPARTMENT OF.BUREAU OF INDUSTRY AND SECURITY",RFP-ACT-SACT-26-81,Special Notice,541519,,Full & Open,2026-08-09,2026-09-09,20.5,"53470, VA",,,,https://sam.gov/workspace/contract/opp/abf380cc0c634612a69ce193a212fbd4/view,2026-08-14
20,pass,NATO Business Opportunity: Commercial-off-the Shelf (COTS) Event Management Software Platform,"COMMERCE, DEPARTMENT OF.BUREAU OF INDUSTRY AND SECURITY",RFP-ACT-SACT-26-67,Special Notice,513210,,Full & Open,2026-08-17,2026-09-17,28.5,"Norfolk, VA",,,,https://sam.gov/workspace/contract/opp/6a4b42dfe79d4fb19eb44f96d629105b/view,2026-08-17
20,pass,Enterprise Artificial Intelligence (AI) Strategy,SOCIAL SECURITY ADMINISTRATION.SOCIAL SECURITY ADMINISTRATION.SSA OFC OF ACQUISITION  GRANTS,28321326RI0000041 ,Solicitation,541519,DF01,Full & Open,2026-08-14,2026-09-28,39.9,,,Marissa Piegols,marissa.piegols@ssa.gov,https://sam.gov/workspace/contract/opp/fa0630b52e8643468f1c7d0cba7ba961/view,2026-08-17
19,pass,"Replacement Water Level Sensors and Data Loggers for the Ocean Prediction Center in College Park, MD","COMMERCE, DEPARTMENT OF.NATIONAL OCEANIC AND ATMOSPHERIC ADMINISTRATION.DEPT OF COMMERCE NOAA",142070-26-0113,Solicitation,334513,6695,Small Business Set Aside - Total,2026-08-18,2026-08-25,5.6,"College Park, MD",DV7 Engineering,Abigail Green,abigail.green@noaa.gov,https://sam.gov/workspace/contract/opp/7219a947658942b2b9a5919b2005804c/view,2026-08-19
19,pass,Requirement for Terminal Instrument Procedures (TERPS),DEPT OF DEFENSE.NATIONAL GEOSPATIAL-INTELLIGENCE AGENCY (NGA).NATL GEOSPATIAL-INTELLIGENCE AGENCY,HM047626R0055,Combined Synopsis/Solicitation,541511,DA10,No Set aside used,2026-08-11,2026-08-27,7.9,"Springfield, VA",,Matthew A Hoffman,matthew.a.hoffman@nga.mil,https://sam.gov/workspace/contract/opp/bfe7045859014063b800b5ed9bcb0328/view,2026-08-14
19,pass,Request for Solutions (RFS): Autonomous Coding (AC) and Automated Appeals & Denials Management (ADM),DEPT OF DEFENSE.DEFENSE HEALTH AGENCY (DHA).DEFENSE HEALTH AGENCY,HT0038RFSACADM,Solicitation,541511,DA01,Full & Open,2026-08-17,2026-08-28,8.6,"0, VA",,Sharjeel Javaid,sharjeel.j.javaid.civ@health.mil,https://sam.gov/workspace/contract/opp/b1f26e7ded2643d2835947cc08cb56fe/view,2026-08-17
19,pass,Department of Homeland Security (DHS) - Department-Wide Cloud (Cumulus) Multiple Award Solicitation,"HOMELAND SECURITY, DEPARTMENT OF.OFFICE OF PROCUREMENT OPERATIONS.INFO TECH ACQ CENTER",70RTAC26R00000004,Solicitation,518210,DH10,No Set aside used,2026-08-18,2026-08-28,8.7,"0, DC",,Gregory Blaszko,gregory.blaszko@hq.dhs.gov,https://sam.gov/workspace/contract/opp/d4c2881c156b40da9b0c0029ad8eb625/view,2026-08-19
19,pass,R499--Small Business Event | Verizon Federal Public Sector Virtual  Business Opportunity Session | Cisco Webex Sept 1,"VETERANS AFFAIRS, DEPARTMENT OF.VETERANS AFFAIRS, DEPARTMENT OF.OFFICE OF SMALL & DISADVANTAGED BUSINESS UTILIZATION (OSDBU) (36U101)",36U10126Q0022,Sources Sought,541511,R499,Full & Open,2026-08-12,2026-08-31,11.6,,,Direct Access Program (DAP),DirectAccess@va.gov,https://sam.gov/workspace/contract/opp/524b3397d4224e1faebc287bb5d8889f/view,2026-08-14
19,pass,DA01--VA Enterprise Cloud Brokerage Service,"VETERANS AFFAIRS, DEPARTMENT OF.VETERANS AFFAIRS, DEPARTMENT OF.TECHNOLOGY ACQUISITION CENTER NJ (36C10B)",36C10B26Q0766,Sources Sought,518210,DA01,Full & Open,2026-08-17,2026-08-31,11.8,,,Lauren H Sankar,lauren.sankar@va.gov,https://sam.gov/workspace/contract/opp/e3ed31ca9afe47b49f102a399d7a3bd2/view,2026-08-17
19,pass,Global Hawk RQ-4 Program Support and Services,"DEPT OF DEFENSE.DEPT OF THE AIR FORCE.AIR FORCE MATERIEL COMMAND.AIR FORCE LIFE CYCLE MANAGEMENT CENTER.INTELLIGENCE, SURVEILLANCE, RECONNAISSANCE - SPECIAL OPERATIONS FORCES.FA8578  AFLCMC WIKA",FA8578-26-R-B001,Presolicitation,541330,R425,Full & Open,2026-08-17,2026-09-01,12.9,"Warner Robins, GA",,Chelsa (Malisa) Prue,chelsa.prue@us.af.mil,https://sam.gov/workspace/contract/opp/d72a2a4d7c1e4d599136bd37ac2fd5fa/view,2026-08-17
19,pass,Integrated Tactical Trainer (ITT) 2B & 2C Operating Systems Updates and Modifications,DEPT OF DEFENSE.DEPT OF THE NAVY.NAVAIR.NAVAIR NAWC TSD.NAWC TRAINING SYSTEMS DIV,N6134027R1005,Sources Sought,541512,6910,Full & Open,2026-08-18,2026-09-02,13.6,"San Diego, CA",,Tina Daniels,tina.daniels4.civ@us.navy.mil,https://sam.gov/workspace/contract/opp/17137e1bc5634fb0944aaaa17b8be3ab/view,2026-08-19
19,pass,CWMS Database Authorization Maintenance and Improvements,DEPT OF DEFENSE.DEPT OF THE ARMY.US ARMY CORPS OF ENGINEERS.SCO ALEXANDRIA.ENGINEER CENTER SUPPORT ACT HUMPHREYS.W4LD USA HECSA,PANHEC-26-P-0000-026407,Combined Synopsis/Solicitation,541511,DA01,Full & Open,2026-08-18,2026-09-03,14.8,,,David A. Kaplan,david.a.kaplan@usace.army.mil,https://sam.gov/workspace/contract/opp/b63934aba3cb4b9e82831421a7725f4e/view,2026-08-19
19,pass,Service to Provide Computer Programming Support for the LANDIS-II Forest Landscape Model,"AGRICULTURE, DEPARTMENT OF.FOREST SERVICE",12760426Q0151,Special Notice,541519,AJ11,Small Business Set Aside - Total,2026-08-19,2026-09-03,14.9,"Albuquerque, NM",,Derick Yara,derick.yara@usda.gov,https://sam.gov/workspace/contract/opp/98d053880fdb421fab596477bcc92261/view,2026-08-19
19,pass,Engineering Support Services for Energy Conversion Research and Development (SeaPort NxG),DEPT OF DEFENSE.DEPT OF THE NAVY.NAVSEA.NAVSEA WARFARE CENTER.NSWC PHILADELPHIA DIV,N6449826R3111,Solicitation,541330,R425,Full & Open,2026-08-12,2026-09-11,22.8,,,Ayelet Sartin,ayelet.j.sartin.civ@us.navy.mil,https://sam.gov/workspace/contract/opp/c8986bae0e0e4718b546d17e2065f545/view,2026-08-14
19,pass,Electronic Security System VIII Draft Solicitation,DEPT OF DEFENSE.DEPT OF THE ARMY.US ARMY CORPS OF ENGINEERS.SCO ALEXANDRIA.SUPPORT CENTER HUNTSVILLE.W2V6 USA ENG SPT CTR HUNTSVIL,W912DY26RAX12,Combined Synopsis/Solicitation,541512,J059,Full & Open,2026-08-12,2026-09-16,27.7,,,Tianna R. Love,tianna.r.love@usace.army.mil,https://sam.gov/workspace/contract/opp/1ad60665127a4acfaf436cc9357c8085/view,2026-08-14
19,pass,Electronic Security System VIII Draft Solicitation,DEPT OF DEFENSE.DEPT OF THE ARMY.US ARMY CORPS OF ENGINEERS.SCO ALEXANDRIA.SUPPORT CENTER HUNTSVILLE.W2V6 USA ENG SPT CTR HUNTSVIL,W912DY26RAX12,Combined Synopsis/Solicitation,541512,J059,Full & Open,2026-08-17,2026-09-16,27.7,,,Tianna R. Love,tianna.r.love@usace.army.mil,https://sam.gov/workspace/contract/opp/62939018669c4a43bbd6517e2c278902/view,2026-08-17
19,pass,SAF/CDM Commercial Solutions Opening and Specific Calls,DEPT OF DEFENSE.DEPT OF THE AIR FORCE.FA7146  SAF OC PK,FA7146-21-S-C-0001,Solicitation,541990,AC32,Full & Open,2026-08-12,2026-09-30,42.1,,,Kevin T. Adams,kevin.adams.20@us.af.mil,https://sam.gov/workspace/contract/opp/4a83a826d46d401682ec84031f19e1b1/view,2026-08-17
19,pass,Reentry Vehicle Integration Support Solicitation,DEPT OF DEFENSE.DEPT OF THE AIR FORCE.AIR FORCE MATERIEL COMMAND.AIR FORCE NUCLEAR WEAPON CENTER.INTERCONTINENTAL BALLISTIC MISSILE.FA8219   AFNWC PZBG,FA821926RB0001,Solicitation,541330,AC24,No Set aside used,2026-08-03,2026-10-05,46.9,PA,,"Johnny Billett, Jr. (JJ)",johnny.billett@us.af.mil,https://sam.gov/workspace/contract/opp/e81a58cdd92e4eed9600f1b8dd8be312/view,2026-08-14
19,pass,High Power Microwave Engineering Services,DEPT OF DEFENSE.DEPT OF THE NAVY.NAVSEA.NAVSEA WARFARE CENTER.NSWC DAHLGREN,N0017826R3004,Sources Sought,541330,AC33,Full & Open,2026-08-13,2026-11-01,73.6,,,Callie Ortiz,callie.l.ortiz.civ@us.navy.mil,https://sam.gov/workspace/contract/opp/753159f8e6d748479288d452640f22f0/view,2026-08-14
19,pass,DA01--VA-26-00071371 Memorials Integration Services and Innovation,"VETERANS AFFAIRS, DEPARTMENT OF.VETERANS AFFAIRS, DEPARTMENT OF.TECHNOLOGY ACQUISITION CENTER NJ (36C10B)",36C10B26Q0625,Sources Sought,541512,DA01,Full & Open,2026-08-07,,,,,Sarah H Kuna,sarah.kuna@va.gov,https://sam.gov/workspace/contract/opp/5632a898d02a4efe85655ad58562295c/view,2026-08-14
18,pass,"TRANSMITTER,PRESSUR",DEPT OF DEFENSE.DEFENSE LOGISTICS AGENCY.DLA MARITIME.DLA MARITIME MECHANICSBURG.SPRMM1 DLA MECHANICSBURG,SPRMM126QHB00,Solicitation,334513,6685,Full & Open,2026-08-14,2026-08-20,0.8,,DV7 Engineering,Telephone: 6146930591,ANDREW.ETHEREDGE@DLA.MIL,https://sam.gov/workspace/contract/opp/372ea8eadcd54a9093a6c8f594bf45d0/view,2026-08-17
18,pass,66--TEST SET SUBASSEMBL,DEPT OF DEFENSE.DEFENSE LOGISTICS AGENCY.DLA MARITIME.DLA MARITIME COLUMBUS.DLA LAND AND MARITIME,SPE7M126T271X,Combined Synopsis/Solicitation,334511,66,Full & Open,2026-08-11,2026-08-21,1.0,,DV7 Engineering,"Questions regarding this solicitation should be emailed to the buyer listed in block 5 of the solicitation document which can be found under the Additional Information link.
If the Additional Information link does not work, please go to https://www.dibbs.bsm.dla.mil/Solicitations/ and type the solicitation number in the Global Search box.
",DibbsBSM@dla.mil,https://sam.gov/workspace/contract/opp/027045bad0a54688be0858889c88e7da/view,2026-08-17
18,pass,ODA Power Suite Analytics Tools Support,"HOMELAND SECURITY, DEPARTMENT OF.US IMMIGRATION AND CUSTOMS ENFORCEMENT.CHIEF FINANCIAL OFFCER ADMINISTRATIVE SERVICES",092026,Presolicitation,541611,R499,Small Business Set Aside - Total,2026-08-14,2026-08-21,1.6,"Washington, DC",,Garrett Bittinger,garrett.bittinger@ice.dhs.gov,https://sam.gov/workspace/contract/opp/5fef1fc290f64293a7b98aee39afd07a/view,2026-08-17
18,pass,Syracuse VAMC RTLS Asset Management-Tracking,"VETERANS AFFAIRS, DEPARTMENT OF.VETERANS AFFAIRS, DEPARTMENT OF.242-NETWORK CONTRACT OFFICE 02 (36C242)",36C24226Q0906,Sources Sought,541519,R408,Service-Disabled Veteran-Owned Small Business (SDVOSB) Set-Aside (FAR 19.14),2026-08-18,2026-08-25,5.6,"Syracuse, NY",,Morgan S Weeks,Morgan.Weeks1@va.gov,https://sam.gov/workspace/contract/opp/975581ac074f42dfbb6df2eef5f3ceb3/view,2026-08-19
18,pass,Intelligence Exploitation and Targeting Systems (IETS),DEPT OF DEFENSE.DEPT OF THE NAVY.NAVAIR.NAVAIR NAWC WD.NAVAL AIR WARFARE CENTER,N6893626R5010,Presolicitation,541715,AC13,Full & Open,2026-08-05,2026-08-30,10.7,,DV7 Engineering,Aretha Jones,aretha.y.jones.civ@us.navy.mil,https://sam.gov/workspace/contract/opp/eff90b0165e84f6b814e3422abd18c39/view,2026-08-17
18,pass,NOTICE OF INTENT TO AWARD A SOLE SOURCE BRIDGE MODIFICATION – Human Space Flight Support (HSFS) II - FA2521-21-F-0106,DEPT OF DEFENSE.DEPT OF THE AIR FORCE.AIR COMBAT COMMAND.FA4819  325 CONS PKP,FA2521F0106P00030,Special Notice,541330,R699,No Set aside used,2026-08-14,2026-08-30,10.8,"Patrick Air Force Base, FL",,,,https://sam.gov/workspace/contract/opp/e3ac485fcae54200802a400f69314d6f/view,2026-08-17
18,pass,Regulatory Science Tool for Transcranial Ultrasound Modeling,"HEALTH AND HUMAN SERVICES, DEPARTMENT OF.FOOD AND DRUG ADMINISTRATION.FDA OFFICE OF ACQ  GRANT SVCS",75F40126Q00351,Combined Synopsis/Solicitation,541715,R425,Full & Open,2026-08-14,2026-08-31,11.6,"Silver Spring, MD",DV7 Engineering,Ryan Alexander,ryan.alexander@fda.hhs.gov,https://sam.gov/workspace/contract/opp/cf595cbcdca14addbb5ff6f2a4eb20d4/view,2026-08-17
18,pass,Chemistry Research for the Division of Translational Toxicology (DTT),"HEALTH AND HUMAN SERVICES, DEPARTMENT OF.NATIONAL INSTITUTES OF HEALTH.NATIONAL INSTITUTES OF HEALTH NICHD",75N94026R00002,Solicitation,541715,AJ11,No Set aside used,2026-08-14,2026-09-14,25.8,,DV7 Engineering,"BANK, SARAH N",sarah.bank@nih.gov,https://sam.gov/workspace/contract/opp/ac02c85fecf942bc9f8f393ba7f5ccf0/view,2026-08-17
18,pass,Chemistry Research for the Division of Translational Toxicology (DTT),"HEALTH AND HUMAN SERVICES, DEPARTMENT OF.NATIONAL INSTITUTES OF HEALTH.NATIONAL INSTITUTES OF HEALTH NICHD",75N94026R00002,Solicitation,541715,AJ11,No Set aside used,2026-08-17,2026-09-14,25.8,,DV7 Engineering,"BANK, SARAH N",sarah.bank@nih.gov,https://sam.gov/workspace/contract/opp/abe2defe22434d2b8efeade898c60463/view,2026-08-18
18,pass,Precision Inertial Navigation & Positioning On an Integrated Tesseract (PINPOINT),DEPT OF DEFENSE.DEFENSE ADVANCED RESEARCH PROJECTS AGENCY  (DARPA).DEF ADVANCED RESEARCH PROJECTS AGCY,HR001126S0016,Solicitation,541715,AC12,Full & Open,2026-08-06,2026-09-25,36.6,,DV7 Engineering,BAA Coordinator,PINPOINT@darpa.mil,https://sam.gov/workspace/contract/opp/a269e0efc8614bf5b9ea6628ae5f1ad7/view,2026-08-17
18,pass,Precision Inertial Navigation & Positioning On an Integrated Tesseract (PINPOINT),DEPT OF DEFENSE.DEFENSE ADVANCED RESEARCH PROJECTS AGENCY  (DARPA).DEF ADVANCED RESEARCH PROJECTS AGCY,HR001126S0016,Solicitation,541715,AC12,Full & Open,2026-08-19,2026-09-25,36.6,,DV7 Engineering,BAA Coordinator,PINPOINT@darpa.mil,https://sam.gov/workspace/contract/opp/966ffe20bcc3435cb3d0027c1ac08416/view,2026-08-19
18,pass,Disruptioneering Program Announcement,DEPT OF DEFENSE.DEFENSE ADVANCED RESEARCH PROJECTS AGENCY  (DARPA).DEF ADVANCED RESEARCH PROJECTS AGCY,DARPA-PA-25-07,Solicitation,541715,AC11,Full & Open,2026-08-19,2026-09-29,41.0,,DV7 Engineering,BAA Coordinator,DARPA-PA-25-07@darpa.mil,https://sam.gov/workspace/contract/opp/af580f92ade44eb997a3c47ba74888f5/view,2026-08-19
18,pass,"Advanced Driver Assistance Systems (ADAS), on road networks at the Fish and Wildlife Service’s (FWS) National Wildlife Refuges (NWR)","TRANSPORTATION, DEPARTMENT OF.OFFICE OF THE SECRETARY.6913G6 VOLPE NATL TRANS SYS CNTR",6913G626Q300038,Combined Synopsis/Solicitation,541715,AS12,No Set aside used,2026-08-19,2026-10-02,43.8,"Cambridge, MA",DV7 Engineering,Andrew J. Josephs,andrew.josephs@dot.gov,https://sam.gov/workspace/contract/opp/77eb4a1aa4884996b119fc2ed38e6b88/view,2026-08-19
18,pass,**PRE-SOLICITATION NOTICE**  Forward Based Mode Radar Next Prototype,DEPT OF DEFENSE.MISSILE DEFENSE AGENCY (MDA).MISSILE DEFENSE AGENCY (MDA),MDA26SNSPN04,Presolicitation,541715,AC13,Full & Open,2026-08-12,,,"Redstone Arsenal, AL",DV7 Engineering,FBM Radar Next Pre-Solicitation,mda.fbm-radar-presol@mail.mil,https://sam.gov/workspace/contract/opp/cff5e619408a467ca8f3db1f030b6f37/view,2026-08-17
17,pass,Human Performance and Student Management System (HP-SMS),DEPT OF DEFENSE.US SPECIAL OPERATIONS COMMAND (USSOCOM).HQ USASOC CONTRACTING,H9223927RHP01,Sources Sought,541511,DA01,No Set aside used,2026-08-05,2026-08-20,0.7,"Fort Bragg, NC",,Jonathan Long,jonathan.long.civ@socom.mil,https://sam.gov/workspace/contract/opp/6718a1c90be94b468df9c8d2c8e92dc7/view,2026-08-14
17,pass,Wargaming and Technical Support Services,DEPT OF DEFENSE.DEPT OF THE NAVY.NAVSUP.NAVSUP GLOBAL LOGISTICS SUPPORT.NAVSUP FLC NORFOLK.NAVSUP FLT LOG CTR NORFOLK,H91269A032442,Sources Sought,541330,R425,No Set aside used,2026-08-05,2026-08-20,0.8,,,Danielle Martin,danielle.n.martin18.civ@us.navy.mil,https://sam.gov/workspace/contract/opp/04c7103d99204152b9647f8b26b5c542/view,2026-08-14
17,pass,Bradley TOW Missile Launcher Supportability TEM Requirement,DEPT OF DEFENSE.DEFENSE LOGISTICS AGENCY.HQ DEFENSE LOGISTICS AGENCY,SPRRA2-26-Q-SP01,Presolicitation,541330,R425,Full & Open,2026-08-11,2026-08-21,1.8,"Fort Walton Beach, FL",,Kimberly S. Thomas,kimberly.thomas@dla.mil,https://sam.gov/workspace/contract/opp/4236a5c6663a4993812dbee9b08cb5ec/view,2026-08-14
17,pass,"FOIA, eDiscovery, and Matter Management Solution(s) - Request for Information (RFI)",FEDERAL RETIREMENT THRIFT INVESTMENT BOARD.FEDERAL RETIREMENT THRIFT INVESTMENT BOARD.OCFO - CONTRACTING OFFICE,FRTIB-OGC-RFI-2026-001,Sources Sought,513210,DA10,No Set aside used,2026-08-11,2026-08-25,5.6,DC,,Ron Rheinhardt,Ronald.Rheinhardt@frtib.gov,https://sam.gov/workspace/contract/opp/b2a14fde343545228daa4ef01279e0d4/view,2026-08-14
17,pass,NRL Space Science Division R&D Support Services,DEPT OF DEFENSE.DEPT OF THE NAVY.ONR.ONR NRL.NAVAL RESEARCH LABORATORY,N0017326PDS01,Presolicitation,541715,AJ12,Small Business Set Aside - Total,2026-08-10,2026-08-25,5.8,"Washington, DC",DV7 Engineering,Daniel St. Denis,daniel.l.stdenis.civ@us.navy.mil,https://sam.gov/workspace/contract/opp/880a1b860650478eb41422c61e4d9d56/view,2026-08-17
17,pass,AMC Special Departure Procedures,DEPT OF DEFENSE.DEPT OF THE AIR FORCE.AIR MOBILITY COMMAND.FA4452  763 ESS,763ESS_SDPFY27,Sources Sought,541330,B539,No Set aside used,2026-08-12,2026-08-26,6.6,"0, IL",,Alexis Strieker,alexis.strieker@us.af.mil,https://sam.gov/workspace/contract/opp/0a83f0186e0f40d189bc1aa504307a87/view,2026-08-14
17,pass,Genetic-Based Test Kits for NMFS OLE,"COMMERCE, DEPARTMENT OF.NATIONAL OCEANIC AND ATMOSPHERIC ADMINISTRATION.DEPT OF COMMERCE NOAA",1305M326R0015,Solicitation,541715,Q301,Small Business Set Aside - Total,2026-08-13,2026-08-27,7.6,,DV7 Engineering,"PICARIELLO, KRISTEN",KRISTEN.PICARIELLO@NOAA.GOV,https://sam.gov/workspace/contract/opp/ef5fe85ecdbf4ce78ddc8fcee5e0aea6/view,2026-08-17
17,pass,Vender Migration Support and End-User Training for Accruent Meridian Software,DEPT OF DEFENSE.DEPT OF THE NAVY.NAVSEA.NAVSEA WARFARE CENTER.NSWC CARDEROCK,N00167-26-SIMACQ-CD-89-0011,Presolicitation,541512,DA10,No Set aside used,2026-08-18,2026-08-27,7.6,"Bethesda, MD",,Kylie Cox,kylie.l.cox2.civ@us.navy.mil,https://sam.gov/workspace/contract/opp/2765c6423f404d54853f26173191b4c8/view,2026-08-19
17,pass,Q--Genetic-Based Test Kits for NMFS OLE,"COMMERCE, DEPARTMENT OF.NATIONAL OCEANIC AND ATMOSPHERIC ADMINISTRATION.DEPT OF COMMERCE NOAA",1305M326R0015,Solicitation,541715,Q301,Small Business Set Aside - Total,2026-08-19,2026-08-28,8.6,,DV7 Engineering,"PICARIELLO, KRISTEN",KRISTEN.PICARIELLO@NOAA.GOV,https://sam.gov/workspace/contract/opp/a806553dffe3421a92176196bd48dab2/view,2026-08-19
17,pass,"Engineering Support for Product Improvement, System Engineering, Process Engineering, System Safety, In-Service Engineering, Program Management, Analytical and Organizational Assessment for Next Generation CADs/PADs",DEPT OF DEFENSE.DEPT OF THE NAVY.NAVAIR.NAVAIR NAWC AD.NAVAL AIR WARFARE CENTER AIR DIV,N00421-26-RFPREQ-WPM202-0126,Presolicitation,541330,R425,No Set aside used,2026-08-13,2026-08-28,8.7,"0, MD",,SABANA MOORE-BARNES,SABANA.N.MOORE.CIV@US.NAVY.MIL,https://sam.gov/workspace/contract/opp/0e075922412e4ccab06b3d7ca0d1ad96/view,2026-08-14
17,pass,N00174-26-SIMACQ-W82-0032	MK46 HART PN: HT024010104 GDLS PN: MK4093024,DEPT OF DEFENSE.DEPT OF THE NAVY.NAVSEA.NAVSEA WARFARE CENTER.NSWC INDIAN HEAD DIVISION,N0017426Q1113,Solicitation,334511,6930,Small Business Set Aside - Total,2026-08-13,2026-08-31,11.6,"Picatinny Arsenal, NJ",DV7 Engineering,JODI FIELDS,jodi.l.fields.civ@us.navy.mil,https://sam.gov/workspace/contract/opp/f1c82389dcba470ba8a0363444ffaaa7/view,2026-08-17
17,pass,66--Brand Name or Equal: Echo 81 Ping DSP i3DSS Payloa,"INTERIOR, DEPARTMENT OF THE.US GEOLOGICAL SURVEY.OFC OF ACQUISITION  GRANTS-DENVER",140G0226Q0115,Solicitation,334511,6675,Small Business Set Aside - Total,2026-08-17,2026-08-31,11.7,,DV7 Engineering,"Keuma, Kekila",kkeuma@usgs.gov,https://sam.gov/workspace/contract/opp/02c44e3a1e804ab295e23a1535c2d562/view,2026-08-17
17,pass,"Common Autonomous Multi-Domain Launcher (CAML) Autonomous Mobility Platform (AMP) -   Prototype - 36K Lbs. Variant , Leader Prototype, Autonomy Command and Control (C2) and Integration Request for Solutions Brief",DEPT OF DEFENSE.DEPT OF THE ARMY.US ARMY ACQUISITION SUPPORT CENTER.RAPID CAPABILITIES CRITICAL TECH OFC.W6DV PEO M & S REDSTONE,W50RAJ269A014,Special Notice,541715,AC33,Full & Open,2026-08-11,2026-09-01,12.6,,DV7 Engineering,,,https://sam.gov/workspace/contract/opp/cef79c7a0e9742e5bbd82017699f5ac8/view,2026-08-17
17,pass,66--WY Torrington SONTEK ADCP,"INTERIOR, DEPARTMENT OF THE.BUREAU OF RECLAMATION.GREAT PLAINS REGIONAL OFFICE",140R6026Q0110,Special Notice,334513,6655,Full & Open,2026-08-17,2026-09-01,12.6,,DV7 Engineering,"Oslund, Natalie",natalie_oslund@ios.doi.gov,https://sam.gov/workspace/contract/opp/dd657100487c44c88625c9a932de0fc5/view,2026-08-18
17,pass,66--WY Sontek Flow Trackers x2,"INTERIOR, DEPARTMENT OF THE.BUREAU OF RECLAMATION.GREAT PLAINS REGIONAL OFFICE",140R6026Q0111,Special Notice,334513,6655,Full & Open,2026-08-17,2026-09-01,12.6,,DV7 Engineering,"Zook, Chris",czook@usbr.gov,https://sam.gov/workspace/contract/opp/8099b8f979e645dd87e5584acac689ae/view,2026-08-18
17,pass,NEXSENSE XB-200 DATA BUOY,"INTERIOR, DEPARTMENT OF THE.US GEOLOGICAL SURVEY.OFC OF ACQUISITION  GRANTS-DENVER",140G0226Q0121,Combined Synopsis/Solicitation,334513,2050,Small Business Set Aside - Total,2026-08-07,2026-09-01,12.9,,DV7 Engineering,"Doutt, Stephanie",sdoutt@usgs.gov,https://sam.gov/workspace/contract/opp/f4aab0dfd4284a4b85f9b100f136ea44/view,2026-08-17
17,pass,WY DCPS FOR RESERVOIRS,"INTERIOR, DEPARTMENT OF THE.BUREAU OF RECLAMATION.GREAT PLAINS REGIONAL OFFICE",140R6026Q0134,Combined Synopsis/Solicitation,334513,6680,Small Business Set Aside - Total,2026-08-18,2026-09-02,13.7,,DV7 Engineering,"Parkison, Melissa",melissa_parkison@ios.doi.gov,https://sam.gov/workspace/contract/opp/aede1f5112fb4db1afc78d25c90fa05c/view,2026-08-19
17,pass,Hosting Service (FDLP eXchange/FDP.gov),UNITED STATES GOVERNMENT PUBLISHING OFFICE.UNITED STATES GOVERNMENT PUBLISHING OFFICE.Acquisition Services,040ADV-26-R-0041,Solicitation,518210,DA10,No Set aside used,2026-08-18,2026-09-10,21.7,"Washington, DC",,Jasmin Webb,jwebb@gpo.gov,https://sam.gov/workspace/contract/opp/fd8121b766244dd3b81cf2655ebcb7ed/view,2026-08-19
17,pass,Draft RFP_N0017826R3107_HPM Support Services,DEPT OF DEFENSE.DEPT OF THE NAVY.NAVSEA.NAVSEA WARFARE CENTER.NSWC DAHLGREN,DRAFT_RFP_N0017826R3107_HPM_SUPPORT_SERVICES,Presolicitation,541330,AC33,Full & Open,2026-08-12,2026-09-30,41.7,,,Matthew Gutmann,matthew.h.gutmann.civ@us.navy.mil,https://sam.gov/workspace/contract/opp/22ec99eba9e8482fb9c1d88f2a832129/view,2026-08-14
17,pass,Next Generation (NextGen) Passport Personalization Printers Support,"STATE, DEPARTMENT OF.STATE, DEPARTMENT OF.ACQUISITIONS - AQM MOMENTUM",19AQMM24R0113,Solicitation,541519,DB02,Full & Open,2026-08-17,2026-09-30,41.7,"Washington, DC",,Kathleen Mejia,mejiakj@state.gov,https://sam.gov/workspace/contract/opp/0e2bd08c75544d479d4589d3dfdbf98b/view,2026-08-17
17,pass,IT MANAGER - PERSONAL SERVICES CONTRACTORS,"TREASURY, DEPARTMENT OF THE.DEPARTMENTAL OFFICES.NATIONAL OFFICE - DO/OTA",2032K826R00020,Presolicitation,541519,R497,Full & Open,2026-08-17,2026-09-30,42.1,,,OTA Recruitment Coordinator,recruitment@ota.treas.gov,https://sam.gov/workspace/contract/opp/0cc490cb4c904c4b80e29b0f123ec2df/view,2026-08-17
17,pass,ERIS Shopping Notice: Distributed Decentralized Control & Estimation,DEPT OF DEFENSE.DEFENSE ADVANCED RESEARCH PROJECTS AGENCY  (DARPA).DEF ADVANCED RESEARCH PROJECTS AGCY,DARPA-SN-26-101,Special Notice,541715,AC12,Full & Open,2026-08-10,2027-07-31,346.0,,DV7 Engineering,ERIS Coordinator,ERIS@darpa.mil,https://sam.gov/workspace/contract/opp/7f42933f64084531877e3e79d3b9f4dd/view,2026-08-17
17,pass,Regional Educational Laboratory Program: 2027 – 2031 Cycle,"EDUCATION, DEPARTMENT OF.EDUCATION, DEPARTMENT OF.INSTITUTE OF EDUCATION SCIENCES",REL2027-2031,Presolicitation,541611,R499,No Set aside used,2026-08-10,,,DC,,Katie Opper,katie.opper@ed.gov,https://sam.gov/workspace/contract/opp/ba2f9d73180441b991688237f85c52f2/view,2026-08-14
17,pass,DSPO Connect Program for Suicide Prevention,DEPT OF DEFENSE.DEFENSE HUMAN RESOURCES ACTIVITY.DEFENSE HUMAN RESOURCES ACTIVITY,H9821026RE009,Presolicitation,541611,R425,No Set aside used,2026-08-06,,,"Alexandria, VA",,Anne T. Ditch,anne.t.ditch.civ@mail.mil,https://sam.gov/workspace/contract/opp/aa782de0ebb840489236a672b871678e/view,2026-08-14
16,pass,Preclinical Services for HIV Therapeutics,"HEALTH AND HUMAN SERVICES, DEPARTMENT OF.NATIONAL INSTITUTES OF HEALTH.NATIONAL INSTITUTES OF HEALTH NIAID",SBSS75N93026R00015,Sources Sought,541715,AN11,Full & Open,2026-08-11,2026-08-25,5.8,,DV7 Engineering,Patrick Finn,patrick.finn@nih.gov,https://sam.gov/workspace/contract/opp/fae98eb5056e4fdb96052b6198ed5b09/view,2026-08-17
16,pass,Support Renewal - Storage Hawk,INTERNATIONAL BOUNDARY AND WATER COMMISSION: US-MEXICO.INTERNATIONAL BOUNDARY AND WATER COMMISSION: US-MEXICO.INTERNAT BOUNDARY AND WATER COMM,FY26r1221143,Special Notice,518210,7F20,Small Business Set Aside - Total,2026-08-16,2026-08-26,6.9,"El Paso, TX",,Angelica Baca,angelica.baca@ibwc.gov,https://sam.gov/workspace/contract/opp/65e34d49d7d14ac48a50f00c0e224cea/view,2026-08-17
16,pass,Warehouse Support Services Recompete ,DEPT OF DEFENSE.DEPT OF THE NAVY.USMC.MARCOR SYSCOM.COMMANDER,M6785426R0137,Solicitation,541330,R425,Service-Disabled Veteran-Owned Small Business (SDVOSB) Set-Aside (FAR 19.14),2026-08-11,2026-08-28,8.2,,,Kendel Phillips,kendel.phillips@usmc.mil,https://sam.gov/workspace/contract/opp/bb576071d72a4500ac43d16d1f6f1b10/view,2026-08-14
16,pass,Warehouse Support Services Recompete ,DEPT OF DEFENSE.DEPT OF THE NAVY.USMC.MARCOR SYSCOM.COMMANDER,M6785426R0137,Solicitation,541330,R425,Service-Disabled Veteran-Owned Small Business (SDVOSB) Set-Aside (FAR 19.14),2026-08-19,2026-08-28,8.2,,,Kendel Phillips,kendel.phillips@usmc.mil,https://sam.gov/workspace/contract/opp/e48d0b753a3b49beaf7561361a6aa5eb/view,2026-08-19
16,pass,Post-Accident Toxicological Testing Oversight,"TRANSPORTATION, DEPARTMENT OF.FEDERAL RAILROAD ADMINISTRATION.693JJ6 FEDERAL RAILROAD ADMIN",693JJ626Q000027,Combined Synopsis/Solicitation,541690,B529,Small Business Set Aside - Total,2026-08-11,2026-08-28,8.6,"Washington, DC",,KeriAnne Gallagher,kerianne.gallagher@dot.gov,https://sam.gov/workspace/contract/opp/16c3f8e83249429d98b04862ba0788d6/view,2026-08-14
16,pass,"Portfolio Acquisition Executive - Marine Corps (PAE-MC) Ground Combat Vehicle Testing, Research, and Development",DEPT OF DEFENSE.DEPT OF THE NAVY.USMC.MARCOR SYSCOM.COMMANDER,M67854-26-I-0202,Special Notice,541330,R425,No Set aside used,2026-08-13,2026-08-28,8.7,"Quantico, VA",,Kathleen W. Keys,kathleen.keys@usmc.mil,https://sam.gov/workspace/contract/opp/c9ef57a1625143b0bc84283dda3abd48/view,2026-08-14
16,pass,ESB FHA Master List,DEPT OF DEFENSE.DEPT OF THE NAVY.MSC.MSC HQS.MSCHQ NORFOLK,N3220526Q7239,Combined Synopsis/Solicitation,541330,H920,Small Business Set Aside - Total,2026-08-18,2026-08-31,11.8,"Norfolk, VA",,Deborah Brett,deborah.d.brett.civ@us.nayv.mil,https://sam.gov/workspace/contract/opp/bfd7d172674c48069f81d5f1be6b20f0/view,2026-08-19
16,pass,Worldwide Environmental Engineering Services,"STATE, DEPARTMENT OF.STATE, DEPARTMENT OF.ACQUISITIONS - AQM MOMENTUM",19AQMM26R0323,Solicitation,541330,R425,Small Business Set Aside - Total,2026-08-07,2026-09-01,12.7,"0, VA",,Lori Botkin,BotkinLL@fan.gov,https://sam.gov/workspace/contract/opp/1848cffc41b04c25a5354e1b64aef2fa/view,2026-08-14
16,pass,Notice of Intent to Sole Soure Advisor Degree Auditing Software,DEPT OF DEFENSE.UNIFORMED SERVICES UNIVERSITY OF THE HEALTH SCIENCES  (USUHS).USUHS,USU_NoticeOfIntent_Advisor_Degree_Auditing_Software,Special Notice,541519,DA10,No Set aside used,2026-08-18,2026-09-02,13.5,"Bethesda, MD",,Ashley McRae,ashley.McRae.ctr@usuhs.edu,https://sam.gov/workspace/contract/opp/bfdf8cc9076b45548658a7b7f0f52752/view,2026-08-19
16,pass,NATO Business Opportunity: Provision of Centralized Operations and Maintenance Patching Services - IT Infrastructure,"COMMERCE, DEPARTMENT OF.BUREAU OF INDUSTRY AND SECURITY",CO-424389-COMPS,Special Notice,541519,,Full & Open,2026-08-09,2026-09-04,15.6,,,,,https://sam.gov/workspace/contract/opp/f12e3e0f50c240e38d30efb94a781ba2/view,2026-08-14
16,pass,Modernized VAERS Reporting Application,"HEALTH AND HUMAN SERVICES, DEPARTMENT OF.CENTERS FOR DISEASE CONTROL AND PREVENTION.CDC OFFICE OF ACQUISITION SERVICES",75D301-26-Q-00146,Combined Synopsis/Solicitation,541511,DA10,Small Business Set Aside - Total,2026-08-17,2026-09-04,15.6,GA,,Howard D. Bish,uwo8@cdc.gov,https://sam.gov/workspace/contract/opp/1afdaae901324ba4ac4f580638ddb03f/view,2026-08-17
16,pass,Modernized VAERS Reporting Application,"HEALTH AND HUMAN SERVICES, DEPARTMENT OF.CENTERS FOR DISEASE CONTROL AND PREVENTION.CDC OFFICE OF ACQUISITION SERVICES",75D301-26-Q-00146,Combined Synopsis/Solicitation,541511,DA10,Small Business Set Aside - Total,2026-08-18,2026-09-04,15.6,GA,,Howard D. Bish,uwo8@cdc.gov,https://sam.gov/workspace/contract/opp/02dc8e5fc6f44e4492ff404bb6b7c587/view,2026-08-19
16,pass,WYAO Woodward Gov Cabinet Assessment,"INTERIOR, DEPARTMENT OF THE.BUREAU OF RECLAMATION.GREAT PLAINS REGIONAL OFFICE",140R6026Q0063,Combined Synopsis/Solicitation,541990,R425,Small Business Set Aside - Total,2026-08-07,2026-09-07,18.9,,,"Oakes, Sydney",SKessel@usbr.gov,https://sam.gov/workspace/contract/opp/15c5e55a38ad41098226c212b9525441/view,2026-08-17
16,pass,NATO Business Opportunity: Force Lethality Enhancement eXtended (FLEX) Modelling and Simulation Study,"COMMERCE, DEPARTMENT OF.BUREAU OF INDUSTRY AND SECURITY",RFP-ACT-SACT-26-16-Part-C,Special Notice,541990,,Full & Open,2026-08-10,2026-09-10,21.5,53470,,,,https://sam.gov/workspace/contract/opp/314f078b4af94776b192c2a5b2baa1b1/view,2026-08-17
16,pass,R425--VHA Fire Protection and Life Safety Services BPA,"VETERANS AFFAIRS, DEPARTMENT OF.VETERANS AFFAIRS, DEPARTMENT OF.PCAC (36C776)",36C77626Q0240,Combined Synopsis/Solicitation,541330,R425,Small Business Set Aside - Total,2026-08-19,2026-09-10,21.8,,,Charles Taylor,charles.taylor22@va.gov,https://sam.gov/workspace/contract/opp/68347e4e14d44c008466586dafe1270c/view,2026-08-19
16,pass,Sensor Agnostic Emulator & Trainer (SAET),DEPT OF DEFENSE,FA852726RSAET,Special Notice,541330,R425,Full & Open,2026-08-17,2026-09-18,29.8,"Warner Robins, GA",,Philip Holt,philip.holt@us.af.mil,https://sam.gov/workspace/contract/opp/eff0352a48d249619d9fb777d40cfbeb/view,2026-08-17
16,pass,TECOM Range and Training Area Management (RTAM) Support Services  M00264-26-R-0005,DEPT OF DEFENSE.DEPT OF THE NAVY.USMC.MARCORP I&L.MARINE CORPS INSTALLATIONS COMMAND.MCINCR.COMMANDER,M00264-26-R-0005,Solicitation,541990,R499,Small Business Set Aside - Total,2026-08-13,2026-09-24,35.6,,,Ana Rosa Manavi,anarosa.manavi@usmc.mil,https://sam.gov/workspace/contract/opp/da1a687aa1c34921ab5f4a84f3fe0adb/view,2026-08-17
16,pass,SeaPort-NxG Combat Systems Services (CSS) Follow-on Advance Notice,DEPT OF DEFENSE.DEPT OF THE NAVY.NAVSEA.NAVSEA WARFARE CENTER.NSWC DAHLGREN,N0017826R3103,Special Notice,541330,R425,No Set aside used,2026-08-07,,,"Wallops Island, VA",,Kaylynn DeBernard,kaylynn.m.debernard.civ@us.navy.mil,https://sam.gov/workspace/contract/opp/5253b342806c422e99b521a0b8d1fbcf/view,2026-08-14
16,pass,Naval Air Systems Command (NAVAIR) Depot Maintenance System (NDMS) Advance Notice of Request for Proposal (RFP),DEPT OF DEFENSE.DEPT OF THE NAVY,N68520-25-RFPREQ-F600000-0074,Special Notice,541511,DA01,No Set aside used,2026-08-18,,,"0, MD",,Linda Kuginskie,linda.s.kuginskie.civ@us.navy.mil,https://sam.gov/workspace/contract/opp/a717f030753d457b8b90e5e236686ebf/view,2026-08-19
15,pass,Species Identification and Pathogen Detection in Field-Collected Ticks in Kosovo,DEPT OF DEFENSE.DEPT OF THE NAVY.NAVSUP.NAVSUP GLOBAL LOGISTICS SUPPORT.NAVSUP FLC SIGONELLA.NAVSUP FLC SIGONELLA NAPLES OFFICE,1301396449,Special Notice,541715,AN42,Full & Open,2026-08-19,2026-08-21,0.9,"Pristina, XK-26",DV7 Engineering,Benjamin Hardy,benjamin.n.hardy.civ@us.navy.mil,https://sam.gov/workspace/contract/opp/3abead25dad04e48a9b4fe03f525e191/view,2026-08-19
15,pass,AutoFrettage Test Stand Installation & Training,DEPT OF DEFENSE.DEPT OF THE AIR FORCE.AIR FORCE GLOBAL STRIKE COMMAND.FA4625  509 CONS CC,FA462526Q1048,Combined Synopsis/Solicitation,334513,4920,Small Business Set Aside - Total,2026-08-18,2026-08-21,1.6,"Whiteman Air Force Base, MO",DV7 Engineering,Najee Holland,najee.holland@us.af.mil,https://sam.gov/workspace/contract/opp/dec1a8b4088d4839ac6383dd1bcda8d7/view,2026-08-19
15,pass,Aeronox Night Vision Devices,DEPT OF DEFENSE.DEPT OF THE AIR FORCE.SPACE SYSTEMS COMMAND.FA2521  45 CONS PK,FA252126QB148,Combined Synopsis/Solicitation,334511,4240,Small Business Set Aside - Total,2026-08-17,2026-08-24,4.6,"Patrick AFB, FL",DV7 Engineering,Christopher Petrosky,christopher.petrosky.4@spaceforce.mil,https://sam.gov/workspace/contract/opp/190992a0c26c40c99a6fb39762291275/view,2026-08-17
15,pass,Multibeam/Portable Workstation,DEPT OF DEFENSE.DEPT OF THE ARMY.US ARMY CORPS OF ENGINEERS.ENGINEER DIVISION MISSISSIPPI VALLEY.ENDIST ST PAUL.W07V ENDIST ST PAUL,W912ES26QA093,Solicitation,334511,6655,Small Business Set Aside - Total,2026-08-05,2026-08-24,4.6,,DV7 Engineering,Scott Hendrix,scott.e.hendrix@usace.army.mil,https://sam.gov/workspace/contract/opp/ea7bdf96d48f46fab65cf7fe94d6ad4f/view,2026-08-17
15,pass,NAVFAC WASHINGTON FY26 AE IDIQ INDUSTRIAL,DEPT OF DEFENSE.DEPT OF THE NAVY.NAVFAC.NAVFAC ATLANTIC CMD.NAVFAC WASHINGTON.NAVFACSYSCOM WASHINGTON,N4008026RAEIDIQINDUSTRIAL,Sources Sought,541330,R425,No Set aside used,2026-08-06,2026-08-24,4.7,"Washington Navy Yard, DC",,Frank Decker,frank.g.decker.civ@us.navy.mil,https://sam.gov/workspace/contract/opp/bad60e9c4ab542e7a0b071305ba972be/view,2026-08-14
15,pass,"FHWA Office of Policy and Governmental Affairs, Evidence-Based Transportation Studies, Legislative Affairs, International Engagement, and Policy Communications","TRANSPORTATION, DEPARTMENT OF.FEDERAL HIGHWAY ADMINISTRATION.693JJ3 ACQUISITION AND GRANTS MGT",HPLRFI2026,Sources Sought,541611,R408,Full & Open,2026-08-14,2026-08-24,4.7,"Washington, DC",,Carolyn Lethert,carolyn.lethert@dot.gov,https://sam.gov/workspace/contract/opp/07ee2890f1464fd9986cbfbeab67b236/view,2026-08-17
15,pass,High-Frequency Reciprocating Rig (HFRR) Equipment Update,DEPT OF DEFENSE.DEPT OF THE AIR FORCE.AIR FORCE MATERIEL COMMAND.AIR FORCE LIFE CYCLE MANAGEMENT CENTER.FA8601  AFLCMC PZIO,FA860126P0086,Special Notice,334513,6640,No Set aside used,2026-08-17,2026-08-24,4.7,"Wright Patterson AFB, OH",DV7 Engineering,Henry Agee,henry.agee@us.af.mil,https://sam.gov/workspace/contract/opp/88f87f221d3e46ba87e62ff999a8565e/view,2026-08-18
15,pass,CGC KUKUI PERKO SEARCH LIGHT,"HOMELAND SECURITY, DEPARTMENT OF.US COAST GUARD.SFLC PROCUREMENT BRANCH 2(00085)",70Z08526Q0026256,Combined Synopsis/Solicitation,334511,J020,Small Business Set Aside - Total,2026-08-14,2026-08-25,5.6,"Sitka, AK",DV7 Engineering,DONNA O'NEAL,Donna.J.O'Neal@uscg.mil,https://sam.gov/workspace/contract/opp/c7ac0b453b9d46919c6ab6041e19237e/view,2026-08-17
15,pass,Sources Sought for AIRWorks Lead Systems Integrator (LSI) Follow-On,DEPT OF DEFENSE.DEPT OF THE NAVY.NAVAIR.NAVAIR NAWC AD.NAVAL AIR WARFARE CENTER AIR DIV,N00421-27-RFPREQ-A0X0000-0005,Sources Sought,541330,,No Set aside used,2026-08-12,2026-08-25,5.8,"0, MD",,Chloe O'Dell,chloe.l.odell.civ@us.navy.mil,https://sam.gov/workspace/contract/opp/3e06697a91514438b32db245d4378d5b/view,2026-08-14
15,pass,EchoOne small Unmanned Aircraft System (sUAS) Light Detection and Ranging (LiDAR) System “or equal”,DEPT OF DEFENSE.DEPT OF THE AIR FORCE.AIR FORCE MATERIEL COMMAND.AF INSTALLATION & MISSION SUPPORT CENTER.FA8051  772 ESS PKD,FA805126Q4006,Combined Synopsis/Solicitation,334511,6660,Small Business Set Aside - Total,2026-08-13,2026-08-26,6.5,"San Antonio, TX",DV7 Engineering,Grace Pennington,grace.pennington@us.af.mil,https://sam.gov/workspace/contract/opp/4d910bedaf804d0ba11de837e584336f/view,2026-08-17
15,pass,Electronic Limited Technical Inspection (LTI) and System Integration Solution,DEPT OF DEFENSE.DEPT OF THE NAVY.USMC.MARCOR SYSCOM.COMMANDER,M6785426I5422,Sources Sought,541512,DA01,No Set aside used,2026-08-12,2026-08-26,6.9,"Quantico, VA",,Ebony King,ebony.king@usmc.mil,https://sam.gov/workspace/contract/opp/88a9452ef9a041839867ba601ea94f82/view,2026-08-14
15,pass,SF6 Gas Analyzer and Services Cart,DEPT OF DEFENSE.DEPT OF THE ARMY.US ARMY CORPS OF ENGINEERS.ENGINEER DIVISION NORTHWESTERN.ENDIST PORTLAND.W071 ENDIST PORTLAND,W9127N26QA144,Combined Synopsis/Solicitation,334513,6630,Small Business Set Aside - Total,2026-08-12,2026-08-26,6.9,"Cascade Locks, OR",DV7 Engineering,Consuelo Kiser,consuelo.j.kiser@usace.army.mil,https://sam.gov/workspace/contract/opp/364cabf1ca8e461aa92a13cc19c55b9c/view,2026-08-17
15,pass,"Notice of Intent to Single Source to Dataworks Development, Inc.","COMMERCE, DEPARTMENT OF.NATIONAL OCEANIC AND ATMOSPHERIC ADMINISTRATION.DEPT OF COMMERCE NOAA",FD-2026-531-RBC,Special Notice,513210,DA10,Small Business Set Aside - Total,2026-08-12,2026-08-27,7.6,"Mountlake Terrace, WA",,Raynier Camerino,raynier.camerino@noaa.gov,https://sam.gov/workspace/contract/opp/3d969c80ea764d52b7fad26bc1e78b32/view,2026-08-14
15,pass,Request for Whitepaper - AEDC Facility Digital Twins and Predictive Analytics,DEPT OF DEFENSE.DEPT OF THE AIR FORCE.AIR FORCE MATERIEL COMMAND.AIR FORCE TEST CENTER.FA9101  AEDC PKP   PROCRMNT BR,FA910126RWP-DigitalTwins,Solicitation,541330,T013,Full & Open,2026-08-07,2026-08-28,8.7,"0, TN",,Erica Anglin,erica.anglin@us.af.mil,https://sam.gov/workspace/contract/opp/e2ada0e138d74b979611a844dc096e82/view,2026-08-14
15,pass,FY27 Dolphin Imaging Software,DEPT OF DEFENSE.DEFENSE HEALTH AGENCY (DHA).DHA ENTERPRISE MED SUPPORT EMS-CD,HT001526QE038,Combined Synopsis/Solicitation,541511,DA10,No Set aside used,2026-08-19,2026-08-28,8.7,"0, TX",,Benjamin J. Reedy,benjamin.j.reedy2.civ@health.mil,https://sam.gov/workspace/contract/opp/e3c84962641b4a11911f8cb569cabfcd/view,2026-08-19
15,pass,US Embassy Tbilisi American Spaces Procurement /Financial Administration Services,"STATE, DEPARTMENT OF.STATE, DEPARTMENT OF.US EMBASSY TBILISI",19GG8026Q0031,Combined Synopsis/Solicitation,541611,B547,No Set aside used,2026-08-11,2026-08-31,11.5,"Tbilisi, GE-TB",,Larry Dumlao,DumlaoLV@state.gov,https://sam.gov/workspace/contract/opp/67ff1396643c43f5b63d09e4f851a7c8/view,2026-08-14
15,pass,Navigational Database (NavDB),DEPT OF DEFENSE.DEPT OF THE AIR FORCE.AIR FORCE MATERIEL COMMAND.AIR FORCE LIFE CYCLE MANAGEMENT CENTER.MOBILITY AIRCRAFT.FA8504  AFLCMC WLNKA,FA850426QB001,Combined Synopsis/Solicitation,541330,R425,No Set aside used,2026-08-18,2026-08-31,11.8,GA,,Megan Salter,megan.salter@us.af.mil,https://sam.gov/workspace/contract/opp/7a428d137ca7475b93bce26cca6be37b/view,2026-08-19
15,pass,TOTAL ENGINEERING AND INTEGRATION SERVICES  (TEIS) IV On-Ramp Opportunity,DEPT OF DEFENSE.DEPT OF THE ARMY.AMC.ACC.ACC-CTRS.ACC-APG.W6QK ACC-APG CONTR CTR,W91RUS27RA001,Combined Synopsis/Solicitation,541512,R425,Small Business Set Aside - Partial,2026-08-18,2026-10-07,48.9,"Fort Huachuca, AZ",,Maren Marcy,maren.b.marcy.civ@army.mil,https://sam.gov/workspace/contract/opp/f3b9b36b02174fdd9ce7f60e33539fc6/view,2026-08-19
14,pass,"Project Engineering, Manufacturing, and Science Services (PEMSS)",NATIONAL AERONAUTICS AND SPACE ADMINISTRATION.NATIONAL AERONAUTICS AND SPACE ADMINISTRATION.NASA AMES RESEARCH CENTER,80ARC027R0001-ID,Sources Sought,541330,R425,Small Business Set Aside - Total,2026-08-04,2026-08-20,0.6,"0, CA",,Tiffany Goodwin,tiffany.n.goodwin@nasa.gov,https://sam.gov/workspace/contract/opp/8156970d13f24acabd24129ded5eb762/view,2026-08-14
14,pass,"Project Engineering, Manufacturing, and Science Services (PEMSS)",NATIONAL AERONAUTICS AND SPACE ADMINISTRATION.NATIONAL AERONAUTICS AND SPACE ADMINISTRATION.NASA AMES RESEARCH CENTER,80ARC027R0001-ID,Sources Sought,541330,R425,Small Business Set Aside - Total,2026-08-17,2026-08-20,0.6,"0, CA",,Tiffany Goodwin,tiffany.n.goodwin@nasa.gov,https://sam.gov/workspace/contract/opp/b45cdac937b5476bbf8f82a7e9a62f36/view,2026-08-18
14,pass,Emotional Intelligence (EQI) Assessments and Reports Services,DEPT OF DEFENSE.WASHINGTON HEADQUARTERS SERVICES (WHS),JS071720260929,Special Notice,518210,R408,No Set aside used,2026-08-17,2026-08-21,1.7,"Fort Belvoir, VA",,,,https://sam.gov/workspace/contract/opp/5b73505e1fee44c78cdcebc928b83f65/view,2026-08-17
14,pass,Hospital Communications Support,DEPT OF DEFENSE.DEFENSE HEALTH AGENCY (DHA).DEFENSE HEALTH AGENCY,RFQHT001426QE033,Solicitation,541611,R426,Small Business Set Aside - Total,2026-08-10,2026-08-21,1.8,"Bethesda, MD",,Philip Atwell,philip.b.atwell.ctr@health.mil,https://sam.gov/workspace/contract/opp/c826817eb4aa4d46a0bf77a96e92be4a/view,2026-08-14
14,pass,"SeaPort Small Business Only, Professional Engineering services NAICS 541330",DEPT OF DEFENSE.DEPT OF THE NAVY.NAVFAC.NAVFAC PACIFIC CMD.NAVFAC NORTHWEST NW.NAVFACSYSCOM NORTHWEST,N44266-26-R-0003-N00178-24-R-7000,Sources Sought,541330,R425,Small Business Set Aside - Total,2026-08-13,2026-08-21,1.9,,,Charles Jacobs,charles.f.jacobs12.civ@us.navy.mil,https://sam.gov/workspace/contract/opp/52e140785d1c4735b6ab2555cb7e30b8/view,2026-08-14
14,pass,"SeaPort Small Business Only, Professional Engineering services NAICS 541330",DEPT OF DEFENSE.DEPT OF THE NAVY.NAVFAC.NAVFAC PACIFIC CMD.NAVFAC NORTHWEST NW.NAVFACSYSCOM NORTHWEST,N44266-26-R-0003-N00178-24-R-7000,Sources Sought,541330,R425,Small Business Set Aside - Total,2026-08-17,2026-08-21,1.9,,,Charles Jacobs,charles.f.jacobs12.civ@us.navy.mil,https://sam.gov/workspace/contract/opp/01d14eea60dd4bc39b9fd73085f5a1e5/view,2026-08-17
14,pass,Enterprise Visibility and Management of Operating and Support Cost Support Services for USMC,DEPT OF DEFENSE.WASHINGTON HEADQUARTERS SERVICES (WHS), BE072920261322,Special Notice,541512,DA01,No Set aside used,2026-08-18,2026-08-24,4.6,"928, VA",,RONICA SHELTON,ronica.l.shelton.civ@mail.mil,https://sam.gov/workspace/contract/opp/13898a8faa4546439bfa0f4e2af8dc72/view,2026-08-19
14,pass,Fox Tail Industry Day,DEPT OF DEFENSE.DEFENSE ADVANCED RESEARCH PROJECTS AGENCY  (DARPA).DEF ADVANCED RESEARCH PROJECTS AGCY,DARPA-SN-26-109,Special Notice,541715,AC12,Full & Open,2026-08-12,2026-08-24,4.7,,DV7 Engineering,BAA Coordinator,FoxTail@darpa.mil,https://sam.gov/workspace/contract/opp/f26611dc937c4a91884c009a6a9f9f04/view,2026-08-17
14,pass,Naval Information Warfighting Development Center Electronic Warfare Data IDIQ,DEPT OF DEFENSE.DEPT OF THE NAVY.NAVSUP.NAVSUP GLOBAL LOGISTICS SUPPORT.NAVSUP FLC NORFOLK.NAVSUP FLT LOG CTR NORFOLK,N0018926RL023,Combined Synopsis/Solicitation,541511,R699,Small Business Set Aside - Total,2026-08-06,2026-08-25,5.6,"Norfolk, VA",,Kendall Mulherin,kendall.l.mulherin.civ@us.navy.mil,https://sam.gov/workspace/contract/opp/5f19141a785f4aa5ac8333533b181be0/view,2026-08-14
14,pass,Risk Underlying Rural Areas Longitudinal (RURAL) H,"HEALTH AND HUMAN SERVICES, DEPARTMENT OF.NATIONAL INSTITUTES OF HEALTH.NATIONAL INSTITUTES OF HEALTH OLAO",75N98026R00074,Solicitation,541715,AN12,Full & Open,2026-08-19,2026-11-05,77.8,,DV7 Engineering,"BULGER, ELIZABETH R",elizabeth.bulger@nih.gov,https://sam.gov/workspace/contract/opp/80849d7ee40645688b019e4fbcb4d10e/view,2026-08-19
14,pass,Missile Defense Agency - Nimble Options for Buying Layered Effects (NOBLE) Announcement,DEPT OF DEFENSE.MISSILE DEFENSE AGENCY (MDA).MISSILE DEFENSE AGENCY (MDA),HQ0860-25-S-0001,Combined Synopsis/Solicitation,541715,AC13,Full & Open,2026-08-06,2030-03-27,1315.1,,DV7 Engineering,MDA-NOBLE@mail.mil,MDA-NOBLE@mail.mil,https://sam.gov/workspace/contract/opp/8454bcc3da4940999d901ac01805c4ed/view,2026-08-17
13,pass,Water Management Programming,DEPT OF DEFENSE.DEPT OF THE ARMY.US ARMY CORPS OF ENGINEERS.ENGINEER DIVISION NORTHWESTERN.ENDIST PORTLAND.W071 ENDIST PORTLAND,W9127N26QA127,Combined Synopsis/Solicitation,541511,DA10,Full & Open,2026-08-07,2026-08-21,1.9,"Portland, OR",,Joshua Mahon,joshua.d.mahon@usace.army.mil,https://sam.gov/workspace/contract/opp/876b1388e52543b4a9c092f0e268124c/view,2026-08-14
13,pass,Sole Source Intent - Full-Face Snorkel Testing,CONSUMER PRODUCT SAFETY COMMISSION.CONSUMER PRODUCT SAFETY COMMISSION.CONSUMER PRODUCT SAFETY COMMISSION,CPS-2114-26-0002,Special Notice,541715,AJ11,Full & Open,2026-08-10,2026-08-24,4.6,MD,DV7 Engineering,Felecia Pritchett,fpritchett@cpsc.gov,https://sam.gov/workspace/contract/opp/8d76fae305784c22ac36d7e889af280d/view,2026-08-17
13,pass,PureAire 2026,NATIONAL AERONAUTICS AND SPACE ADMINISTRATION.NATIONAL AERONAUTICS AND SPACE ADMINISTRATION.NASA SHARED SERVICES CENTER,80NSSC26941778Q,Combined Synopsis/Solicitation,334513,6695,Small Business Set Aside - Total,2026-08-19,2026-08-26,6.5,"Hampton, VA",DV7 Engineering,Shanna Patterson,shanna.l.patterson@nasa.gov,https://sam.gov/workspace/contract/opp/8454e15449134b0e8c2ed7331a37fbeb/view,2026-08-19
13,pass,DOL BLS Consumer Electronics Data - RFQ 1605C5-26-Q-00034,"LABOR, DEPARTMENT OF.OFFICE OF THE ASSISTANT SECRETARY FOR ADMINISTRATION AND MANAGEMENT.DOL - CAS DIVISION 5 PROCUREMENT",1605C5-26-Q-00034,Solicitation,518210,R702,No Set aside used,2026-08-19,2026-08-27,7.7,"80742, DC",,Jasmine Lee,lee.jasmine.4@dol.gov,https://sam.gov/workspace/contract/opp/d4ec7400cf264d67be5fe2712b305ced/view,2026-08-19
13,pass,2024 & 2025 Estimates of WIC Eligibility and Program Reach,"AGRICULTURE, DEPARTMENT OF.FOOD AND NUTRITION SERVICE.USDA FOOD AND NUTRITION ADMINISTRATION",12319826Q5007,Solicitation,541611,R499,No Set aside used,2026-08-13,2026-08-28,8.6,"4000, VA",,"Mrs. LaShaun Thompson, Contract Specialist",LaShaun.Thompson@usda.gov,https://sam.gov/workspace/contract/opp/8acb88688d804e399ea19e279f5b126c/view,2026-08-14
13,pass,Training & TA Contract for State Councils on Developmental Disabilities,"HEALTH AND HUMAN SERVICES, DEPARTMENT OF.OFFICE OF THE ASSISTANT SECRETARY FOR FINANCIAL RESOURCES (ASFR).OMAS STRATEGIC BUYING CENTER - HHS MISSION",7571MN26R00028,Solicitation,541611,R499,No Set aside used,2026-08-10,2026-08-28,8.7,"Washington, DC",,Kaitlin White,kaitlin.white@hhs.gov,https://sam.gov/workspace/contract/opp/2741d2c6904546a19b6e18d3569900ac/view,2026-08-14
13,pass,"Southwest Regional Maintenance Center (SWRMC) Hull, Mechanical, and Electrical (HM&E) Fleet Technical Assistance (FTA) Follow-On Engineering Services",DEPT OF DEFENSE.DEPT OF THE NAVY.NAVSEA.REGIONAL MAINTENANCE CENTER.SOUTHWEST REGIONAL MAINT CENTER,N5523626R0007,Solicitation,541330,R425,No Set aside used,2026-08-05,2026-09-04,15.7,"San Diego, CA",,Anna Nguyen,anna.d.nguyen.civ@us.navy.mil,https://sam.gov/workspace/contract/opp/3509aefdbaeb4990b41647b219abf85d/view,2026-08-14
13,pass,Call for Solutions: Fog Tester Analysis Software Application,DEPT OF DEFENSE.DEPT OF THE ARMY.AMC.ACC.ACC-CTRS.ACC-APG.W6QK ACC-APG NATICK,W911QY-26-R-FOG,Combined Synopsis/Solicitation,541511,DA01,No Set aside used,2026-08-19,2026-09-04,15.8,MA,,Kaylie Silva,kaylie.j.silva.civ@army.mil,https://sam.gov/workspace/contract/opp/830158a191ce49349e90244b9f250e85/view,2026-08-19
13,pass,EURAFCENT Multiple Discipline Support Services - Multiple ROICC Offices,DEPT OF DEFENSE.DEPT OF THE NAVY.NAVFAC.NAVFAC ATLANTIC CMD.NAVFAC EUR SWA.NAVFACSYSCOM EUROPE AFRICA CENTRAL,N3319126R0033,Solicitation,541330,R499,Full & Open,2026-08-07,2026-09-08,19.3,,,Paul Martha,paul.m.martha.civ@us.navy.mil,https://sam.gov/workspace/contract/opp/24445359346a4ee99e535abf6e196b8e/view,2026-08-14
13,pass,Paperless Medication Guides & Patient Education Platform,"VETERANS AFFAIRS, DEPARTMENT OF.VETERANS AFFAIRS, DEPARTMENT OF.260-NETWORK CONTRACT OFFICE 20 (36C260)",36C26026Q0925,Combined Synopsis/Solicitation,513210,DA10,Full & Open,2026-08-11,2026-09-08,19.8,"Portland, OR",,Jose E Ronstadt,jose.ronstadt@va.gov,https://sam.gov/workspace/contract/opp/1b31c33d4b084a2b9dd9bf8f72955ac4/view,2026-08-14
13,pass,CAP-EX IDIQ SOLICITATION,DEPT OF DEFENSE.DEPT OF THE NAVY.NAVFAC.NAVFAC ATLANTIC CMD.NAVFAC WASHINGTON.NAVFACSYSCOM WASHINGTON,N4008026R1004,Solicitation,541330,R408,Full & Open,2026-08-13,2026-09-10,21.7,,,Lindsay Brown,Lindsay.m.brown14.civ@us.navy.mil,https://sam.gov/workspace/contract/opp/43922151534a47f5bc3abfc1ddf2860b/view,2026-08-14
13,pass,"N0016426R3122 - NSWC Crane, Code GXW - Professional Support Services  ",DEPT OF DEFENSE.DEPT OF THE NAVY.NAVSEA.NAVSEA WARFARE CENTER.NSWC CRANE,N0016426R3122,Solicitation,541330,R425,Full & Open,2026-08-18,2026-09-18,29.6,,,Matthew BURCH,matthew.l.burch2.civ@us.navy.mil,https://sam.gov/workspace/contract/opp/1f7566df5672456194e1b52ddf6d5f7f/view,2026-08-19
12,pass,"Industrial Hygiene Equipment and Calibration for Guthrie Army Health Clinic, Fort Drum",DEPT OF DEFENSE.DEFENSE HEALTH AGENCY (DHA).DEFENSE HEALTH AGENCY,HT001426QE021,Combined Synopsis/Solicitation,334513,J065,Full & Open,2026-08-12,2026-08-20,0.6,"Fort Drum, NY",DV7 Engineering,Kathryn Quinones,kathryn.r.quinones.civ@health.mil,https://sam.gov/workspace/contract/opp/52d715bc05f34c4980e5877119b0dcb1/view,2026-08-17
12,pass,Industry Day Announcement For Navy Fielded Training Systems Support VI (FTSS VI) ,DEPT OF DEFENSE.DEPT OF THE NAVY.NAVAIR.NAVAIR NAWC TSD.NAWC TRAINING SYSTEMS DIV,N6134027R1002,Presolicitation,541330,J069,Small Business Set Aside - Partial,2026-08-18,2026-08-21,1.6,,,Lynn Carlson,lynn.a.carlson4.civ@us.navy.mil,https://sam.gov/workspace/contract/opp/db11bc8a447d49088803f065e70c27b6/view,2026-08-19
12,pass,REPAIR KIT NO.1,DEPT OF DEFENSE.DEPT OF THE NAVY.NAVSUP.NAVSUP WEAPON SYSTEMS SUPPORT.NAVSUP WSS MECHANICSBURG.NAVSUP WEAPON SYSTEMS SUPPORT MECH,N0010426QAC74,Solicitation,334511,6605,Full & Open,2026-08-12,2026-08-21,1.8,,DV7 Engineering,Telephone: 7176052172,JENNIFER.HENRY@NAVY.MIL,https://sam.gov/workspace/contract/opp/473c964ec48c4764a2ab641219917563/view,2026-08-17
12,pass,Kobold Instruments Needs,"ENERGY, DEPARTMENT OF.ENERGY, DEPARTMENT OF.ORNL UT-BATTELLE LLC-DOE CONTRACTOR",PR496265,Combined Synopsis/Solicitation,334513,6685,Full & Open,2026-08-17,2026-08-21,1.8,"Oak Ridge, TN",DV7 Engineering,Maureen Nanstad,nanstadmg@ornl.gov,https://sam.gov/workspace/contract/opp/1e9d02c69a4f44a99a5115602030d641/view,2026-08-18
12,pass,"66--DISPLAY UNIT,FLIGHT",DEPT OF DEFENSE.DEPT OF THE NAVY.NAVSUP.NAVSUP WEAPON SYSTEMS SUPPORT.NAVSUP WSS PHILADELPHIA.NAVSUP WEAPON SYSTEMS SUPPORT,N0038326RMA89,Solicitation,334511,6610,Full & Open,2026-08-13,2026-08-24,4.7,,DV7 Engineering,Telephone: 2156974313,PETER.A.KOBRYN.CIV@US.NAVY.MIL,https://sam.gov/workspace/contract/opp/5d53407d533d4a3a8c0931a477078621/view,2026-08-17
12,pass,R499--On-site Survey Readiness Services (Mock Physical Environment  / Life Safety Survey),"VETERANS AFFAIRS, DEPARTMENT OF.VETERANS AFFAIRS, DEPARTMENT OF.252-NETWORK CONTRACT OFFICE 12 (36C252)",36C25226Q0636,Presolicitation,541611,R499,Service-Disabled Veteran-Owned Small Business (SDVOSB) Set-Aside (FAR 19.14),2026-08-11,2026-08-25,5.6,,,Robert Ruska,Robert.Ruska@va.gov,https://sam.gov/workspace/contract/opp/e854f985306d4bc39336edb274accf0c/view,2026-08-14
12,pass,Area of Interest: OSW Cost Assessment and Program Evaluation (CAPE) Business Process Modernization,DEPT OF DEFENSE.WASHINGTON HEADQUARTERS SERVICES (WHS).WASHINGTON HEADQUARTERS SERVICES,HQ003426AOI04,Combined Synopsis/Solicitation,541715,AC32,Full & Open,2026-08-12,2026-08-25,5.9,,DV7 Engineering,Danny Uhr,danny.j.uhr.civ@mail.mil,https://sam.gov/workspace/contract/opp/d8d137a1ad5a4f6ebb9ef3c323b3db33/view,2026-08-17
12,pass,DA01--Upgrade and Expansion of Wandering Patient Alarm System,"VETERANS AFFAIRS, DEPARTMENT OF.VETERANS AFFAIRS, DEPARTMENT OF.262-NETWORK CONTRACT OFFICE 22 (36C262)",36C26226Q1365,Special Notice,541990,DA01,Full & Open,2026-08-17,2026-08-27,7.3,,,Edgar Alvizar,Edgar.Alvizar@va.gov,https://sam.gov/workspace/contract/opp/f86d223dd6e44a8087b9d544ed0aee22/view,2026-08-19
12,pass,"DA01--Software maintenance and support services for existing  MyPath tools in support of VA Puget Sound Healthcare System,  Seattle, WA","VETERANS AFFAIRS, DEPARTMENT OF.VETERANS AFFAIRS, DEPARTMENT OF.260-NETWORK CONTRACT OFFICE 20 (36C260)",36C26026Q0852,Combined Synopsis/Solicitation,541511,DA01,Small Business Set Aside - Total,2026-08-17,2026-08-27,7.8,Seattle,,Jennifer Robles,jennifer.robles1@va.gov,https://sam.gov/workspace/contract/opp/57783181490543c2a97d9cd1518f7925/view,2026-08-17
12,pass,Kennedy Exploration Ground Systems (EGS) Program (LX) Support Services Contract Three (KLXS III),NATIONAL AERONAUTICS AND SPACE ADMINISTRATION.NATIONAL AERONAUTICS AND SPACE ADMINISTRATION.NASA KENNEDY SPACE CENTER,,Special Notice,541330,R425,No Set aside used,2026-08-14,2026-08-28,8.8,"Cape Canaveral, FL",,"Tara ""Chele"" Francisco",tara.francisco@nasa.gov,https://sam.gov/workspace/contract/opp/63625319bb414149990c5bcd80267e50/view,2026-08-14
12,pass,Notice of Intent to negotiate sole source contract to HECTOR J RUIZ TORRES,"COMMERCE, DEPARTMENT OF.NATIONAL OCEANIC AND ATMOSPHERIC ADMINISTRATION",FD-2026-494,Special Notice,541690,R499,No Set aside used,2026-08-13,2026-08-28,8.9,PR,,Amy Gilliland,amy.gilliland@noaa.gov,https://sam.gov/workspace/contract/opp/0fdae7391b4a401abf100bcba62effea/view,2026-08-14
12,pass,J049--Centrak RTLS Master Service Agreement (MSA)  MEDVAMC,"VETERANS AFFAIRS, DEPARTMENT OF.VETERANS AFFAIRS, DEPARTMENT OF.256-NETWORK CONTRACT OFFICE 16 (36C256)",36C25626Q1224,Combined Synopsis/Solicitation,541512,J049,Small Business Set Aside - Total,2026-08-18,2026-08-28,8.9,,,Steven A. Berkeley,Steven.berkeley@va.gov,https://sam.gov/workspace/contract/opp/68b5a09d23d64fb1a779124a6464c5c8/view,2026-08-19
12,pass,RFQ for Anchor Load Recertification (FY26-FY31),DEPT OF DEFENSE.DEPT OF THE ARMY.NATIONAL GUARD BUREAU.JFHQ USPFO HI.USPFO HI PROCUREMENT.W7M4 USPFO ACTIVITY HI ARNG,W912J626QA006,Combined Synopsis/Solicitation,541990,H142,Small Business Set Aside - Total,2026-08-14,2026-08-31,11.8,"Kapolei, HI",,Emma Newbegin,emma.a.newbegin.civ@army.mil,https://sam.gov/workspace/contract/opp/09974ad651514b54895aab63fce3a036/view,2026-08-17
12,pass,D--WEB TO PRINT SUPPORT SERVICES,"INTERIOR, DEPARTMENT OF THE.BUREAU OF RECLAMATION.UPPER COLORADO REGIONAL OFFICE",140R4026Q0132,Special Notice,541519,DA01,Full & Open,2026-08-18,2026-09-02,13.9,,,"Manning, Savanna",smanning@usbr.gov,https://sam.gov/workspace/contract/opp/64f6b1f76c664ec18e7f701f911238bf/view,2026-08-19
12,pass,N6134026R1014: FTSS V Maritime COMS Draft RFP,DEPT OF DEFENSE.DEPT OF THE NAVY.NAVAIR.NAVAIR NAWC TSD.NAWC TRAINING SYSTEMS DIV,N6134026R1014,Special Notice,541330,J069,Full & Open,2026-08-06,,,,,Kristen Williams,Kristen.a.williams10.civ@us.navy.mil,https://sam.gov/workspace/contract/opp/7ca929cf946445fc9db4cd0a98c14346/view,2026-08-14
12,pass,CPE ST3 Technical Exchange,DEPT OF DEFENSE.DEPT OF THE ARMY.AMC.ACC.ACC-CTRS.ACC-APG.W6QK ACC-APG-ORLANDO,ST3-TECH-EXCHANGE-TECH-GROVE,Special Notice,541511,,No Set aside used,2026-08-05,,,FL,,"Capability Program Executive Simulation, Training Test and Threat (CPE ST3)",CPEST3engagements@army.mil,https://sam.gov/workspace/contract/opp/753055e945e54d979e4b516a3461076c/view,2026-08-14
11,pass,KNOWLEDGE MANAGEMENT TECHNICAL SUPPORT SERVICES (KMTSS),"HEALTH AND HUMAN SERVICES, DEPARTMENT OF.OFFICE OF THE ASSISTANT SECRETARY FOR FINANCIAL RESOURCES (ASFR).OMAS STRATEGIC BUYING CENTER - INFORMATION TECHNOLOGY",SSN26-7571-CDC96901,Sources Sought,541512,DA01,Full & Open,2026-08-11,2026-08-20,0.6,"Atlanta, GA",,Miguel Diaz,miguel.diaz@hhs.gov,https://sam.gov/workspace/contract/opp/a90772453af941aabffd51b3cee8d114/view,2026-08-14
11,pass,DA10--FleetCommander - Fleet Management and Control System,"VETERANS AFFAIRS, DEPARTMENT OF.VETERANS AFFAIRS, DEPARTMENT OF.TECHNOLOGY ACQUISITION CENTER NJ (36C10B)",36C10B26Q0369,Combined Synopsis/Solicitation,541519,DA10,Full & Open,2026-08-13,2026-08-20,0.6,,,Brendan Hopkins,Brendan.Hopkins@va.gov,https://sam.gov/workspace/contract/opp/6131f01ab1b4414e8e876016652b86b8/view,2026-08-14
11,pass,Emergency Medical Services Programs,DEPT OF DEFENSE.DEPT OF THE ARMY.US ARMY MEDICAL COMMAND.US ARMY HEALTH CONTRACTING ACTIVITY.W40M MRC0 WEST,W81K0026RA052,Special Notice,541611,R408,Service-Disabled Veteran-Owned Small Business (SDVOSB) Set-Aside (FAR 19.14),2026-08-14,2026-08-20,0.6,"0, TX",,Elissa Jones,elissa.p.jones.civ@health.mil,https://sam.gov/workspace/contract/opp/d163d251cab94caea3a6c2d9bef9bcd5/view,2026-08-14
11,pass,H342--Life Safety Assessment,"VETERANS AFFAIRS, DEPARTMENT OF.VETERANS AFFAIRS, DEPARTMENT OF.NETWORK CONTRACT OFFICE 23 (36C263)",36C26326Q0996,Sources Sought,541330,H342,Full & Open,2026-08-13,2026-08-20,0.7,"Sioux Falls, SD",,Sunnie Estes,Sunnie.Estes@va.gov,https://sam.gov/workspace/contract/opp/6446eaa801b54ee5910044100928eaac/view,2026-08-14
11,pass,Filtering Instrument for DNA Observation (FIDO) for NOAA Research eDNA Sampling,"COMMERCE, DEPARTMENT OF.NATIONAL OCEANIC AND ATMOSPHERIC ADMINISTRATION.DEPT OF COMMERCE NOAA",REQUIREMENTS-26-3377,Sources Sought,541690,,Full & Open,2026-08-14,2026-08-20,0.7,"Seattle, WA",,Sarah Corey,sarah.corey@noaa.gov,https://sam.gov/workspace/contract/opp/9a9b214ce90047b2aaf9b07692a5d9ce/view,2026-08-14
11,pass,DA01--HINGE Cerner Interfaces 2026 (VA-26-00067424),"VETERANS AFFAIRS, DEPARTMENT OF.VETERANS AFFAIRS, DEPARTMENT OF.TECHNOLOGY ACQUISITION CENTER NJ (36C10B)",36C10B26Q0739,Sources Sought,541519,DA01,Full & Open,2026-08-14,2026-08-20,0.7,,,Ryan Allen,Ryan.Allen@va.gov,https://sam.gov/workspace/contract/opp/5da4575db93b4acabe6a06e80e427207/view,2026-08-17
11,pass,SOURCES SOUGHT _ ServiceNow Staff Augmentation Services,DEPT OF DEFENSE.DEPT OF THE NAVY.NAVSEA.REGIONAL MAINTENANCE CENTER.SOUTHWEST REGIONAL MAINT CENTER,N5523626Q0114,Sources Sought,541512,,No Set aside used,2026-08-17,2026-08-20,0.7,"National City, CA",,Scott Quiambao,scott.s.quiambao.civ@us.navy.mil,https://sam.gov/workspace/contract/opp/d479c131d5de45449906f7d37f541e40/view,2026-08-17
11,pass,"287(g) Program Outreach, Training, and Support Services","HOMELAND SECURITY, DEPARTMENT OF.US IMMIGRATION AND CUSTOMS ENFORCEMENT.DETENTION COMPLIANCE AND REMOVALS",RFI-OAQ-2026-287(g),Presolicitation,541611,R408,No Set aside used,2026-08-14,2026-08-20,0.8,,,Diana Brozi,Diana.Brozi@ice.dhs.gov,https://sam.gov/workspace/contract/opp/75bbb5583c834eb4a87f66391efde1ff/view,2026-08-17
11,pass,Quality Assurance Inspection Software for EMS,"VETERANS AFFAIRS, DEPARTMENT OF.VETERANS AFFAIRS, DEPARTMENT OF.260-NETWORK CONTRACT OFFICE 20 (36C260)",36C260-27-AP-0398,Sources Sought,541519,H979,No Set aside used,2026-08-12,2026-08-20,1.0,"Portland, OR",,"Tyrone Whalen, Contract Specialist",tyrone.whalen@va.gov,https://sam.gov/workspace/contract/opp/4d7f04f62622483a89a4fab3fdc554ac/view,2026-08-14
11,pass,Notice of Intent  Air Traffic Control (ATC) Penguin Solutions Extended Platform Support,DEPT OF DEFENSE.DEPT OF THE NAVY.SPAWAR.SPAWAR LANT.NIWC ATLANTIC,JN65236-26-SIMACQ-LSUBP00001-0151,Presolicitation,541519,7C20,Full & Open,2026-08-18,2026-08-21,1.6,,,Terrie Johnson,terrie.m.johnson3.civ@us.navy.mil,https://sam.gov/workspace/contract/opp/da333a2fdbb242989b82ecfa63d6238f/view,2026-08-19
11,pass,Sources Sought - N00164-26-SNB99 - MXP ESS,DEPT OF DEFENSE.DEPT OF THE NAVY.NAVSEA.NAVSEA WARFARE CENTER.NSWC CRANE,N00164-26-SNB99,Sources Sought,541330,R425,Full & Open,2026-08-06,2026-08-21,1.7,,,Angela Schaefer,angela.m.schaefer2.civ@us.navy.mil,https://sam.gov/workspace/contract/opp/4ff46f1eddd745168eba24572fd4d75b/view,2026-08-14
11,pass,FAA STC for NOAA GML Greenhouse Gas Aircraft System (NGAS),"COMMERCE, DEPARTMENT OF.NATIONAL OCEANIC AND ATMOSPHERIC ADMINISTRATION.DEPT OF COMMERCE NOAA",REQUIREMENTS-26-3860,Sources Sought,541330,,Full & Open,2026-08-13,2026-08-21,1.9,"Boulder, CO",,Sarah Corey,sarah.corey@noaa.gov,https://sam.gov/workspace/contract/opp/f7ac73a9b68b40979e6b6bd6f4374fd6/view,2026-08-14
11,pass,$150M UNR SCIF/HEMP AE Services MATOC,DEPT OF DEFENSE.DEPT OF THE ARMY.US ARMY CORPS OF ENGINEERS.ENGINEER DIVISION NORTHWESTERN.ENDIST OMAHA.W071 ENDIST OMAHA,W9128F27RA016,Presolicitation,541330,R425,Full & Open,2026-08-04,2026-08-24,4.8,,,Euemduan Osmera,euemduan.c.osmera@usace.army.mil,https://sam.gov/workspace/contract/opp/5fa42b2b1d884de6bc1b613f106927f8/view,2026-08-14
11,pass,National Lab Certification Testing Services,"HEALTH AND HUMAN SERVICES, DEPARTMENT OF.HEALTH RESOURCES AND SERVICES ADMINISTRATION.HRSA HEADQUARTERS",NLCPRFI2026MarketResearch,Sources Sought,541690,,Full & Open,2026-08-13,2026-08-24,4.8,,,David Romley,dromley@hrsa.gov,https://sam.gov/workspace/contract/opp/80be987f65b746cd884e108c82732b85/view,2026-08-14
11,pass,Business Data Analytics and Digitization Division (Code 10D) Support,DEPT OF DEFENSE.DEPT OF THE NAVY.NAVSEA.NAVSEA WARFARE CENTER.NSWC DAHLGREN,N0017827R3109,Sources Sought,541330,R425,Full & Open,2026-08-06,2026-08-25,5.7,,,Chelsea WALKER,chelsea.r.walker10.civ@us.navy.mil,https://sam.gov/workspace/contract/opp/784433903a7045ee870f33c036ae4812/view,2026-08-14
11,pass,Sources Sought C5ISRT NEXT GENERATION CYBERSECURITY AND INFORMATION ASSURANCE,DEPT OF DEFENSE.DEPT OF THE NAVY.NAVSEA.NAVSEA WARFARE CENTER.NAVAL SURFACE WARFARE CENTER,N6133126SNQ36,Sources Sought,541330,R425,No Set aside used,2026-08-11,2026-08-25,5.8,"Panama City, FL",,Ashley Majtyka,ashley.a.majtyka.civ@us.navy.mil,https://sam.gov/workspace/contract/opp/63416c3b6f6342b080e609bd4251bf67/view,2026-08-14
11,pass,PD-44-0002; Woodward (OEM) Support Services,DEPT OF DEFENSE.DEPT OF THE NAVY.NAVSEA.NAVSEA WARFARE CENTER.NSWC PHILADELPHIA DIV,N64498-26-RFPREQ-PD-44-0002,Sources Sought,541330,R425,No Set aside used,2026-08-10,2026-08-25,5.9,"Philadelphia, PA",,Jenny Tomeo,Jenny.e.Tomeo.civ@us.navy.mil,https://sam.gov/workspace/contract/opp/554171bcf2a04efb8c47789885038a24/view,2026-08-14
11,pass,Project 25 Compliance Assessment Program (P25 CAP) Support,"HOMELAND SECURITY, DEPARTMENT OF.OFFICE OF PROCUREMENT OPERATIONS.SCI  TECH ACQ DIV",FY26-0221,Presolicitation,541330,R425,Full & Open,2026-08-13,2026-08-26,6.6,,,Jennifer K. Koons,jennifer.koons@hq.dhs.gov,https://sam.gov/workspace/contract/opp/222fd58fe3fc44d9a09a0423d5c37c03/view,2026-08-14
10,pass,USAFA Herbarium Digitization Project,DEPT OF DEFENSE.DEPT OF THE AIR FORCE.U.S. AIR FORCE ACADEMY.FA7000  10 CONS LGC,FA700026Q0089,Combined Synopsis/Solicitation,518210,7690,Small Business Set Aside - Total,2026-08-06,2026-08-20,0.6,"USAF Academy, CO",,Marissa Morris,marissa.morris.4@us.af.mil,https://sam.gov/workspace/contract/opp/2917779dbeb8434bb17c99089412fd60/view,2026-08-14
10,pass,USAFA Herbarium Digitization Project,DEPT OF DEFENSE.DEPT OF THE AIR FORCE.U.S. AIR FORCE ACADEMY.FA7000  10 CONS LGC,FA700026Q0089,Combined Synopsis/Solicitation,518210,7690,Small Business Set Aside - Total,2026-08-17,2026-08-20,0.6,"USAF Academy, CO",,Marissa Morris,marissa.morris.4@us.af.mil,https://sam.gov/workspace/contract/opp/76a7dc6e90b340e085393d2583dcb9b9/view,2026-08-17
10,pass,D--ServiceNow Security Operations (SecOps) implementa,"ENERGY, DEPARTMENT OF.ENERGY, DEPARTMENT OF.NATIONAL ENERGY TECHNOLOGY LABORATORY",89243326QFE000551,Combined Synopsis/Solicitation,541519,DA10,Small Business Set Aside - Total,2026-08-11,2026-08-20,0.8,,,"Beasinger, Anissa M.",Anissa.Beasinger@netl.doe.gov,https://sam.gov/workspace/contract/opp/5a9ba34d101a471c978fc54e4ae89fbc/view,2026-08-14
10,pass,Synopsis - Air Sampling Probe (NSN: 6665-12-326-6355),DEPT OF DEFENSE.DEPT OF THE ARMY.AMC.ACC.ACC-CTRS.ACC-DTA.W6QK ACC- DTA,W912CH-24-R-0038,Presolicitation,334511,6665,No Set aside used,2026-08-05,2026-08-20,0.8,"Anniston, AL",DV7 Engineering,Kimberly J. Parisek,kimberly.j.parisek.civ@army.mil,https://sam.gov/workspace/contract/opp/3902d9e7cef54c97b2008543218a7f2d/view,2026-08-17
10,pass,High and Low Temperature Calibrators,DEPT OF DEFENSE.DEPT OF THE NAVY.NAVAIR.NAVAIR NAWC AD.NAVAIR WARFARE CTR AIRCRAFT DIV,N68335-26-R-1102,Presolicitation,334513,6685,Full & Open,2026-08-06,2026-08-21,1.6,,DV7 Engineering,Justin Panecki,justin.p.panecki2.civ@us.navy.mil,https://sam.gov/workspace/contract/opp/f2fcc101371d4125ad22a0c93a750706/view,2026-08-17
10,pass,SeaPort: Site Security Manager (SSM) Support Services for SMWDC,DEPT OF DEFENSE.DEPT OF THE NAVY.NAVSUP.NAVSUP GLOBAL LOGISTICS SUPPORT.NAVSUP FLC SAN DIEGO.NAVSUP FLT LOG CTR  SAN DIEGO,N0024426R3110,Solicitation,541330,R430,Small Business Set Aside - Total,2026-08-12,2026-08-21,1.7,"San Diego, CA",,"Christine Jordan, christine.jordan@navy.mil",christine.m.jordan14.civ@us.navy.mil,https://sam.gov/workspace/contract/opp/4319b33e0503442ab1344097cfccaf15/view,2026-08-14
10,pass,AEWS Tower Surveys,DEPT OF DEFENSE.DEPT OF THE AIR FORCE.AIR FORCE MATERIEL COMMAND.AIR FORCE LIFE CYCLE MANAGEMENT CENTER.ELECTRONIC SYSTEMS.FA8217  AFLCMC HBDK,FA8217-26-R-B005,Combined Synopsis/Solicitation,541330,R425,Small Business Set Aside - Total,2026-08-14,2026-08-21,1.8,AK,,Chris Jarman,christopher.jarman@us.af.mil,https://sam.gov/workspace/contract/opp/c12b1eb555334f73a066594ceeb15d7c/view,2026-08-17
10,pass,National NeuroHIV Tissue Consortium (NNTC) - Clinical Sites,"HEALTH AND HUMAN SERVICES, DEPARTMENT OF.NATIONAL INSTITUTES OF HEALTH.NATIONAL INSTITUTES OF HEALTH",75N98026R00139,Presolicitation,541715,AN12,No Set aside used,2026-08-10,2026-08-22,2.5,,DV7 Engineering,Joe Kennedy,joseph.kennedy@nih.gov,https://sam.gov/workspace/contract/opp/1ba5a7df3b3443269ee6b5417267031e/view,2026-08-17
10,pass,Central Plant Computer System (CPCS) Maintenance,DEPT OF DEFENSE.DEPT OF THE AIR FORCE.FA2550  50 CONS PKP,FA255026R0026,Solicitation,541512,DB01,Small Business Set Aside - Total,2026-08-10,2026-08-24,4.6,"Colorado Springs, CO",,Kaitlyn Guldan,Kaitlyn.guldan@spaceforce.mil,https://sam.gov/workspace/contract/opp/e5a6c6a51fd94ec6a5497440dce9306c/view,2026-08-14
10,pass,Animal Care and Use Program Accreditation-Multiple Sites,DEPT OF DEFENSE.DEFENSE HEALTH AGENCY (DHA).DEFENSE HEALTH AGENCY,HT9426-JF-48232,Special Notice,541990,AN11,Full & Open,2026-08-12,2026-08-25,5.6,,,John Fitzsimmons,john.l.fitzsimmons8.civ@health.mil,https://sam.gov/workspace/contract/opp/b6015b6e6a4748ad914709803725ca0a/view,2026-08-17
10,pass,Intent to Solicit Only One Source for Five (5) lapping systems with accompanying cabinetry for housing the lapping system and associated consumables.,DEPT OF DEFENSE.DEPT OF THE ARMY.AMC.ACC.ACC-CTRS.ACC-APG.W6QK ACC-APG ADELPHI,W911QX26QA171,Combined Synopsis/Solicitation,334513,3655,Full & Open,2026-08-17,2026-08-25,5.6,"Adelphi, MD",DV7 Engineering,Kevin Manley,kevin.c.manley.civ@army.mil,https://sam.gov/workspace/contract/opp/f8b271038f834f8b93e3e9b87f7a2f09/view,2026-08-18
10,pass,Commercial Training,DEPT OF DEFENSE.DEPT OF THE AIR FORCE.AIR FORCE MATERIEL COMMAND.AIR FORCE SUSTAINMENT CENTER.FA8501  OPL CONTRACTING AFSC/PZIO,FA850126Q0071,Combined Synopsis/Solicitation,541690,R499,Small Business Set Aside - Total,2026-08-18,2026-08-25,5.7,"Warner Robins, GA",,Riley Oveson,riley.oveson@us.af.mil,https://sam.gov/workspace/contract/opp/572260d5195f44cd9d530408619573a2/view,2026-08-19
10,pass,Low Altitude Navigation and Targeting Infrared for Night (LANTIRN) USAF Sustaining Engineering Services,DEPT OF DEFENSE.DEPT OF THE AIR FORCE.AIR FORCE MATERIEL COMMAND.AIR FORCE LIFE CYCLE MANAGEMENT CENTER.ELECTRONIC SYSTEMS.FA8540  AFLCMC ESKB,FA8540-26-R-B002,Special Notice,541330,R425,No Set aside used,2026-08-10,2026-08-25,5.8,"McKinney, TX",,Tabatha McRae Cooper,tabatha.mcrae_cooper@us.af.mil,https://sam.gov/workspace/contract/opp/8cb1e1b14a75409ab43bb741e1b098db/view,2026-08-14
10,pass,Cultural Resource Identification Services for Upper Missouri River Basin Plains Snowpack and Soil Moisture Monitoring Network Project in Montana,DEPT OF DEFENSE.DEPT OF THE ARMY.US ARMY CORPS OF ENGINEERS.ENGINEER DIVISION NORTHWESTERN.ENDIST OMAHA.W071 ENDIST OMAHA,W9128F26QA091,Solicitation,541990,R699,Small Business Set Aside - Total,2026-08-10,2026-08-25,5.8,"Poplar, MT",,Karen Caskey,Karen.l.caskey@usace.army.mil,https://sam.gov/workspace/contract/opp/beacedec3860432ea3a4add930cfd236/view,2026-08-17
10,pass,Cultural Resource Identification Services for Upper Missouri River Basin Plains Snowpack and Soil Moisture Monitoring Network Project in Montana,DEPT OF DEFENSE.DEPT OF THE ARMY.US ARMY CORPS OF ENGINEERS.ENGINEER DIVISION NORTHWESTERN.ENDIST OMAHA.W071 ENDIST OMAHA,W9128F26QA091,Solicitation,541990,R699,Small Business Set Aside - Total,2026-08-18,2026-08-25,5.8,"Poplar, MT",,Karen Caskey,Karen.l.caskey@usace.army.mil,https://sam.gov/workspace/contract/opp/b7b0fcb86c6944a494bf05c36a7130e0/view,2026-08-19
10,pass,"Review & Update Modeling Relationships and Associated Computerized Applications – CADET, Hull Lines Flexibility, Powering & Emissions Handling, Ballast Templates & Wake Screening Application with Option(s) for Compilation of Additional Hull Profiles",DEPT OF DEFENSE.DEPT OF THE ARMY.US ARMY CORPS OF ENGINEERS.SCO ALEXANDRIA.ENGINEER CENTER SUPPORT ACT HUMPHREYS.W4LD USA HECSA,PANHEC-26-P-0000-026814,Combined Synopsis/Solicitation,541330,R499,Small Business Set Aside - Total,2026-08-13,2026-08-26,6.8,,,David A. Kaplan,david.a.kaplan@usace.army.mil,https://sam.gov/workspace/contract/opp/003461dfc93049b197128af3af4fd097/view,2026-08-14
10,pass,Services to Support Update & Development of Enhancements to National Navigation Operation & Management Performance Evaluation & Assessment System (NNOMPEAS) FY 2026-2027,DEPT OF DEFENSE.DEPT OF THE ARMY.US ARMY CORPS OF ENGINEERS.SCO ALEXANDRIA.ENGINEER CENTER SUPPORT ACT HUMPHREYS.W4LD USA HECSA,PANHEC-26-P-0000-026813,Combined Synopsis/Solicitation,541511,R499,Small Business Set Aside - Total,2026-08-13,2026-08-26,6.8,,,David A. Kaplan,david.a.kaplan@usace.army.mil,https://sam.gov/workspace/contract/opp/01b4887bdb104cef854d5b31e748e168/view,2026-08-14
10,pass,RAWS ATCALS Fiber Optic & Radio System Replacement,DEPT OF DEFENSE.DEPT OF THE AIR FORCE.AIR MOBILITY COMMAND.FA4407  375 CONS LGC,FA440726QRAWS,Solicitation,541519,DG01,Small Business Set Aside - Total,2026-08-06,2026-08-26,6.9,"Joint Base Lewis McChord, WA",,Christopher Greene,christopher.greene.33@us.af.mil,https://sam.gov/workspace/contract/opp/49b97ef6cb884ef78ccb0e127de2a37a/view,2026-08-14
10,pass,RAWS ATCALS Fiber Optic & Radio System Replacement,DEPT OF DEFENSE.DEPT OF THE AIR FORCE.AIR MOBILITY COMMAND.FA4407  375 CONS LGC,FA440726QRAWS,Solicitation,541519,DG01,Small Business Set Aside - Total,2026-08-18,2026-08-26,6.9,"Joint Base Lewis McChord, WA",,Christopher Greene,christopher.greene.33@us.af.mil,https://sam.gov/workspace/contract/opp/348a3913a47b4f94aa7d88f26e59893d/view,2026-08-19
10,pass,Kronos Family of Systems Commercial Solutions Opening,DEPT OF DEFENSE.DEPT OF THE AIR FORCE.SPACE SYSTEMS COMMAND.PEO BATTLE MANAGEMENT; COMMAND; CONTROL; COMMUNICATIONS.FA8806 BATTLE MNGMNT C3 SSC/BCK,FA8806-26-S-0001_AOI4_CSO_Call2,Special Notice,513210,AR12,No Set aside used,2026-08-04,2026-08-26,7.0,"El Segundo, CA",,Heather Baldwin,SSC.BMZ.SYD85@spaceforce.mil,https://sam.gov/workspace/contract/opp/d1ef9e92412d41c1b5a3f719d35a933d/view,2026-08-14
9,pass,USMS FY26 IOD-PSWRFTF Binocular Night Vision Device,"JUSTICE, DEPARTMENT OF.US MARSHALS SERVICE.DEPT OF JUSTICE  US MARSHAL SERVICE",15M10226QA4700173,Solicitation,334511,4240,Small Business Set Aside - Total,2026-08-17,2026-08-20,0.7,"Monterey Park, CA",DV7 Engineering,Jennifer Brite,jennifer.brite@usdoj.gov,https://sam.gov/workspace/contract/opp/c400fea4113341418650bcd92276a867/view,2026-08-17
9,pass,Emerson Rosemount Pressure Transmitters LARC M.Weathers,NATIONAL AERONAUTICS AND SPACE ADMINISTRATION.NATIONAL AERONAUTICS AND SPACE ADMINISTRATION.NASA SHARED SERVICES CENTER,80NSSC26938052QQ,Solicitation,334513,7E20,Small Business Set Aside - Total,2026-08-18,2026-08-20,0.8,,DV7 Engineering,McKenzie Hanson,mckenzie.m.hanson@nasa.gov,https://sam.gov/workspace/contract/opp/541359ef7e9547678e8f348eadc88e90/view,2026-08-19
9,pass,FY27 ePOWER,DEPT OF DEFENSE.DEPT OF THE NAVY.NAVAIR.NAVAIR NAWC AD.NAVAL AIR WARFARE CENTER AIR DIV,N0042126R0006,Presolicitation,513210,DA01,Full & Open,2026-08-18,2026-08-21,1.1,"0, MD",,Carlee Burrows,carlee.m.burrows.civ@us.navy.mil,https://sam.gov/workspace/contract/opp/23aac75c1df943f1bbdca9e5f89d12c9/view,2026-08-19
9,pass,TSC 2026 DAS INTERROGATOR UNIT,"INTERIOR, DEPARTMENT OF THE.BUREAU OF RECLAMATION.UPPER COLORADO REGIONAL OFFICE",140R4026Q0106,Solicitation,541715,6655,Small Business Set Aside - Total,2026-08-14,2026-08-21,1.9,,DV7 Engineering,"Watson, Aubrielle",AWatson@usbr.gov,https://sam.gov/workspace/contract/opp/0def1e6cc9cf4e29815a3d65b31108eb/view,2026-08-17
9,pass,Modification to Making Advancements in Commercial Hypersonics (MACH).,NATIONAL AERONAUTICS AND SPACE ADMINISTRATION.NATIONAL AERONAUTICS AND SPACE ADMINISTRATION.NASA ARMSTRONG FLIGHT RESEARCH CNTR,80AFRC26SS020,Special Notice,541715,AJ11,No Set aside used,2026-08-17,2026-08-21,1.9,CA,DV7 Engineering,Melissa Newell,melissa.newell@nasa.gov,https://sam.gov/workspace/contract/opp/c86e64fbb6b648239c9f19de0d5359a9/view,2026-08-18
9,pass,B--WV-ESFO-BUMBLE BEE STUDY,"INTERIOR, DEPARTMENT OF THE.US FISH AND WILDLIFE SERVICE.FWS SAT TEAM 3",DOIFFBO260162,Special Notice,541715,B516,Full & Open,2026-08-13,2026-08-22,2.9,"Davis, WV",DV7 Engineering,"Rose, Keith",keith_rose@ios.doi.gov,https://sam.gov/workspace/contract/opp/caddac32b69b4ca4a711c94d460122ca/view,2026-08-17
9,pass,UAS LIDAR YELLOWSCAN MAPPER ULTRA,"INTERIOR, DEPARTMENT OF THE.US GEOLOGICAL SURVEY.OFC OF ACQUISITION  GRANTS-DENVER",140G0226Q0096,Solicitation,334511,1550,Small Business Set Aside - Total,2026-08-11,2026-08-25,5.6,,DV7 Engineering,"Moye, Janice",jmoye@usgs.gov,https://sam.gov/workspace/contract/opp/8d93d9ff430d48f7a9e2c7d4d6d83981/view,2026-08-17
9,pass,NSWC-PHD MATAC OTA Request for Solutions: Rapid Acquisition & Private-capital Transition for Operational Readiness (RAPTOR),DEPT OF DEFENSE.DEPT OF THE NAVY.NAVSEA.NAVSEA WARFARE CENTER.COMMANDING OFFICER,MEA-26-07-001,Special Notice,541715,,Full & Open,2026-08-12,2026-08-26,6.6,,DV7 Engineering,,,https://sam.gov/workspace/contract/opp/17f7c13cff034db5b2698f93f5674735/view,2026-08-17
9,pass,Brand Name or Equal to Leica BLK360 Imaging Laser ,"INTERIOR, DEPARTMENT OF THE.US GEOLOGICAL SURVEY.OFC OF ACQUISITION  GRANTS-DENVER",140G0226Q0142,Solicitation,334511,6675,Small Business Set Aside - Total,2026-08-13,2026-08-26,6.9,,DV7 Engineering,"Pryor, Justice",jpryor@usgs.gov,https://sam.gov/workspace/contract/opp/c96cb54886d94b3aaa69882883f861c9/view,2026-08-17
9,pass,D--WebKnossos Enterprise Software License ,"INTERIOR, DEPARTMENT OF THE.DEPARTMENTAL OFFICES.IBC ACQ SVCS DIRECTORATE (00004)",140D0426Q0719,Combined Synopsis/Solicitation,541519,DA10,Full & Open,2026-08-12,2026-08-27,7.6,,,"Jackson, Patrick",patrick_jackson@ibc.doi.gov,https://sam.gov/workspace/contract/opp/558e4c105d204401912b1d6fdccf1088/view,2026-08-14
9,pass,Monarch Software Licenses Renewal,DEPT OF DEFENSE.DEPT OF THE ARMY.AMC.ACC.ACC-CTRS.ACC-DTA.W6QK ACC ANAD,W911KF26QA050,Solicitation,541511,DA01,Full & Open,2026-08-12,2026-08-27,7.6,,,Lakeeta Beavers,LAKEETA.T.BEAVERS.CIV@ARMY.MIL,https://sam.gov/workspace/contract/opp/461881533a864d538a707fcf6aa0fbc0/view,2026-08-14
9,pass,"Alaris System Maintenance Software for Alaris Support Program (Alaris Infusion System), South Central VA Health Care Network (VISN 16), 715 S. Pear Orchard Road, Plaza 1, Ridgeland, MS 39157","VETERANS AFFAIRS, DEPARTMENT OF.VETERANS AFFAIRS, DEPARTMENT OF.256-NETWORK CONTRACT OFFICE 16 (36C256)",36C25626Q0980,Combined Synopsis/Solicitation,541519,DA10,No Set aside used,2026-08-18,2026-08-28,8.8,"Ridgeland, MS",,"C. Robert Oravetz, Department of Veterans Affairs, Network Contracting Office 16, Gulf Coast Veterans Health Care System, 400 Veterans Avenue, Biloxi, MS 39531",christopher.oravetz@va.gov,https://sam.gov/workspace/contract/opp/699c5e149a3940cb94602fa221862973/view,2026-08-19
9,pass,ISO 17025,DEPT OF DEFENSE.DEPT OF THE NAVY.NAVSEA.NAVSEA WARFARE CENTER.NSWC PHILADELPHIA DIV,N6449826Q5254,Combined Synopsis/Solicitation,541990,R420,Full & Open,2026-08-13,2026-08-28,8.9,,,Christopher Mccarthy,christopher.m.mccarthy26.civ@us.navy.mil,https://sam.gov/workspace/contract/opp/82d98566be9443c29edf2d3ff48c667f/view,2026-08-17
9,pass,Morgantown Field Office (MFO) Insect Taxonomy Support,"AGRICULTURE, DEPARTMENT OF.FOREST SERVICE.NORTHERN RESEARCH STATION",1240BE26Q0101,Combined Synopsis/Solicitation,541990,AA14,No Set aside used,2026-08-17,2026-08-31,11.4,"Morgantown, WV",,Jared Machgan,jared.machgan@usda.gov,https://sam.gov/workspace/contract/opp/02838d3d26b541f0b099b34aa97bdc16/view,2026-08-17
9,pass,NIWC-Atlantic CCOP Engineering Support and Technical Support - N6523626RE032,DEPT OF DEFENSE.DEPT OF THE NAVY.SPAWAR.SPAWAR LANT.NIWC ATLANTIC,N6523626RE032,Solicitation,541330,J020,Full & Open,2026-08-05,2026-08-31,11.6,,,Louis Szakmary,louis.s.szakmary.civ@us.navy.mil,https://sam.gov/workspace/contract/opp/53d4599e416b4ea4876133c128339d63/view,2026-08-14
9,pass,State Electronic Marriage Data Exchange,SOCIAL SECURITY ADMINISTRATION.SOCIAL SECURITY ADMINISTRATION.SSA OFC OF ACQUISITION  GRANTS,28321327R00000002,Combined Synopsis/Solicitation,541519,R799,No Set aside used,2026-08-17,2026-08-31,11.6,,,Lindsay Hrybyk,lindsay.hrybyk@ssa.gov,https://sam.gov/workspace/contract/opp/d0fb6e02b8c6444a9836e0bd3aaf74db/view,2026-08-17
9,pass,R408--FY26: Radiation Safety Officer Services,"VETERANS AFFAIRS, DEPARTMENT OF.VETERANS AFFAIRS, DEPARTMENT OF.248-NETWORK CONTRACT OFFICE 8 (36C248)",36C24826Q0417,Solicitation,541690,R408,Full & Open,2026-08-18,2026-08-31,11.7,,,Rohan  McKenzie,Rohan.Mckenzie@va.gov,https://sam.gov/workspace/contract/opp/40fe9953b88341509ae277fd79231fa4/view,2026-08-19
9,pass,3D LiDAR AND SMARTPHONE-BASED PLATFORMS FOR MOTOR VEHICLE TRAFFIC DATA,"TRANSPORTATION, DEPARTMENT OF.FEDERAL HIGHWAY ADMINISTRATION.693JJ3 ACQUISITION AND GRANTS MGT",693JJ326Q000027,Solicitation,541990,R499,No Set aside used,2026-08-17,2026-09-02,13.6,WA,,Amy Morrissette,amy.morrissette@dot.gov,https://sam.gov/workspace/contract/opp/bdea33f7521449b984a56dbe878d9fc0/view,2026-08-17
9,pass,DA10--Staffing Software subscription brand name or equal to Amion  in support of VA Portland Healthcare System,"VETERANS AFFAIRS, DEPARTMENT OF.VETERANS AFFAIRS, DEPARTMENT OF.260-NETWORK CONTRACT OFFICE 20 (36C260)",36C26027Q0023,Combined Synopsis/Solicitation,541519,DA10,Full & Open,2026-08-19,2026-09-02,13.8,"Portland, OR",,Jennifer Robles,jennifer.robles1@va.gov,https://sam.gov/workspace/contract/opp/4621a6c2f83049b4a8dd1cda5a827c7f/view,2026-08-19
8,pass,Industrial Hygiene Surveys at 6 Maintenance Facilities,DEPT OF DEFENSE.DEPT OF THE ARMY.NATIONAL GUARD BUREAU.JFHQ USPFO AR.USPFO AR PROCUREMENT.W7MW USPFO ACTIVITY AR ARNG,W912JF-26-Q-A005,Presolicitation,541690,R428,Small Business Set Aside - Total,2026-08-12,2026-08-20,0.5,"North Little Rock, AR",,Eric Osborne,eric.d.osborne8.civ@mail.mil,https://sam.gov/workspace/contract/opp/da3d5db446874516abd007dd1f5ef1ae/view,2026-08-14
8,pass,Notice of Intent,"JUSTICE, DEPARTMENT OF.DRUG ENFORCEMENT ADMINISTRATION",D-26-L9-0037,Special Notice,541519,7E20,Full & Open,2026-08-12,2026-08-21,1.6,"Lorton, VA",,Robert Radke,robert.j.radke@dea.gov,https://sam.gov/workspace/contract/opp/cae4886842a74917bb51107cdfb8781d/view,2026-08-14
8,pass,PMS 470 Professional Support Services - Draft RFP,DEPT OF DEFENSE.DEPT OF THE NAVY.NAVSEA.NAVSEA WARFARE CENTER.NSWC CRANE,N0016426SNC00,Presolicitation,541330,R425,Small Business Set Aside - Total,2026-08-06,2026-08-21,1.8,,,Logan Kelley,logan.b.kelley.civ@us.navy.mil,https://sam.gov/workspace/contract/opp/e6a785fa5fe9415c87c38cefb4edd745/view,2026-08-14
8,pass,MAGTF Staff Training Program (MSTP) Support Services,DEPT OF DEFENSE.DEPT OF THE NAVY.USMC.MARCOR SYSCOM.COMMANDER,M6785426R3009,Solicitation,541330,R425,Small Business Set Aside - Total,2026-08-10,2026-08-24,4.5,"64475, VA",,Jose M. Rodriguez,jose.rodriguez6@usmc.mil,https://sam.gov/workspace/contract/opp/770c61999fab4fe1b4438ebed73fda16/view,2026-08-14
8,pass,Naval Surface Warfare Center Carderock Division Rudder Analysis Verification and Evaluation (RAVE) system,DEPT OF DEFENSE.DEPT OF THE NAVY.NAVSEA.NAVSEA WARFARE CENTER.NSWC CARDEROCK,N0016726Q1151,Combined Synopsis/Solicitation,541330,R425,Small Business Set Aside - Total,2026-08-13,2026-08-24,4.6,"Bethesda, MD",,David Crouch,david.w.crouch3.civ@us.navy.mil,https://sam.gov/workspace/contract/opp/1079be9cae7a4cbdb1798d37dff88870/view,2026-08-14
8,pass,R499--On-site Survey Readiness Services (Mock Physical Environment  / Life Safety Survey),"VETERANS AFFAIRS, DEPARTMENT OF.VETERANS AFFAIRS, DEPARTMENT OF.252-NETWORK CONTRACT OFFICE 12 (36C252)",36C25226Q0636,Solicitation,541611,R499,Service-Disabled Veteran-Owned Small Business (SDVOSB) Set-Aside (FAR 19.14),2026-08-14,2026-08-24,4.6,"Milwaukee, WI",,Robert E Ruska,Robert.Ruska@va.gov,https://sam.gov/workspace/contract/opp/90bc093b6c464cba82b323c574445c70/view,2026-08-14
8,pass,"J042--Fire Alarm System Inspection, Testing, Maintenance, and  Certification Services at the Bedford VA Medical Center","VETERANS AFFAIRS, DEPARTMENT OF.VETERANS AFFAIRS, DEPARTMENT OF.241-NETWORK CONTRACT OFFICE 01 (36C241)",36C24126Q0613_0001,Combined Synopsis/Solicitation,541990,J042,Service-Disabled Veteran-Owned Small Business (SDVOSB) Set-Aside (FAR 19.14),2026-08-17,2026-08-24,4.6,"Bedford, MA",,Yolanda Rankin,Yolanda.Rankin@va.gov,https://sam.gov/workspace/contract/opp/939642e2c5ca46b4b04276467b2f3a25/view,2026-08-17
8,pass,"Data, Analytics, and AI Modernization Services",DEPT OF DEFENSE.DEPT OF DEFENSE EDUCATION ACTIVITY (DODEA).DOD EDUCATION ACTIVITY,HE125426RE037,Solicitation,541512,DA01,Small Business Set Aside - Total,2026-08-14,2026-08-25,5.6,"Alexandria, VA",,Tiffany Brown,tiffany.a.brown@dodea.edu,https://sam.gov/workspace/contract/opp/f4f776cc876d4ec682fc8e2afa6108d8/view,2026-08-17
8,pass,Staff Augmentation,DEPT OF DEFENSE.DEPT OF THE ARMY.AMC.ACC.MISSION INSTALLATION CONTRACTING COMMAND.419TH CSB.0419 AQ HQ     CONTRACTING SUP,PANMCC26P0000048766,Combined Synopsis/Solicitation,541611,R408,Service-Disabled Veteran-Owned Small Business (SDVOSB) Set-Aside (FAR 19.14),2026-08-17,2026-08-25,5.6,"0, SC",,Shawn Glanton,shawn.p.glanton.mil@army.mil,https://sam.gov/workspace/contract/opp/35040d0ac38e45aaade99134121e2e61/view,2026-08-17
8,pass,Staff Augmentation,DEPT OF DEFENSE.DEPT OF THE ARMY.AMC.ACC.MISSION INSTALLATION CONTRACTING COMMAND.419TH CSB.0419 AQ HQ     CONTRACTING SUP,PANMCC26P0000048766,Combined Synopsis/Solicitation,541611,R408,Service-Disabled Veteran-Owned Small Business (SDVOSB) Set-Aside (FAR 19.14),2026-08-18,2026-08-25,5.6,"0, SC",,Shawn Glanton,shawn.p.glanton.mil@army.mil,https://sam.gov/workspace/contract/opp/c54f70cd8d994bebb9ce28a99275b8df/view,2026-08-19
8,pass,WHA/EPSC OAS/SAS Support Services,"STATE, DEPARTMENT OF.STATE, DEPARTMENT OF.ACQUISITIONS - AQM MOMENTUM",PR0820260016185691 ,Special Notice,541611,R408,No Set aside used,2026-08-09,2026-08-26,6.1,"Washington, DC",,Taynelle McCloud,mccloudtl@state.gov,https://sam.gov/workspace/contract/opp/49a6f9f2a8a442f0876dbf3c8e731bac/view,2026-08-14
8,pass,Enterprise Infrastructure and Critical Operations Support Services,"AGRICULTURE, DEPARTMENT OF.AGRICULTURAL RESEARCH SERVICE.USDA ARS AFM APD",1232SA26Q1199,Combined Synopsis/Solicitation,518210,DG01,Small Business Set Aside - Total,2026-08-12,2026-08-26,6.8,"Beltsville, MD",,Frank Palmer,frank.palmer@usda.gov,https://sam.gov/workspace/contract/opp/13eb544a3ff74bbc919c5b2284569e7c/view,2026-08-14
8,pass,Enterprise Infrastructure and Critical Operations Support Services,"AGRICULTURE, DEPARTMENT OF.AGRICULTURAL RESEARCH SERVICE.USDA ARS AFM APD",1232SA26Q1199,Combined Synopsis/Solicitation,518210,DG01,Small Business Set Aside - Total,2026-08-19,2026-08-26,6.8,"Beltsville, MD",,Frank Palmer,frank.palmer@usda.gov,https://sam.gov/workspace/contract/opp/76bc75ebc8fa4f94b103c3088288cada/view,2026-08-19
7,pass,GlideFast Integration Services,DEPT OF DEFENSE.DEPT OF THE AIR FORCE.AIR FORCE MATERIEL COMMAND.AIR FORCE SUSTAINMENT CENTER.FA8501  OPL CONTRACTING AFSC/PZIO,FA850126Q0059_GLIDEFAST_INTEGRATION_SERVICES_APEX,Combined Synopsis/Solicitation,541512,DA01,No Set aside used,2026-08-07,2026-08-21,1.6,"Warner Robins, GA",,Lynn Posey,vanessa.posey@us.af.mil,https://sam.gov/workspace/contract/opp/c1aaceae448341d78d268168dfd52793/view,2026-08-14
7,pass,Weld Inspection & Phased Array Ultrasonic Testing (PAUT) Services,"ENERGY, DEPARTMENT OF.ENERGY, DEPARTMENT OF.BROOKHAVEN NATL LAB -DOE CONTRACTOR",SJ473504,Solicitation,541330,H166,No Set aside used,2026-08-10,2026-08-21,1.9,"Upton, NY",,Stephen Johnston,sjohnston@bnl.gov,https://sam.gov/workspace/contract/opp/1e7ed172e2ca4cf69bd81813a9ebd7bf/view,2026-08-14
7,pass,Kronos Family of Systems Commercial Solutions Opening,DEPT OF DEFENSE.DEPT OF THE AIR FORCE.SPACE SYSTEMS COMMAND.PEO BATTLE MANAGEMENT; COMMAND; CONTROL; COMMUNICATIONS.FA8806 BATTLE MNGMNT C3 SSC/BCK,FA8806-26-S-0001,Solicitation,513210,AR12,No Set aside used,2026-08-04,2026-08-21,2.0,"El Segundo, CA",,Heather Baldwin,SSC.BMZ.SYD85@spaceforce.mil,https://sam.gov/workspace/contract/opp/74bfe85be35e401b9c6b1a55aaae118d/view,2026-08-14
7,pass,R--Special Notice of Intent to Solicit Directly from Suppliers IAW. RFO FAR 12.201,"INTERIOR, DEPARTMENT OF THE.BUREAU OF LAND MANAGEMENT.NATIONAL INTERAGENCY FIRE CENTER",DOILFBO260031,Special Notice,541611,R408,Small Business Set Aside - Total,2026-08-14,2026-08-24,4.6,,,"Rodman-Snyder, Jennifer",jennifer_rodman-snyder@ios.doi.gov,https://sam.gov/workspace/contract/opp/97ce6b5f563144be8cde3d456e1d1367/view,2026-08-17
7,pass,Trimax Upgrade,DEPT OF DEFENSE.DEPT OF THE AIR FORCE.AIR FORCE MATERIEL COMMAND.AIR FORCE TEST CENTER.FA9302  AFTC PZZ,FA930226Q0110,Combined Synopsis/Solicitation,541330,R425,No Set aside used,2026-08-18,2026-08-24,4.8,"Edwards, CA",,Carmen Barahona,carmen.barahona@us.af.mil,https://sam.gov/workspace/contract/opp/8e45402e320e456bb6c3343bf840c2c1/view,2026-08-19
7,pass,Supply Side Energy Advisory and Management Services,GENERAL SERVICES ADMINISTRATION.PUBLIC BUILDINGS SERVICE.PBS CENTRALIZED ACQUISITION SERVICES - CUSTOMER CONTRACTING BRANCH B,47PH5326R0018,Solicitation,541690,R408,No Set aside used,2026-08-17,2026-08-25,5.8,"Washington, MO",,Huy Le,huy.le@gsa.gov,https://sam.gov/workspace/contract/opp/f254fc51233a4a81be1d25e27b0d0862/view,2026-08-17
7,pass,Navigational Database (NavDB),DEPT OF DEFENSE.DEPT OF THE AIR FORCE.AIR FORCE MATERIEL COMMAND.AIR FORCE LIFE CYCLE MANAGEMENT CENTER.MOBILITY AIRCRAFT.FA8504  AFLCMC WLNKA,FA850426QB001,Combined Synopsis/Solicitation,541330,R425,No Set aside used,2026-08-12,2026-08-26,6.8,GA,,Megan Salter,megan.salter@us.af.mil,https://sam.gov/workspace/contract/opp/191e05d395564d73ab7c4d317d6ca60f/view,2026-08-14
7,pass,Industrial Accelerator Consulting Services,"ENERGY, DEPARTMENT OF.ENERGY, DEPARTMENT OF.FERMILAB - DOE CONTRACTOR",384750,Solicitation,541690,AG44,No Set aside used,2026-08-12,2026-08-26,6.9,IL,,Cathleen Stadler,cstadler@fnal.gov,https://sam.gov/workspace/contract/opp/38e6e00aee4b438cb75774fc19d563e3/view,2026-08-14
6,pass,Underwater Training and Testing,NATIONAL AERONAUTICS AND SPACE ADMINISTRATION.NATIONAL AERONAUTICS AND SPACE ADMINISTRATION.NASA JOHNSON SPACE CENTER,80JSC026Q0010,Combined Synopsis/Solicitation,541715,AR12,No Set aside used,2026-08-13,2026-08-21,1.7,"Houston, TX",DV7 Engineering,Johnny Vuong,johnny.h.vuong@nasa.gov,https://sam.gov/workspace/contract/opp/79f3bc548c164f378863e2396d3f884d/view,2026-08-17
6,pass,RF Architectures Applying Photonic Timing and Routing (RAAPTR),DEPT OF DEFENSE.DEFENSE ADVANCED RESEARCH PROJECTS AGENCY  (DARPA).DEF ADVANCED RESEARCH PROJECTS AGCY,DARPA-PS-26-126,Solicitation,541715,AC12,Full & Open,2026-08-13,2026-08-24,4.5,,DV7 Engineering,RAAPTR PS Coordinator,RAAPTR@darpa.mil,https://sam.gov/workspace/contract/opp/f265492bf4d34008bee299a89d0162b2/view,2026-08-17
6,pass,Mouse PK/PD Study Services for NNMT Inhibitors,"HEALTH AND HUMAN SERVICES, DEPARTMENT OF.NATIONAL INSTITUTES OF HEALTH.NATIONAL INSTITUTES OF HEALTH OLAO",75N98026Q00993,Solicitation,541715,Q301,Full & Open,2026-08-08,2026-08-24,4.5,,DV7 Engineering,"JOHNSTON, JADDUA C",jaddua.johnston@nih.gov,https://sam.gov/workspace/contract/opp/89b0eb087bf34b1fa2ff15f1a2c2a57d/view,2026-08-17
6,pass,PRISM study of a Compound NCGC01219867,"HEALTH AND HUMAN SERVICES, DEPARTMENT OF.NATIONAL INSTITUTES OF HEALTH.NATIONAL INSTITUTES OF HEALTH OLAO",75N98026Q00990,Solicitation,541715,Q301,Full & Open,2026-08-07,2026-08-24,4.5,,DV7 Engineering,"JOHNSTON, JADDUA C",jaddua.johnston@nih.gov,https://sam.gov/workspace/contract/opp/ef40c7b37c594b8da075abc95b131da5/view,2026-08-17
6,pass,Developing selective small-molecule modulators of ,"HEALTH AND HUMAN SERVICES, DEPARTMENT OF.NATIONAL INSTITUTES OF HEALTH.NATIONAL INSTITUTES OF HEALTH OLAO",75N98026Q00988,Solicitation,541715,Q301,Full & Open,2026-08-07,2026-08-24,4.5,,DV7 Engineering,"JOHNSTON, JADDUA C",jaddua.johnston@nih.gov,https://sam.gov/workspace/contract/opp/cdffe9f5e3a548f28c7074c68de977dc/view,2026-08-17
6,pass,Developing selective small-molecule inhibitors of ,"HEALTH AND HUMAN SERVICES, DEPARTMENT OF.NATIONAL INSTITUTES OF HEALTH.NATIONAL INSTITUTES OF HEALTH OLAO",75N98026Q00986,Solicitation,541715,Q301,Full & Open,2026-08-07,2026-08-24,4.5,,DV7 Engineering,"JOHNSTON, JADDUA C",jaddua.johnston@nih.gov,https://sam.gov/workspace/contract/opp/25a06a48d8034785ac11d4dbb353048a/view,2026-08-17
6,pass,Synthesis of compounds and intermediates,"HEALTH AND HUMAN SERVICES, DEPARTMENT OF.NATIONAL INSTITUTES OF HEALTH.NATIONAL INSTITUTES OF HEALTH OLAO",75N98026Q00970,Solicitation,541715,6810,Full & Open,2026-08-07,2026-08-24,4.5,,DV7 Engineering,"JOHNSTON, JADDUA C",jaddua.johnston@nih.gov,https://sam.gov/workspace/contract/opp/1563bb8c0fac4e58945f339a6d5b148c/view,2026-08-17
6,pass,Maximum Tolerated Dose (MTD) Evaluation of PIP4Kga,"HEALTH AND HUMAN SERVICES, DEPARTMENT OF.NATIONAL INSTITUTES OF HEALTH.NATIONAL INSTITUTES OF HEALTH OLAO",75N98026Q00989,Solicitation,541715,Q301,Full & Open,2026-08-08,2026-08-24,4.5,,DV7 Engineering,"JOHNSTON, JADDUA C",jaddua.johnston@nih.gov,https://sam.gov/workspace/contract/opp/0c87dd40018f43f3b5f3153045628dc4/view,2026-08-17
6,pass,Rat PK for the DYT1 lead compound,"HEALTH AND HUMAN SERVICES, DEPARTMENT OF.NATIONAL INSTITUTES OF HEALTH.NATIONAL INSTITUTES OF HEALTH OLAO",75N98026Q00987,Solicitation,541715,Q301,Full & Open,2026-08-07,2026-08-24,4.5,,DV7 Engineering,"JOHNSTON, JADDUA C",jaddua.johnston@nih.gov,https://sam.gov/workspace/contract/opp/06a9980d73884118876c6e74f146d221/view,2026-08-17
6,pass,MN-DIV OF NATURAL RESOURCES-TRIMBLE GPS,"INTERIOR, DEPARTMENT OF THE.US FISH AND WILDLIFE SERVICE.FWS, IT GOODS",140F1G26Q0084,Combined Synopsis/Solicitation,334511,6640,Full & Open,2026-08-18,2026-08-24,4.6,,DV7 Engineering,"Duke, Carter",carter_duke@ios.doi.gov,https://sam.gov/workspace/contract/opp/4a15f397370e4492b5838169210ae791/view,2026-08-19
6,pass,NextSTEP-3 Appendix B: Moon Base Demonstrations,NATIONAL AERONAUTICS AND SPACE ADMINISTRATION.NATIONAL AERONAUTICS AND SPACE ADMINISTRATION.NASA MARSHALL SPACE FLIGHT CENTER,M2M-MSFC-0001,Solicitation,541715,AR12,No Set aside used,2026-08-14,2026-08-24,4.9,,DV7 Engineering,Brad Vest,Bradley.D.Vest@nasa.gov,https://sam.gov/workspace/contract/opp/86c251098a714ec6a3d0584138eb920b/view,2026-08-17
6,pass,Laser Tracker Metrology System,"COMMERCE, DEPARTMENT OF.NATIONAL INSTITUTE OF STANDARDS AND TECHNOLOGY.DEPT OF COMMERCE NIST",1333ND26QNB730512,Combined Synopsis/Solicitation,334513,6650,Full & Open,2026-08-13,2026-08-26,6.6,,DV7 Engineering,Lauren P. Roller,lauren.roller@nist.gov,https://sam.gov/workspace/contract/opp/c5d34db5f7844d65979df8d86801a382/view,2026-08-17
6,pass,Market forecast analyses for West Nile virus (WNV) vaccine and anti-WNV monoclonal antibody for prophylaxis,"HEALTH AND HUMAN SERVICES, DEPARTMENT OF.CENTERS FOR DISEASE CONTROL AND PREVENTION.CDC OFFICE OF ACQUISITION SERVICES",97469,Combined Synopsis/Solicitation,541715,AN11,Full & Open,2026-08-17,2026-08-26,6.6,"Atlanta, GA",DV7 Engineering,Iris Gonzalez,qsx8@cdc.gov,https://sam.gov/workspace/contract/opp/c653ed310bfe475a9c39cb84022f3bc7/view,2026-08-18
6,pass,Tactical Networks Software Defined Networking (SDN) Transport Solution- AOI 26-A010 under RCC CSO N6523626S0001,DEPT OF DEFENSE.DEPT OF THE NAVY.SPAWAR.SPAWAR LANT.NIWC ATLANTIC,26-A010,Solicitation,541715,AC13,No Set aside used,2026-08-19,2026-08-26,6.6,,DV7 Engineering,Elizabeth Norris,elizabeth.a.norris4.civ@us.navy.mil,https://sam.gov/workspace/contract/opp/df581b2886d04725a9a883306b87995b/view,2026-08-19
6,pass,6910--Ultrasound Simulator,"VETERANS AFFAIRS, DEPARTMENT OF.VETERANS AFFAIRS, DEPARTMENT OF.262-NETWORK CONTRACT OFFICE 22 (36C262)",36C26226Q1186,Combined Synopsis/Solicitation,334511,6910,Full & Open,2026-08-18,2026-08-26,6.7,Long Beach,DV7 Engineering,"Choo, Sam",Sam.choo@va.gov,https://sam.gov/workspace/contract/opp/8c81c1fe460047579642ca72c7d9cd62/view,2026-08-19
6,pass,66--Global Navigation Satellite System (GNSS) Receiver,"INTERIOR, DEPARTMENT OF THE.US GEOLOGICAL SURVEY.OFFICE OF ACQUISITON  GRANTS",140G0326Q0152,Combined Synopsis/Solicitation,334511,6645,Full & Open,2026-08-06,2026-08-26,6.9,,DV7 Engineering,"Ongjoco, Joahnne",Joahnne_Ongjoco@ios.doi.gov,https://sam.gov/workspace/contract/opp/9d90cd94e0ab4198b85536faa1990d4b/view,2026-08-17
5,pass,FSA Time Credit Solution,"JUSTICE, DEPARTMENT OF.FEDERAL PRISON SYSTEM / BUREAU OF PRISONS.NATIONAL ACQUISITIONS - CO",15BNAS26Q00000075,Solicitation,541512,DA01,No Set aside used,2026-08-13,2026-08-20,0.6,"Washington, DC",,Jonathan Gant,jgant@bop.gov,https://sam.gov/workspace/contract/opp/c8b04321a86e4c2a89a98d0137d2f991/view,2026-08-14
5,pass,DA10--CliniComp CIS Sustainment and Support VA-26-00042621,"VETERANS AFFAIRS, DEPARTMENT OF.VETERANS AFFAIRS, DEPARTMENT OF.TECHNOLOGY ACQUISITION CENTER NJ (36C10B)",36C10B26R0050,Presolicitation,541511,DA10,Full & Open,2026-08-14,2026-08-20,0.6,,,Dana Seeler,dana.seeler@va.gov,https://sam.gov/workspace/contract/opp/daaeb328bd7f4be48f8c8ceecc521e62/view,2026-08-14
5,pass,DA10--CliniComp CIS Sustainment and Support VA-26-00042621,"VETERANS AFFAIRS, DEPARTMENT OF.VETERANS AFFAIRS, DEPARTMENT OF.TECHNOLOGY ACQUISITION CENTER NJ (36C10B)",36C10B26R0050,Presolicitation,541511,DA10,Full & Open,2026-08-14,2026-08-20,0.6,,,Dana Seeler,dana.seeler@va.gov,https://sam.gov/workspace/contract/opp/b571e9140a00442b870ea5783cc539b7/view,2026-08-14
5,pass,FY26 PIMS Peer Review on Plan Sponsor Health,PENSION BENEFIT GUARANTY CORPORATION.PENSION BENEFIT GUARANTY CORPORATION.PENSION BENEFIT GUARANTY CORP,16PBGC26Q0037,Solicitation,541990,B599,Full & Open,2026-08-06,2026-08-20,0.7,"Washington, DC",,David Feliciano-Merino,feliciano-merino.david@pbgc.gov,https://sam.gov/workspace/contract/opp/e15c29dbf5c54072b0e2f76b4718534e/view,2026-08-17
5,pass,Fire & Emergency Medical Services Records Management System (FEMSRMS) BASE + 4 Option Years,NATIONAL AERONAUTICS AND SPACE ADMINISTRATION.NATIONAL AERONAUTICS AND SPACE ADMINISTRATION.NASA IT PROCUREMENT OFFICE,80TECH26QA104,Combined Synopsis/Solicitation,513210,DE10,No Set aside used,2026-08-13,2026-08-20,0.8,"Greenbelt, MD",,Cory Rasnic,cory.t.rasnic@nasa.gov,https://sam.gov/workspace/contract/opp/8324977bc097454e8a5ac69f2d729318/view,2026-08-14
5,pass,Fire & Emergency Medical Services Records Management System (FEMSRMS) BASE + 4 Option Years,NATIONAL AERONAUTICS AND SPACE ADMINISTRATION.NATIONAL AERONAUTICS AND SPACE ADMINISTRATION.NASA IT PROCUREMENT OFFICE,80TECH26QA104,Combined Synopsis/Solicitation,513210,DE10,No Set aside used,2026-08-17,2026-08-20,0.8,"Greenbelt, MD",,Cory Rasnic,cory.t.rasnic@nasa.gov,https://sam.gov/workspace/contract/opp/93080bf8b61b4d239ba4db32f2b85fe7/view,2026-08-17
5,pass,Pathway ADS Core EM Design Layout Perpetual License,DEPT OF DEFENSE.DEPT OF THE NAVY.ONR.ONR NRL.NAVAL RESEARCH LABORATORY,N0017326Q1301385663A,Combined Synopsis/Solicitation,513210,DA10,No Set aside used,2026-08-17,2026-08-21,1.5,"Washington, DC",,Elizabeth Harley,elizabeth.c.harley.civ@us.navy.mil,https://sam.gov/workspace/contract/opp/9792d03eee724b74b0e97a8316b28da9/view,2026-08-17
5,pass,ABMC FY26 Cloud Backup and Recovery Services for MSFT365 and Azure,AMERICAN BATTLE MONUMENTS COMMISSION.AMERICAN BATTLE MONUMENTS COMMISSION.ABMC,AMBCFY26_CloudBackup,Combined Synopsis/Solicitation,518210,DA01,Full & Open,2026-08-13,2026-08-21,1.6,VA,,Jessica Young,youngj.ctr@abmc.gov,https://sam.gov/workspace/contract/opp/10e3142f1871403795c42bbb6f064cba/view,2026-08-14
5,pass,GrammarTech SW,DEPT OF DEFENSE.DEPT OF THE NAVY.NAVSEA.NAVSEA WARFARE CENTER.NSWC DAHLGREN,N0017826Q6817,Combined Synopsis/Solicitation,513210,DA10,Full & Open,2026-08-17,2026-08-21,1.6,"Dahlgren, VA",,TAYLOR EMBREY,TAYLOR.R.EMBREY.CIV@US.NAVY.MIL,https://sam.gov/workspace/contract/opp/9587bb32dbdb4ce59142ecc44013f3c9/view,2026-08-17
5,pass,Quo Data - ProLab Plus Licenses,"HEALTH AND HUMAN SERVICES, DEPARTMENT OF.FOOD AND DRUG ADMINISTRATION.FDA OFFICE OF ACQ  GRANT SVCS",75F40126Q00273,Solicitation,541519,DA10,No Set aside used,2026-08-18,2026-08-21,1.6,"Rockville, MD",,Noah Padilla,Noah.Padilla@fda.hhs.gov,https://sam.gov/workspace/contract/opp/d2fe9be8ab6b4b7b8d0eefd594242c02/view,2026-08-19
5,pass,Enterprise Service Management (ESM) Deployment and Professional Services,AMERICAN BATTLE MONUMENTS COMMISSION.AMERICAN BATTLE MONUMENTS COMMISSION.ABMC,ABMCFY26_ESMDeployment,Combined Synopsis/Solicitation,541519,DA10,No Set aside used,2026-08-18,2026-08-21,1.6,VA,,Jessica Young,youngj.ctr@abmc.gov,https://sam.gov/workspace/contract/opp/1c17b87ecd0146ad92e6118b076892b3/view,2026-08-19
5,pass,Palo Alto Unit 42 Public Sector Expertise on Demand Subscription,"TREASURY, DEPARTMENT OF THE.OFFICE OF THE COMPTROLLER OF THE CURRENCY.OFFICE OF MANAGEMENT / CFO",2031JW26Q00082,Combined Synopsis/Solicitation,541519,DA10,No Set aside used,2026-08-06,2026-08-21,1.8,"Washington, DC",,Marlon Holland,marlon.holland@occ.treas.gov,https://sam.gov/workspace/contract/opp/61c6c5b664c54779b99ee09eb0126a7b/view,2026-08-14
5,pass,DataFit Operation and Maintenance,"HEALTH AND HUMAN SERVICES, DEPARTMENT OF.FOOD AND DRUG ADMINISTRATION.FDA OFFICE OF ACQ  GRANT SVCS",FDA-75F40126Q00317,Combined Synopsis/Solicitation,541519,DA10,No Set aside used,2026-08-07,2026-08-22,2.7,"Silver Spring, MD",,Tiffany Gates,tiffany.gates@fda.hhs.gov,https://sam.gov/workspace/contract/opp/5da7f0d6810e4a2caa9e3fcfc2933bf0/view,2026-08-14
5,pass,MRO API Web Services,DEPT OF DEFENSE.DEPT OF THE NAVY.USMC.MARCORP I&L.COMMANDER,M6700426Q0063,Presolicitation,541512,R420,No Set aside used,2026-08-18,2026-08-23,3.5,"Albany, GA",,Matthew S. Radi,matthew.radi@usmc.mil,https://sam.gov/workspace/contract/opp/4592ad2fa55b4a829629ff9fe7ff0f4e/view,2026-08-18
5,pass,ALQ-249 Next Generation Jammer (NGJ) and Advance Electronic Warfare,DEPT OF DEFENSE.DEPT OF THE NAVY.NAVAIR.NAVAIR NAWC WD.NAVAL AIR WARFARE CENTER,N6893621D0009,Presolicitation,541330,AC13,Full & Open,2026-08-06,2026-08-24,4.6,,,Leah Ashmore,leah.b.ashmore.civ@us.navy.mil,https://sam.gov/workspace/contract/opp/b9797688ac97450ea38d8f6734274ec5/view,2026-08-14
5,pass,NAWCAD WOLF EPF REQUEST FOR OFFER,DEPT OF DEFENSE.DEPT OF THE NAVY.NAVAIR.NAVAIR NAWC AD.NAVAL AIR WARFARE CENTER AIR DIV,N0042126R1024,Solicitation,541330,L099,No Set aside used,2026-08-05,2026-08-24,4.7,"Saint Inigoes, MD",,Mary Watters,mary.k.watters.civ@us.navy.mil,https://sam.gov/workspace/contract/opp/e87e098eef9e4520913036d0993f82bb/view,2026-08-14
5,pass,NAWCAD WOLF EPF REQUEST FOR OFFER,DEPT OF DEFENSE.DEPT OF THE NAVY.NAVAIR.NAVAIR NAWC AD.NAVAL AIR WARFARE CENTER AIR DIV,N0042126R1024,Solicitation,541330,L099,No Set aside used,2026-08-19,2026-08-24,4.7,"Saint Inigoes, MD",,Mary Watters,mary.k.watters.civ@us.navy.mil,https://sam.gov/workspace/contract/opp/f83e3cd4e1704bca97bc1fc39d83aed2/view,2026-08-19
5,pass,EGWPS,DEPT OF DEFENSE.DEPT OF THE NAVY.NAVAIR.NAVAIR NAWC AD.NAVAL AIR WARFARE CENTER AIR DIV,N0042126Q1322,Combined Synopsis/Solicitation,518210,DA10,Full & Open,2026-08-17,2026-08-24,4.8,MD,,benjamin flores,benjamin.r.flores3.civ@us.navy.mil,https://sam.gov/workspace/contract/opp/90818b9867974585a05e1cff15746d08/view,2026-08-17
5,pass,Fire & Emergency Medical Services Records Management System (FEMSRMS) BASE + 4 Option Years,NATIONAL AERONAUTICS AND SPACE ADMINISTRATION.NATIONAL AERONAUTICS AND SPACE ADMINISTRATION.NASA IT PROCUREMENT OFFICE,80TECH26QA104,Combined Synopsis/Solicitation,513210,DE10,No Set aside used,2026-08-19,2026-08-24,4.8,"Greenbelt, MD",,Cory Rasnic,cory.t.rasnic@nasa.gov,https://sam.gov/workspace/contract/opp/d9c0343d687b4bc3af87e4ddb4431467/view,2026-08-19
5,pass,DataFit Operation and Maintenance,"HEALTH AND HUMAN SERVICES, DEPARTMENT OF.FOOD AND DRUG ADMINISTRATION.FDA OFFICE OF ACQ  GRANT SVCS",FDA-75F40126Q00317,Combined Synopsis/Solicitation,541519,DA10,No Set aside used,2026-08-14,2026-08-25,5.7,"Silver Spring, MD",,Tiffany Gates,tiffany.gates@fda.hhs.gov,https://sam.gov/workspace/contract/opp/ec1d2a8bfe064b9fba25295648790aeb/view,2026-08-17
5,pass,NetScout Maintenance and Support Services Renewal,"SENATE, THE.THE UNITED STATES SENATE SERGEANT AT ARMS.SENATE SERGEANT AT ARMS",2026-R-078,Solicitation,541519,DG01,Full & Open,2026-08-19,2026-08-25,5.7,"Washington, DC",,Mashonda Walston,mashonda_walston@saa.senate.gov,https://sam.gov/workspace/contract/opp/60fbc3f184a443348b2ba7e553a4da66/view,2026-08-19
5,pass,Congressional Cable TV System Assessment,ARCHITECT OF THE CAPITOL.ARCHITECT OF THE CAPITOL.ACQUISITION & MATERIAL MAN DIV,AOCSSB26R0050,Solicitation,541512,R499,Full & Open,2026-08-17,2026-08-26,6.9,"Washington, DC",,Donald Fuqua,donald.fuqua@aoc.gov,https://sam.gov/workspace/contract/opp/bccd23516a084feab07c03fad7a855c2/view,2026-08-17
4,pass,H266--Dose Monitor System,"VETERANS AFFAIRS, DEPARTMENT OF.VETERANS AFFAIRS, DEPARTMENT OF.246-NETWORK CONTRACTING OFFICE 6 (36C246)",36C24626Q0945,Special Notice,513210,H266,Full & Open,2026-08-17,2026-08-20,0.6,,,NaTasha Hawkins,Natasha.Hawkins@va.gov,https://sam.gov/workspace/contract/opp/23bb396e79a444d58da34a3b601862ef/view,2026-08-17
4,pass,Senior C++ programmer to modify the COMPASS model ,"COMMERCE, DEPARTMENT OF.NATIONAL OCEANIC AND ATMOSPHERIC ADMINISTRATION.DEPT OF COMMERCE NOAA",1305M326Q0368,Solicitation,541511,B516,Small Business Set Aside - Total,2026-08-06,2026-08-20,0.8,,,"KENDALL, CHARLES M.",CHARLES.KENDALL@NOAA.GOV,https://sam.gov/workspace/contract/opp/fc7458b1a98d4cb8825f8e6b431bcca7/view,2026-08-14
4,pass,"DA01--Software maintenance and support services for existing  MyPath tools in support of VA Puget Sound Healthcare System,  Seattle, WA","VETERANS AFFAIRS, DEPARTMENT OF.VETERANS AFFAIRS, DEPARTMENT OF.260-NETWORK CONTRACT OFFICE 20 (36C260)",36C26026Q0852,Combined Synopsis/Solicitation,541511,DA01,Small Business Set Aside - Total,2026-08-06,2026-08-20,0.8,Seattle,,Jennifer Robles,jennifer.robles1@va.gov,https://sam.gov/workspace/contract/opp/4e96b451b8c44bb0bba6f719dd0a4b0f/view,2026-08-14
4,pass,"(SIEMENS) Femap with Nastran node lock license (using existing Code 333 dongles) Finite Element Modeling (FEM), and Finite Element Analysis (FEA), and Post-Processing",DEPT OF DEFENSE.DEPT OF THE NAVY.NAVSEA.NAVSEA WARFARE CENTER.NSWC PHILADELPHIA DIV,N6449826Q5263,Combined Synopsis/Solicitation,513210,DA10,Small Business Set Aside - Total,2026-08-11,2026-08-20,0.8,,,John Ngov,john.m.ngov.civ@us.navy.mil,https://sam.gov/workspace/contract/opp/9cab95345d484008aea638aa3649de83/view,2026-08-14
4,pass,Radiography System,NATIONAL AERONAUTICS AND SPACE ADMINISTRATION.NATIONAL AERONAUTICS AND SPACE ADMINISTRATION.NASA SHARED SERVICES CENTER,80NSSC26939561Q,Combined Synopsis/Solicitation,541519,7E20,Small Business Set Aside - Total,2026-08-19,2026-08-20,0.8,,,kacey Hickman,kacey.l.hickman@nasa.gov,https://sam.gov/workspace/contract/opp/b5452b06537c4996902dc51dd33d92fa/view,2026-08-19
4,pass,NRL OBSERVATIONS,DEPT OF DEFENSE.DEPT OF THE NAVY.ONR.ONR NRL.NAVAL RESEARCH LABORATORY,N0017326Q5529,Special Notice,541990,R499,No Set aside used,2026-08-18,2026-08-21,1.4,"Monterey, CA",,Erik Wells,erik.wells2.civ@us.navy.mil,https://sam.gov/workspace/contract/opp/e45277fb74604fdf8530cc7930b1417e/view,2026-08-19
4,pass,250 IS Storage Area Network (SAN),DEPT OF DEFENSE.DEPT OF THE ARMY.NATIONAL GUARD BUREAU.JFHQ USPFO NM.USPFO NM PROCUREMENT.W7NQ USPFO ACTIVITY NMANG 150,W50S8G26QOR03,Combined Synopsis/Solicitation,541519,7K20,Small Business Set Aside - Total,2026-08-04,2026-08-21,1.7,"0, NM",,Odini Ramos,150SOW.MSC.RFPRFQ@us.af.mil,https://sam.gov/workspace/contract/opp/da29938ea4b24608bb3411f4c798810f/view,2026-08-14
4,pass,250 IS Storage Area Network (SAN),DEPT OF DEFENSE.DEPT OF THE ARMY.NATIONAL GUARD BUREAU.JFHQ USPFO NM.USPFO NM PROCUREMENT.W7NQ USPFO ACTIVITY NMANG 150,W50S8G26QOR03,Combined Synopsis/Solicitation,541519,7K20,Small Business Set Aside - Total,2026-08-18,2026-08-21,1.7,"0, NM",,Odini Ramos,odini.ramos@us.af.mil,https://sam.gov/workspace/contract/opp/e91b1cb54a7a448ba2706a1b7e024aab/view,2026-08-19
4,pass,7E21--Bar Code Scanners   Vista App Tucson,"VETERANS AFFAIRS, DEPARTMENT OF.VETERANS AFFAIRS, DEPARTMENT OF.262-NETWORK CONTRACT OFFICE 22 (36C262)",36C26226Q1369,Combined Synopsis/Solicitation,541519,7E21,Small Business Set Aside - Total,2026-08-18,2026-08-21,1.7,"Tucson, AZ",,Peter Kim,peter.kim33@va.gov,https://sam.gov/workspace/contract/opp/d7887d59c0324657a9f16f1031f298bf/view,2026-08-19
4,pass,B--Senior C++ programmer to modify the COMPASS model ,"COMMERCE, DEPARTMENT OF.NATIONAL OCEANIC AND ATMOSPHERIC ADMINISTRATION.DEPT OF COMMERCE NOAA",1305M326Q0368,Solicitation,541511,B516,Small Business Set Aside - Total,2026-08-17,2026-08-21,1.8,,,"KENDALL, CHARLES M.",CHARLES.KENDALL@NOAA.GOV,https://sam.gov/workspace/contract/opp/b0612d08cb864f8281b00d5bce2377f2/view,2026-08-18
4,pass,Hawaiian false killer whale photo-identification ,"COMMERCE, DEPARTMENT OF.NATIONAL OCEANIC AND ATMOSPHERIC ADMINISTRATION.DEPT OF COMMERCE NOAA",1333MF26Q0079,Solicitation,541990,B524,Small Business Set Aside - Total,2026-08-10,2026-08-21,2.0,,,"GARNETT, STEPHANIE",STEPHANIE.M.GARNETT@NOAA.GOV,https://sam.gov/workspace/contract/opp/a5fdeca23cec47d18efa97710afdfeca/view,2026-08-17
4,pass,AvMC MS Math Platform,DEPT OF DEFENSE.DEPT OF THE ARMY,MZB-B-LSJ26-2423,Special Notice,513210,DA10,No Set aside used,2026-08-12,2026-08-22,2.6,"Redstone Arsenal, AL",,Pamela Reed,pamela.reed10.civ@army.mil,https://sam.gov/workspace/contract/opp/d201dad34eeb41bfa891b23147e08d40/view,2026-08-14
4,pass,D--BAE GXP SOFTWARE MAINT,"INTERIOR, DEPARTMENT OF THE.US GEOLOGICAL SURVEY.OFC OF ACQUSITION  GRANTS-NATIONAL",140G0126Q0242,Special Notice,513210,DA10,Full & Open,2026-08-13,2026-08-24,4.5,,,"Anderson, Patrick",panderson@usgs.gov,https://sam.gov/workspace/contract/opp/433c45bdafc94f0a8626e736cb1efcd5/view,2026-08-14
4,pass,R710--Expert Witness Contract (VA-26-00084567),"VETERANS AFFAIRS, DEPARTMENT OF.VETERANS AFFAIRS, DEPARTMENT OF.RPO CENTRAL (36C24C)",36C24C26Q0028,Special Notice,541611,R710,Full & Open,2026-08-18,2026-08-24,4.6,,,Jessica Rogers,Jessica.Rogers2@va.gov,https://sam.gov/workspace/contract/opp/3ac44a5bfc1d455c82aa8d6fc2bf414f/view,2026-08-19
4,pass,A--Case Study for Performance-based Safety Assurance ,NUCLEAR REGULATORY COMMISSION.NUCLEAR REGULATORY COMMISSION.NUCLEAR REGULATORY COMMISSION,31310026Q0107,Combined Synopsis/Solicitation,541330,AG12,Small Business Set Aside - Total,2026-08-13,2026-08-24,4.7,,,"Mancuso, Margo",margo.katzper@nrc.gov,https://sam.gov/workspace/contract/opp/72675f745efa49919386d2f246db550e/view,2026-08-14
4,pass,"Non-personal professional, engineering, technical assessments, special studies, and management support services required by the Strategic Missions Systems Engineering Division (GXP) of the Global Strategic Deterrent Department at NSWC Crane.",DEPT OF DEFENSE.DEPT OF THE NAVY.NAVSEA.NAVSEA WARFARE CENTER.NSWC CRANE,N0016426R3112,Solicitation,541330,R425,Small Business Set Aside - Total,2026-08-14,2026-08-24,4.8,,,Jacob Spencer,jacob.m.spencer5.civ@us.navy.mil,https://sam.gov/workspace/contract/opp/dcdada44e9024d42be1347320364842d/view,2026-08-17
4,pass,"Non-personal professional, engineering, technical assessments, special studies, and management support services required by the Strategic Missions Systems Engineering Division (GXP) of the Global Strategic Deterrent Department at NSWC Crane.",DEPT OF DEFENSE.DEPT OF THE NAVY.NAVSEA.NAVSEA WARFARE CENTER.NSWC CRANE,N0016426R3112,Solicitation,541330,R425,Small Business Set Aside - Total,2026-08-18,2026-08-24,4.8,,,Jacob Spencer,jacob.m.spencer5.civ@us.navy.mil,https://sam.gov/workspace/contract/opp/df6f994484c64375ab0f48f10c5e0697/view,2026-08-19
4,pass,"Non-personal professional, engineering, technical assessments, special studies, and management support services required by the Strategic Missions Systems Engineering Division (GXP) of the Global Strategic Deterrent Department at NSWC Crane.",DEPT OF DEFENSE.DEPT OF THE NAVY.NAVSEA.NAVSEA WARFARE CENTER.NSWC CRANE,N0016426R3112,Solicitation,541330,R425,Small Business Set Aside - Total,2026-08-19,2026-08-24,4.8,,,Jacob Spencer,jacob.m.spencer5.civ@us.navy.mil,https://sam.gov/workspace/contract/opp/aa87b366820e44b0904c14c98a9de843/view,2026-08-19
4,pass,(3) CX200 Monitors and accessories,"AGRICULTURE, DEPARTMENT OF.FOREST SERVICE.USDA FOREST SERVICE",12760426Q0144,Combined Synopsis/Solicitation,541519,7E20,Small Business Set Aside - Total,2026-08-19,2026-08-24,4.9,"Fort Collins, CO",,Brandon Newland,brandon.newland@usda.gov,https://sam.gov/workspace/contract/opp/06a28de1b4784bbdb88d20392815a025/view,2026-08-19
4,pass,Engineering Services for Eight (8) Aphros Units,DEPT OF DEFENSE.DEPT OF THE NAVY.NAVSEA.NAVSEA WARFARE CENTER.NSWC CARDEROCK,N0016726Q1155,Combined Synopsis/Solicitation,541330,R706,Small Business Set Aside - Total,2026-08-17,2026-08-25,5.3,,,Christopher C. Rolince,christopher.c.rolince.civ@us.navy.mil,https://sam.gov/workspace/contract/opp/6f5bb7ba8d5d4163ac8cb802063838f3/view,2026-08-17
4,pass,Repair Data Software Renewal,DEPT OF DEFENSE.DEPT OF THE ARMY.AMC.ACC.ACC-CTRS.ACC RSA.W6QK ACC-RSA,PANRSA26P0000040135,Special Notice,513210,DA10,No Set aside used,2026-08-19,2026-08-25,5.7,"Redstone Arsenal, AL",,Daniel Detrick,daniel.r.detrick.civ@army.mil,https://sam.gov/workspace/contract/opp/5b0593b256ca4defa5165627fdbe8afb/view,2026-08-19
4,pass,Record Retrieval Services,"JUSTICE, DEPARTMENT OF.OFFICES, BOARDS AND DIVISIONS.EOUSA-ACQUISITIONS STAFF",15JA0526R00000147,Combined Synopsis/Solicitation,541990,R499,Small Business Set Aside - Total,2026-08-11,2026-08-25,5.9,"Houston, TX",,Charmella  Ware,charmella.ware@usdoj.gov,https://sam.gov/workspace/contract/opp/2d19a011ee2a438388949e96cf177df8/view,2026-08-17
4,pass,NEW Contract for AutoCAD Product Renewal,DEPT OF DEFENSE.DEPT OF THE NAVY.NAVAIR.NAVAIR HQS.FLEET READINESS CENTER,N68520-26-SIMACQ-KN00000-0225,Special Notice,513210,DA10,No Set aside used,2026-08-18,2026-08-25,5.9,"San Diego, CA",,Brittany Owens,brittany.a.owens8.civ@us.navy.mil,https://sam.gov/workspace/contract/opp/1c07759302f84e03bb1a61c8f2826219/view,2026-08-19
4,pass,N6600126R3507 APPLICATION ARSENAL (AA) ENTERPRISE ENGINEERING AND LIFECYCLE SUPPORT: ADVANCE NOTICE / SYNOPSIS,DEPT OF DEFENSE.DEPT OF THE NAVY.SPAWAR.SPAWAR PACIFIC.NIWC PACIFIC,N6600126R3507,Special Notice,541330,AJ13,Full & Open,2026-08-19,2026-08-26,6.9,,,Corbin Walters,corbin.c.walters.civ@us.navy.mil,https://sam.gov/workspace/contract/opp/c8bcd9d99e5d46b2b74290c9cf1fdb51/view,2026-08-19
3,pass,"NSN: 6685-00-861-0628, VALVE-HOLDER ASSY, WSDC: HELICOPTER, UH-60A, UH-60L, UH-60V 40A",DEPT OF DEFENSE.DEFENSE LOGISTICS AGENCY.DLA AVIATION.DLA AV RICHMOND.DLA AVIATION,SPE4A526R0287,Sources Sought,334511,6685,No Set aside used,2026-08-10,2026-08-15,-4.2,"Richmond, VA",DV7 Engineering,Jamie Bonda,jamie.bonda@dla.mil,https://sam.gov/workspace/contract/opp/c71b6689b39f488da79f9f9dcb5c8c20/view,2026-08-17
1,pass,Pristima® Pre-Clinical Data Management System Maintenance and Support,"HEALTH AND HUMAN SERVICES, DEPARTMENT OF.OFFICE OF THE ASSISTANT SECRETARY FOR ADMINISTRATION (ASA).PROGRAM SUPPORT CENTER ACQ MGMT SVC",OMAS-FDA-NCTR-2026-132591,Combined Synopsis/Solicitation,513210,DA10,No Set aside used,2026-08-12,2026-08-21,1.8,"Jefferson, AR",,Jesse Weidow,jesse.weidow@hhs.gov,https://sam.gov/workspace/contract/opp/6c2e500b337c4fac84b812357df5dbcc/view,2026-08-14
1,pass,AN12--Web-Based Training Development for  Ralph H Johnson VA Medical Center,"VETERANS AFFAIRS, DEPARTMENT OF.VETERANS AFFAIRS, DEPARTMENT OF.247-NETWORK CONTRACT OFFICE 7 (36C247)",36C24726Q0826,Combined Synopsis/Solicitation,541511,AN12,Full & Open,2026-08-11,2026-08-24,4.6,,,THADDEUS GRAY,THADDEUS.GRAY@VA.GOV,https://sam.gov/workspace/contract/opp/e74474f6b13e46e693eb87f1262b1499/view,2026-08-14
1,pass,R499--On-site Survey Readiness Services (Mock Physical Environment  / Life Safety Survey),"VETERANS AFFAIRS, DEPARTMENT OF.VETERANS AFFAIRS, DEPARTMENT OF.252-NETWORK CONTRACT OFFICE 12 (36C252)",36C25226Q0636,Solicitation,541611,R499,Full & Open,2026-08-19,2026-08-24,4.6,,,Robert E Ruska,Robert.Ruska@va.gov,https://sam.gov/workspace/contract/opp/a3b92522c184434389769c6dcf0ea15e/view,2026-08-19
1,pass,Regional Innovation Clusters,GENERAL SERVICES ADMINISTRATION.PUBLIC BUILDINGS SERVICE.PBS R4 (AMD) ACQUISITION MGMT DIVISION,47QACA26R0295,Combined Synopsis/Solicitation,541990,R499,No Set aside used,2026-08-11,2026-08-24,4.8,,,George K Pollock,george.pollock@gsa.gov,https://sam.gov/workspace/contract/opp/a7b2e5c828ca4730a8f509c5e300f764/view,2026-08-17
1,pass,laboratory services for tree ring samples ,"INTERIOR, DEPARTMENT OF THE.US GEOLOGICAL SURVEY.OFFICE OF ACQUISITON  GRANTS",140G0326Q0199,Solicitation,541990,B529,Full & Open,2026-08-14,2026-08-24,5.0,,,"Huot, Tracy",thuot@usgs.gov,https://sam.gov/workspace/contract/opp/f91ca55f5fff44a98d19a17f305bc5be/view,2026-08-17
1,pass,SMR Consultant for Hungary for USEU Mission,"STATE, DEPARTMENT OF.STATE, DEPARTMENT OF.ACQUISITIONS - RPSO FRANKFURT",19GE5026Q0122,Combined Synopsis/Solicitation,541690,R499,Full & Open,2026-08-19,2026-08-25,5.4,"Budapest, HU-BU",,Ms. Gallone,gallonea@state.gov,https://sam.gov/workspace/contract/opp/a3578efe765c4c74a81c7e430429e9d0/view,2026-08-19
1,pass,IMT RiverWare Software Support IDIQ,"INTERIOR, DEPARTMENT OF THE.BUREAU OF RECLAMATION.UPPER COLORADO REGIONAL OFFICE",140R4026Q0099,Solicitation,541511,DA10,Full & Open,2026-08-10,2026-08-25,5.9,,,"Lyons, Johnny",jlyons@usbr.gov,https://sam.gov/workspace/contract/opp/bd5f8d1c45b44c3fa9516fa6d8224ff7/view,2026-08-14
1,pass,Comprehensive Encounter-level Inpatient and Hospital-based Outpatient Billing and Chargemaster Database for Addressing Public Health Priorities,"HEALTH AND HUMAN SERVICES, DEPARTMENT OF.CENTERS FOR DISEASE CONTROL AND PREVENTION.CDC OFFICE OF ACQUISITION SERVICES",75D30126Q79192,Combined Synopsis/Solicitation,518210,B506,No Set aside used,2026-08-13,2026-08-26,6.8,"2946, GA",,Latoya Michel,zrb5@cdc.gov,https://sam.gov/workspace/contract/opp/3005740570ab49d98f7405d78ea8f7b5/view,2026-08-14
-1,pass,AN24-- Good Clinical Practice (GCP) Clinical Research Quality  Associate (CRQA) Monitoring Services,"VETERANS AFFAIRS, DEPARTMENT OF.VETERANS AFFAIRS, DEPARTMENT OF.RPO EAST (36C24E)",36C24E26Q0054,Combined Synopsis/Solicitation,541990,AN24,Service-Disabled Veteran-Owned Small Business (SDVOSB) Set-Aside (FAR 19.14),2026-08-13,2026-08-25,5.6,,,Renee Kale,renee.kale@va.gov,https://sam.gov/workspace/contract/opp/0ec341d54a0f4c15b5b7e4251f355b67/view,2026-08-17
-2,ineligible,"Louver, Metal - Double","DEPT OF DEFENSE.DEFENSE LOGISTICS AGENCY.DLA AVIATION.DLA AVIATION HUNTSVILLE.DLA AVIATION AT HUNTSVILLE, AL",SPRRA2-26-R-0099,Presolicitation,334511,1430,SBA Certified Women-Owned Small Business (WOSB) Program Sole Source (FAR 19.15),2026-08-18,2026-09-02,13.8,,DV7 Engineering,Delora Crutcher,delora.crutcher@dla.mil,https://sam.gov/workspace/contract/opp/605050940a23490cbdffa51d1714e909/view,2026-08-19
-4,pass,"66--TRANSMITTER,PRESSUR",DEPT OF DEFENSE.DEFENSE LOGISTICS AGENCY.DLA AVIATION.DLA AV RICHMOND.DLA AVIATION,SPE4A526T340N,Combined Synopsis/Solicitation,334513,66,Service-Disabled Veteran-Owned Small Business (SDVOSB) Set-Aside (FAR 19.14),2026-08-11,2026-08-19,-1.0,,DV7 Engineering,"Questions regarding this solicitation should be emailed to the buyer listed in block 5 of the solicitation document which can be found under the Additional Information link.
If the Additional Information link does not work, please go to https://www.dibbs.bsm.dla.mil/Solicitations/ and type the solicitation number in the Global Search box.
",DibbsBSM@dla.mil,https://sam.gov/workspace/contract/opp/2a7dc9700cf54d7ea8424998e16c5a9d/view,2026-08-17
-5,pass,NATO Business Opportunity: Provision of Incident Response Services and Surge Capacity,"COMMERCE, DEPARTMENT OF.BUREAU OF INDUSTRY AND SECURITY",RFQ-CO-424362-IR,Special Notice,541519,,Full & Open,2026-08-10,2026-08-20,0.9,,,Lee Ann Carpenter,LeeAnn.Carpenter@bis.doc.gov,https://sam.gov/workspace/contract/opp/b4984562356b40e99a945781eb400d3b/view,2026-08-14
-7,pass,AIR MONITORING METER,DEPT OF DEFENSE.DEFENSE LOGISTICS AGENCY.DLA MARITIME.DLA MARITIME SHIPYARDS.DLA MARITIME - PUGET SOUND,SPMYM226Q7964,Solicitation,334513,6625,Service-Disabled Veteran-Owned Small Business (SDVOSB) Set-Aside (FAR 19.14),2026-08-11,2026-08-12,-7.1,"Bremerton, WA",DV7 Engineering,JACK EDWARDS,JACK.EDWARDS@DLA.MIL,https://sam.gov/workspace/contract/opp/7f72439fb1dc48ada6f3d5ff7d0a2cd7/view,2026-08-17
-7,pass,Barbee Autofrettage Test Stand Supply & Installation,DEPT OF DEFENSE.DEPT OF THE AIR FORCE.AIR FORCE GLOBAL STRIKE COMMAND.FA4625  509 CONS CC,FA462526Q1048,Sources Sought,334513,4920,Small Business Set Aside - Total,2026-08-11,2026-08-14,-5.4,"Whiteman Air Force Base, MO",DV7 Engineering,Najee Holland,najee.holland@us.af.mil,https://sam.gov/workspace/contract/opp/2282dab3cd234ad3953eaa78103dbd21/view,2026-08-17
-8,pass,REQUEST FOR INFORMATION:  Solutions to Enhance US Rocket-Based Combined Cycle (RBCC) Propulsion Technologies,DEPT OF DEFENSE.DEPT OF THE AIR FORCE.AIR FORCE MATERIEL COMMAND.AIR FORCE TEST CENTER.FA9300  AFTC PZR,RFIFA930026R0001,Sources Sought,541715,AC22,No Set aside used,2026-08-07,2026-08-12,-7.3,"Edwards, CA",DV7 Engineering,Alessandra Barzaghi-Martin,alessandra.barzaghi-martin@us.af.mil,https://sam.gov/workspace/contract/opp/2c2339a051524d6c985ac51030fe2409/view,2026-08-17
-8,pass,"66--TRANSMITTER,PRESSURE",DEPT OF DEFENSE.DEFENSE LOGISTICS AGENCY.DLA AVIATION.DLA AV RICHMOND.DLA AVIATION,SPE4A526T343G,Combined Synopsis/Solicitation,334513,66,Small Business Set Aside - Total,2026-08-11,2026-08-19,-1.0,,DV7 Engineering,"Questions regarding this solicitation should be emailed to the buyer listed in block 5 of the solicitation document which can be found under the Additional Information link.
If the Additional Information link does not work, please go to https://www.dibbs.bsm.dla.mil/Solicitations/ and type the solicitation number in the Global Search box.
",DibbsBSM@dla.mil,https://sam.gov/workspace/contract/opp/ce7da0181eff43e084a5a18018040f0a/view,2026-08-17
-8,pass,66--CUR-PRESS CONVERTER,DEPT OF DEFENSE.DEFENSE LOGISTICS AGENCY.DLA AVIATION.DLA AV RICHMOND.DLA AVIATION,SPE4A526T340P,Combined Synopsis/Solicitation,334513,66,Small Business Set Aside - Total,2026-08-11,2026-08-19,-1.0,,DV7 Engineering,"Questions regarding this solicitation should be emailed to the buyer listed in block 5 of the solicitation document which can be found under the Additional Information link.
If the Additional Information link does not work, please go to https://www.dibbs.bsm.dla.mil/Solicitations/ and type the solicitation number in the Global Search box.
",DibbsBSM@dla.mil,https://sam.gov/workspace/contract/opp/62debaba5e4247628f893902ef61b5e2/view,2026-08-17
-10,pass,Pandemic Plan Preparedness Evaluation Services,"HEALTH AND HUMAN SERVICES, DEPARTMENT OF.OFFICE OF THE ASSISTANT SECRETARY FOR FINANCIAL RESOURCES (ASFR).OMAS STRATEGIC BUYING CENTER - PROFESSIONAL SERVICES",IHS1548449,Combined Synopsis/Solicitation,541611,R410,"Buy Indian Set-Aside (specific to Department of Health and Human Services, Indian Health Services)",2026-08-19,2026-08-21,1.7,"Rockville, VA",,Andrei Howze,Andrei.Howze@hhs.gov,https://sam.gov/workspace/contract/opp/128c822ddf044b8781f865cb5588a315/view,2026-08-19
-11,pass,Mobile Detection Deployment Program (MDDP) Support Services,"HOMELAND SECURITY, DEPARTMENT OF.OFFICE OF PROCUREMENT OPERATIONS.DEPARTMENTAL OPERATIONS ACQUISITION DIVISION III",70RWMD26RFI00000004,Sources Sought,541330,L058,No Set aside used,2026-08-05,2026-08-07,-12.4,"Herndon, VA",,William Grimm,william.grimm@hq.dhs.gov,https://sam.gov/workspace/contract/opp/7b9d7686afbc4d15932f78160c1a9a0a/view,2026-08-14
-11,pass,Warehouse Modernization,DEPT OF DEFENSE.DEPT OF THE NAVY.NAVSUP.NAVSUP GLOBAL LOGISTICS SUPPORT.NAVSUP FLC NORFOLK.NAVSUP FLT LOG CTR NORFOLK,N0018926QB121,Sources Sought,541512,DA10,No Set aside used,2026-08-05,2026-08-12,-7.4,"Williamsburg, VA",,Helen Tyson,helen.m.tyson.civ@us.navy.mil,https://sam.gov/workspace/contract/opp/f296c526b14543b3999b3a12f99e3532/view,2026-08-14
-11,pass,"66--TRANSMITTER,LIQUID",DEPT OF DEFENSE.DEFENSE LOGISTICS AGENCY.DLA AVIATION.DLA AV RICHMOND.DLA AVIATION,SPE4A526T332A,Combined Synopsis/Solicitation,334513,66,Full & Open,2026-08-05,2026-08-13,-7.0,,DV7 Engineering,"Questions regarding this solicitation should be emailed to the buyer listed in block 5 of the solicitation document which can be found under the Additional Information link.
If the Additional Information link does not work, please go to https://www.dibbs.bsm.dla.mil/Solicitations/ and type the solicitation number in the Global Search box.
",DibbsBSM@dla.mil,https://sam.gov/workspace/contract/opp/10f473b3fb4146aa9421f1471c86880c/view,2026-08-17
-11,pass,Repair and Modification of HC-130J Aircraft and HC-27J Aircraft Digital Crew Units (DCU) and Digital Switching Units (DSU),"HOMELAND SECURITY, DEPARTMENT OF.US COAST GUARD.AVIATION LOGISTICS CENTER (ALC)(00038)",70Z03826QH0000027,Combined Synopsis/Solicitation,334511,J016,No Set aside used,2026-08-05,2026-08-13,-6.4,"Rancho Santa Margarita, CA",DV7 Engineering,James R. Callison,James.r.callison@uscg.mil,https://sam.gov/workspace/contract/opp/8dce7d59fc4e446b9683d4dfc68b5cba/view,2026-08-17
-11,pass,"66--COMPUTER,FLIGHT CON","DEPT OF DEFENSE.DEFENSE LOGISTICS AGENCY.DLA AVIATION.DLA AVIATION PHILADELPHIA.DLA AVIATION AT PHILADELPHIA, PA",SPRPA126RXB07,Solicitation,334511,6615,Full & Open,2026-08-12,2026-08-13,-6.3,,DV7 Engineering,Telephone: 4457378360,MICHAEL.KNEBLE@DLA.MIL,https://sam.gov/workspace/contract/opp/004cf7b1acdd4e4b93084e8fc91ce665/view,2026-08-17
-11,pass,"66--INDICATOR,LIQUID QUANT",DEPT OF DEFENSE.DEFENSE LOGISTICS AGENCY.DLA AVIATION.DLA AV RICHMOND.DLA AVIATION,SPE4A526T336D,Combined Synopsis/Solicitation,334513,66,Full & Open,2026-08-06,2026-08-14,-6.0,,DV7 Engineering,"Questions regarding this solicitation should be emailed to the buyer listed in block 5 of the solicitation document which can be found under the Additional Information link.
If the Additional Information link does not work, please go to https://www.dibbs.bsm.dla.mil/Solicitations/ and type the solicitation number in the Global Search box.
",DibbsBSM@dla.mil,https://sam.gov/workspace/contract/opp/1642f00460ce4a8bb484944f53a170cc/view,2026-08-17
-11,pass,BUMED Medical Readiness (N10D) Optimization and Transformation,DEPT OF DEFENSE.DEPT OF THE NAVY.NAVSUP.NAVSUP GLOBAL LOGISTICS SUPPORT.NAVSUP FLC NORFOLK.NAVSUP FLT LOG CTR NORFOLK,N0018926QB125,Sources Sought,541330,R408,No Set aside used,2026-08-07,2026-08-14,-5.4,"Falls Church, VA",,Helen Tyson,helen.m.tyson.civ@us.navy.mil,https://sam.gov/workspace/contract/opp/0c2eda37808743a4a5fa56319213a9f7/view,2026-08-14
-11,pass,"61--GOVERNOR,MOTOR",DEPT OF DEFENSE.DEFENSE LOGISTICS AGENCY.DLA MARITIME.DLA MARITIME COLUMBUS.DLA LAND AND MARITIME,SPE7M126T263B,Combined Synopsis/Solicitation,335314,61,Small Business Set Aside - Total,2026-08-06,2026-08-17,-3.0,,DV7 Engineering,"Questions regarding this solicitation should be emailed to the buyer listed in block 5 of the solicitation document which can be found under the Additional Information link.
If the Additional Information link does not work, please go to https://www.dibbs.bsm.dla.mil/Solicitations/ and type the solicitation number in the Global Search box.
",DibbsBSM@dla.mil,https://sam.gov/workspace/contract/opp/94e554702a9b4068963b3da67a0589cc/view,2026-08-17
-11,pass,"66--PUMP,DETECTOR KIT",DEPT OF DEFENSE.DEFENSE LOGISTICS AGENCY.DLA MARITIME.DLA MARITIME COLUMBUS.DLA LAND AND MARITIME,SPE7M126T253F,Combined Synopsis/Solicitation,334513,66,Small Business Set Aside - Total,2026-08-06,2026-08-17,-3.0,,DV7 Engineering,"Questions regarding this solicitation should be emailed to the buyer listed in block 5 of the solicitation document which can be found under the Additional Information link.
If the Additional Information link does not work, please go to https://www.dibbs.bsm.dla.mil/Solicitations/ and type the solicitation number in the Global Search box.
",DibbsBSM@dla.mil,https://sam.gov/workspace/contract/opp/387d72aa52a94ccfafb4542db4d34491/view,2026-08-17
-11,pass,"66--INDICATOR,DIGITAL D",DEPT OF DEFENSE.DEFENSE LOGISTICS AGENCY.DLA MARITIME.DLA MARITIME COLUMBUS.DLA LAND AND MARITIME,SPE7M126T257J,Combined Synopsis/Solicitation,334513,66,Small Business Set Aside - Total,2026-08-06,2026-08-17,-3.0,,DV7 Engineering,"Questions regarding this solicitation should be emailed to the buyer listed in block 5 of the solicitation document which can be found under the Additional Information link.
If the Additional Information link does not work, please go to https://www.dibbs.bsm.dla.mil/Solicitations/ and type the solicitation number in the Global Search box.
",DibbsBSM@dla.mil,https://sam.gov/workspace/contract/opp/2fef67fd17514a01b5f8f20b4486644e/view,2026-08-17
-11,pass,"66--PANEL,INDICATOR",DEPT OF DEFENSE.DEFENSE LOGISTICS AGENCY.DLA LAND.DLA LAND COLUMBUS.DLA LAND AND MARITIME,SPE7L426T6011,Combined Synopsis/Solicitation,334513,66,Small Business Set Aside - Total,2026-08-05,2026-08-17,-3.0,,DV7 Engineering,"Questions regarding this solicitation should be emailed to the buyer listed in block 5 of the solicitation document which can be found under the Additional Information link.
If the Additional Information link does not work, please go to https://www.dibbs.bsm.dla.mil/Solicitations/ and type the solicitation number in the Global Search box.
",DibbsBSM@dla.mil,https://sam.gov/workspace/contract/opp/93a74964566e4dea925d8cb8358b10d4/view,2026-08-17
-11,pass,"66--DETECTOR KIT,GAS",DEPT OF DEFENSE.DEFENSE LOGISTICS AGENCY.DLA MARITIME.DLA MARITIME COLUMBUS.DLA LAND AND MARITIME,SPE7M126T260J,Combined Synopsis/Solicitation,334511,66,Small Business Set Aside - Total,2026-08-06,2026-08-17,-3.0,,DV7 Engineering,"Questions regarding this solicitation should be emailed to the buyer listed in block 5 of the solicitation document which can be found under the Additional Information link.
If the Additional Information link does not work, please go to https://www.dibbs.bsm.dla.mil/Solicitations/ and type the solicitation number in the Global Search box.
",DibbsBSM@dla.mil,https://sam.gov/workspace/contract/opp/40ebb3002ad14ef0a9119cdf2dd44fc2/view,2026-08-17
-11,pass,"66--LOAD CABLE,R-HHSI,A",DEPT OF DEFENSE.DEFENSE LOGISTICS AGENCY.DLA AVIATION.DLA AV RICHMOND.DLA AVIATION,SPE4A526T340Q,Combined Synopsis/Solicitation,334511,66,Full & Open,2026-08-11,2026-08-19,-1.0,,DV7 Engineering,"Questions regarding this solicitation should be emailed to the buyer listed in block 5 of the solicitation document which can be found under the Additional Information link.
If the Additional Information link does not work, please go to https://www.dibbs.bsm.dla.mil/Solicitations/ and type the solicitation number in the Global Search box.
",DibbsBSM@dla.mil,https://sam.gov/workspace/contract/opp/4ef67acaaa87467dba60759c1097f076/view,2026-08-17
-11,pass,"66--TRANSMITTER,PRESSUR",DEPT OF DEFENSE.DEFENSE LOGISTICS AGENCY.DLA AVIATION.DLA AV RICHMOND.DLA AVIATION,SPE4A526T351B,Combined Synopsis/Solicitation,334513,66,Full & Open,2026-08-13,2026-08-20,-0.0,,DV7 Engineering,"Questions regarding this solicitation should be emailed to the buyer listed in block 5 of the solicitation document which can be found under the Additional Information link.
If the Additional Information link does not work, please go to https://www.dibbs.bsm.dla.mil/Solicitations/ and type the solicitation number in the Global Search box.
",DibbsBSM@dla.mil,https://sam.gov/workspace/contract/opp/ad7adcc9de424bb9a2aa7999d25a1041/view,2026-08-17
-11,pass,"66--INDICATOR,PRESSURE",DEPT OF DEFENSE.DEFENSE LOGISTICS AGENCY.DLA AVIATION.DLA AV RICHMOND.DLA AVIATION,SPE4A526T349C,Combined Synopsis/Solicitation,334513,66,Full & Open,2026-08-12,2026-08-20,-0.0,,DV7 Engineering,"Questions regarding this solicitation should be emailed to the buyer listed in block 5 of the solicitation document which can be found under the Additional Information link.
If the Additional Information link does not work, please go to https://www.dibbs.bsm.dla.mil/Solicitations/ and type the solicitation number in the Global Search box.
",DibbsBSM@dla.mil,https://sam.gov/workspace/contract/opp/759eb954aa584a168ad1009914d68fdd/view,2026-08-17
-11,pass,"66--TRANSDUCER,MOTIONAL",DEPT OF DEFENSE.DEFENSE LOGISTICS AGENCY.DLA AVIATION.DLA AV RICHMOND.DLA AVIATION,SPE4A526T351L,Combined Synopsis/Solicitation,334513,66,Full & Open,2026-08-13,2026-08-20,-0.0,,DV7 Engineering,"Questions regarding this solicitation should be emailed to the buyer listed in block 5 of the solicitation document which can be found under the Additional Information link.
If the Additional Information link does not work, please go to https://www.dibbs.bsm.dla.mil/Solicitations/ and type the solicitation number in the Global Search box.
",DibbsBSM@dla.mil,https://sam.gov/workspace/contract/opp/43cd21d2be4e48eaba38413cb2ba9a07/view,2026-08-17
-11,pass,"66--GAGE,DIFFERENTIAL,D",DEPT OF DEFENSE.DEFENSE LOGISTICS AGENCY.DLA MARITIME.DLA MARITIME COLUMBUS.DLA LAND AND MARITIME,SPE7M426Q0935,Combined Synopsis/Solicitation,334513,66,Small Business Set Aside - Total,2026-08-06,2026-08-20,-0.0,,DV7 Engineering,"Questions regarding this solicitation should be emailed to the buyer listed in block 5 of the solicitation document which can be found under the Additional Information link.
If the Additional Information link does not work, please go to https://www.dibbs.bsm.dla.mil/Solicitations/ and type the solicitation number in the Global Search box.
",DibbsBSM@dla.mil,https://sam.gov/workspace/contract/opp/880e8a143bf940d39295c31f2384e616/view,2026-08-17
-11,ineligible,W50SLF26QA014 - Optimizing the Human Weapon System,DEPT OF DEFENSE.DEPT OF THE ARMY.NATIONAL GUARD BUREAU.JFHQ USPFO HI.USPFO HI PROCUREMENT.W7M4 USPFO ACTIVITY HIANG 154,W50SLF26QA014,Combined Synopsis/Solicitation,541990,R499,SBA Certified Women-Owned Small Business (WOSB) Program Set-Aside (FAR 19.15),2026-08-12,2026-09-11,22.8,"JBPHH, HI",DV7 Engineering,Emma Newbegin,emma.a.newbegin.civ@army.mil,https://sam.gov/workspace/contract/opp/9127b7cf0483413181c2f1cf2bb6bdee/view,2026-08-17
-12,pass,DJ01--Cybersecurity Architecture and Engineering Services  RFI Loopback  (VA-26-00064748),"VETERANS AFFAIRS, DEPARTMENT OF.VETERANS AFFAIRS, DEPARTMENT OF.TECHNOLOGY ACQUISITION CENTER NJ (36C10B)",36C10B26Q0654,Sources Sought,541512,DJ01,Service-Disabled Veteran-Owned Small Business (SDVOSB) Set-Aside (FAR 19.14),2026-08-12,2026-08-12,-7.4,,,Erin.Butler3@va.gov,erin.butler3@va.gov,https://sam.gov/workspace/contract/opp/2cf567b0aa824c9ea1f87baa120c448d/view,2026-08-14
-12,pass,Aviation Center of Excellence (AVCOE) G6 SIPR Video Teleconference (VTC) Lifecycle Replacement,DEPT OF DEFENSE.DEPT OF THE ARMY.AMC.ACC.MISSION INSTALLATION CONTRACTING COMMAND.FDO EUSTIS.W6QM MICC-FDO FT EUSTIS,W911S0FY26052331,Sources Sought,541519,DE01,Small Business Set Aside - Total,2026-08-04,2026-08-12,-7.4,"Fort Rucker, AL",,Arianna Taylor,arianna.m.taylor4.civ@army.mil,https://sam.gov/workspace/contract/opp/3806581964b54049be681ecae3e1fb56/view,2026-08-14
-12,pass,BMET Tech Support Services,DEPT OF DEFENSE.DEPT OF THE NAVY.NAVSUP.NAVSUP OTHER HCA.BUMED.NAVY MEDICINE WEST.NAVAL MEDICAL RESEARCH CENTER,N323988871,Sources Sought,541715,Q702,Full & Open,2026-08-10,2026-08-17,-2.4,"Frederick, MD",DV7 Engineering,Shamai Carter,shamai.m.carter.civ@health.mil,https://sam.gov/workspace/contract/opp/687fbcb4dc45456bb10e7bb07e355ea4/view,2026-08-17
-12,pass,DJ01--Cybersecurity Architecture and Engineering Services  RFI Loopback  (VA-26-00064748),"VETERANS AFFAIRS, DEPARTMENT OF.VETERANS AFFAIRS, DEPARTMENT OF.TECHNOLOGY ACQUISITION CENTER NJ (36C10B)",36C10B26Q0654,Sources Sought,541512,DJ01,Service-Disabled Veteran-Owned Small Business (SDVOSB) Set-Aside (FAR 19.14),2026-08-19,2026-08-19,-0.4,,,Erin.Butler3@va.gov,erin.butler3@va.gov,https://sam.gov/workspace/contract/opp/b5ce13c6970548caafc40bf3249a0cac/view,2026-08-19
-12,ineligible,"Women, Infant, Children Overseas Contract",DEPT OF DEFENSE.DEFENSE HEALTH AGENCY (DHA).ARMY MED RES ACQ ACTIVITY,HT9425-26-R-E004,Solicitation,541611,R408,8(a) Set-Aside (FAR 19.8),2026-08-19,2026-09-18,29.6,"Falls Church, VA",,NATHAN ANDERSON,nathan.p.anderson19.civ@health.mil,https://sam.gov/workspace/contract/opp/4b2222022b2d4ce0a90be26d64255910/view,2026-08-19
-13,pass,NAVSUP Virtual Industry Day - NETSAFA International Training Center,DEPT OF DEFENSE.DEPT OF THE NAVY.NAVSUP.NAVSUP GLOBAL LOGISTICS SUPPORT.NAVSUP FLC NORFOLK.NAVSUP FLT LOG CTR NORFOLK,N0018926VID001,Sources Sought,541330,U099,Full & Open,2026-08-03,2026-08-03,-16.1,"Pensacola, FL",,Mark Damanskis,mark.d.damanskis.civ@us.navy.mil,https://sam.gov/workspace/contract/opp/206d37408f554eb180e8edf3c1fdf178/view,2026-08-14
-13,pass,Modeling and Simulation of a Propeller-Driven Rotor System,DEPT OF DEFENSE.DEPT OF THE NAVY.NAVSEA.NAVSEA WARFARE CENTER.NSWC CARDEROCK,N00167-26-SIMACQ-CD-88-0013,Presolicitation,541330,R425,Small Business Set Aside - Total,2026-08-04,2026-08-11,-8.4,"Bethesda, MD",,Kylie Cox,kylie.l.cox2.civ@us.navy.mil,https://sam.gov/workspace/contract/opp/257d4cdfb3ad4a61bac47c1686a131e0/view,2026-08-14
-13,pass,"USNA Marine Navigation Radar, AIS, and Communications Equipment",DEPT OF DEFENSE.DEPT OF THE NAVY.NAVSUP.NAVSUP GLOBAL LOGISTICS SUPPORT.NAVSUP FLC NORFOLK.NAVSUP FLT LOG CTR NORFOLK,N0018926QL316,Combined Synopsis/Solicitation,334511,6605,Small Business Set Aside - Total,2026-08-05,2026-08-11,-8.4,"Annapolis, MD",DV7 Engineering,Daniel Petro,daniel.p.petro.civ@us.navy.mil,https://sam.gov/workspace/contract/opp/fa47938f789b46e88da4cdd69f9208ce/view,2026-08-17
-13,pass,ETD Supplies for BDL LAS MSP PHL PHX TPA,"HOMELAND SECURITY, DEPARTMENT OF.TRANSPORTATION SECURITY ADMINISTRATION.MISSION ESSENTIALS",70T05026Q5903N005,Combined Synopsis/Solicitation,334511,6640,Small Business Set Aside - Total,2026-08-05,2026-08-12,-7.2,"46520, VA",DV7 Engineering,Kurt Allen,kurt.allen@tsa.dhs.gov,https://sam.gov/workspace/contract/opp/e12815a16657473ca04ef9c04845e3bf/view,2026-08-17
-13,pass,BTX PLC Controller,"AGRICULTURE, DEPARTMENT OF.AGRICULTURAL RESEARCH SERVICE.USDA ARS AFM APD",1232SA26Q0539,Combined Synopsis/Solicitation,334513,6685,Small Business Set Aside - Total,2026-08-10,2026-08-17,-2.3,"Manhattan, KS",DV7 Engineering,Amber Sampson,amber.sampson@usda.gov,https://sam.gov/workspace/contract/opp/2ab911209e4b436fa5bdc3fd682fdbcd/view,2026-08-17
-13,pass,"Vortex Teardown, Test and Evaluation",DEPT OF DEFENSE.DEPT OF THE NAVY.SPAWAR.SPAWAR LANT.NIWC ATLANTIC,N6523-26-SIMACQ-LSUBP0016-0228,Presolicitation,541519,6625,Small Business Set Aside - Total,2026-08-03,2026-08-18,-1.2,,DV7 Engineering,Catherine Denaux ,catherine.g.denaux.civ@us.navy.mil,https://sam.gov/workspace/contract/opp/8edd282ff2ab412eb08626a86af1b451/view,2026-08-14
-14,pass,7C20--Data Center and Telecommunications Modernization  (VA-26-00039374),"VETERANS AFFAIRS, DEPARTMENT OF.VETERANS AFFAIRS, DEPARTMENT OF.TECHNOLOGY ACQUISITION CENTER NJ (36C10B)",36C10B26Q0218,Sources Sought,541519,7C20,Service-Disabled Veteran-Owned Small Business (SDVOSB) Set-Aside (FAR 19.14),2026-08-05,2026-08-05,-14.2,,,Michelle Prinston,michelle.prinston@va.gov,https://sam.gov/workspace/contract/opp/928c7707fea44f73abbbd752d1e388d3/view,2026-08-14
-14,pass,"TRANSMITTER,PRESSUR",DEPT OF DEFENSE.DEFENSE LOGISTICS AGENCY.DLA MARITIME.DLA MARITIME MECHANICSBURG.SPRMM1 DLA MECHANICSBURG,SPRMM126QMF30,Solicitation,334513,6685,Full & Open,2026-08-06,2026-08-10,-9.2,,DV7 Engineering,Telephone: 4457379728,RYAN.BRENNAN@DLA.MIL,https://sam.gov/workspace/contract/opp/4417b385952f4a8baf02e9c18ac6dde4/view,2026-08-17
-14,pass,FLEXIBLE HOSE ASSEMBLY SERVICES FOR SEA BASE CLASS VESSELS,DEPT OF DEFENSE.DEPT OF THE NAVY.MSC.MSC HQS.MSCHQ NORFOLK,N102C_080626,Sources Sought,541330,R425,Small Business Set Aside - Total,2026-08-06,2026-08-13,-6.3,"Norfolk, VA",,Deborah Brett,deborah.d.brett.civ@us.nayv.mil,https://sam.gov/workspace/contract/opp/a57d39f46e0d41ef94dd3de163ca5160/view,2026-08-14
-14,pass,66--SPARK GAP,DEPT OF DEFENSE.DEFENSE LOGISTICS AGENCY.DLA MARITIME.DLA MARITIME COLUMBUS.DLA LAND AND MARITIME,SPE7M126T250K,Combined Synopsis/Solicitation,334511,66,Full & Open,2026-08-05,2026-08-17,-3.0,,DV7 Engineering,"Questions regarding this solicitation should be emailed to the buyer listed in block 5 of the solicitation document which can be found under the Additional Information link.
If the Additional Information link does not work, please go to https://www.dibbs.bsm.dla.mil/Solicitations/ and type the solicitation number in the Global Search box.
",DibbsBSM@dla.mil,https://sam.gov/workspace/contract/opp/8b47405c27a6450092de9a1308bd12cd/view,2026-08-17
-14,pass,DA10 -- Greater Los Angeles Artificial Intelligence Threat Detection,"VETERANS AFFAIRS, DEPARTMENT OF.VETERANS AFFAIRS, DEPARTMENT OF.TECHNOLOGY ACQUISITION CENTER NJ (36C10B)",36C10B26Q0746,Sources Sought,541519,,No Set aside used,2026-08-11,2026-08-17,-2.4,"Los Angeles, CA",,Crystal Lomonaco,crystal.lomonaco@va.com,https://sam.gov/workspace/contract/opp/268bb52639084b8f839905193dede5aa/view,2026-08-14
-14,pass,Annual radio frequency identification (RFID) technology Subscription Services for the Portland VA Medical Center,"VETERANS AFFAIRS, DEPARTMENT OF.VETERANS AFFAIRS, DEPARTMENT OF.260-NETWORK CONTRACT OFFICE 20 (36C260)",36C26026Q0956,Sources Sought,541519,,Service-Disabled Veteran-Owned Small Business (SDVOSB) Set-Aside (FAR 19.14),2026-08-13,2026-08-17,-2.2,"Portland, OR",,Jose E Ronstadt,jose.ronstadt@va.gov,https://sam.gov/workspace/contract/opp/822a8ecaad8c4ad182705c09ffba4e70/view,2026-08-14
-14,pass,"HOUSING ASSEMBLY,GY",DEPT OF DEFENSE.DEFENSE LOGISTICS AGENCY.DLA MARITIME.DLA MARITIME MECHANICSBURG.SPRMM1 DLA MECHANICSBURG,SPRMM126QMA05,Solicitation,334511,6615,Full & Open,2026-08-12,2026-08-18,-1.2,,DV7 Engineering,Telephone: 6146930847,JAMES.FLENIKEN@DLA.MIL,https://sam.gov/workspace/contract/opp/850666fe42af4357b8b03445b47a7fc7/view,2026-08-17
-14,pass,Rare Disease Regulatory Operations Support Consultant,"HEALTH AND HUMAN SERVICES, DEPARTMENT OF.NATIONAL INSTITUTES OF HEALTH.NATIONAL INSTITUTES OF HEALTH NICHD",75N98026R00147,Sources Sought,541690,R499,Small Business Set Aside - Total,2026-08-13,2026-08-19,-0.4,"Bethesda, MD",,"ROBINSON, TINA",robinsti@mail.nih.gov,https://sam.gov/workspace/contract/opp/2d96e8c3a9c64f7c969dcdc6fe5b20ed/view,2026-08-14
-14,pass,Biological Therapeutics Product Development Subject Matter Expert Consulting Services,"HEALTH AND HUMAN SERVICES, DEPARTMENT OF.NATIONAL INSTITUTES OF HEALTH.NATIONAL INSTITUTES OF HEALTH NICHD",75N98026R00148,Sources Sought,541690,R499,Small Business Set Aside - Total,2026-08-12,2026-08-19,-0.4,"Bethesda, MD",,"ROBINSON, TINA",robinsti@mail.nih.gov,https://sam.gov/workspace/contract/opp/0c99464f55504126ab8b9337ec351d24/view,2026-08-14
-14,pass,"R--Healthcare Facility Planning, Evaluation, Research","INTERIOR, DEPARTMENT OF THE.DEPARTMENTAL OFFICES.IBC ACQ SVCS DIRECTORATE (00004)",140D0426R0011,Combined Synopsis/Solicitation,541611,R799,"Buy Indian Set-Aside (specific to Department of Health and Human Services, Indian Health Services)",2026-08-11,2026-08-20,0.8,,,"Davis, Samantha",samantha_davis@ibc.doi.gov,https://sam.gov/workspace/contract/opp/91f5767c6f8e4f9fab26b3c3c69c4106/view,2026-08-14
-14,ineligible,"66--INDICATOR,TEMPERATU",DEPT OF DEFENSE.DEFENSE LOGISTICS AGENCY.DLA AVIATION.DLA AV RICHMOND.DLA AVIATION,SPE4A626T18HU,Combined Synopsis/Solicitation,334513,66,SBA Certified Women-Owned Small Business (WOSB) Program Set-Aside (FAR 19.15),2026-08-16,2026-08-24,4.0,,DV7 Engineering,"Questions regarding this solicitation should be emailed to the buyer listed in block 5 of the solicitation document which can be found under the Additional Information link.
If the Additional Information link does not work, please go to https://www.dibbs.bsm.dla.mil/Solicitations/ and type the solicitation number in the Global Search box.
",DibbsBSM@dla.mil,https://sam.gov/workspace/contract/opp/c9fccfc6b3984840acc56e8cb4111b84/view,2026-08-17
-14,ineligible,"66--TRANSMITTER,PRESSURE",DEPT OF DEFENSE.DEFENSE LOGISTICS AGENCY.DLA AVIATION.DLA AV RICHMOND.DLA AVIATION,SPE4A526T373R,Combined Synopsis/Solicitation,334513,66,SBA Certified Women-Owned Small Business (WOSB) Program Set-Aside (FAR 19.15),2026-08-18,2026-08-26,6.0,,DV7 Engineering,"Questions regarding this solicitation should be emailed to the buyer listed in block 5 of the solicitation document which can be found under the Additional Information link.
If the Additional Information link does not work, please go to https://www.dibbs.bsm.dla.mil/Solicitations/ and type the solicitation number in the Global Search box.
",DibbsBSM@dla.mil,https://sam.gov/workspace/contract/opp/1c0b3e2390604348860843f081cf112a/view,2026-08-18
-14,ineligible,"66--METER,FLOW RATE INDICA",DEPT OF DEFENSE.DEFENSE LOGISTICS AGENCY.DLA AVIATION.DLA AV RICHMOND.DLA AVIATION,SPE4A626T19LR,Combined Synopsis/Solicitation,334513,66,SBA Certified Women-Owned Small Business (WOSB) Program Set-Aside (FAR 19.15),2026-08-18,2026-08-26,6.0,,DV7 Engineering,"Questions regarding this solicitation should be emailed to the buyer listed in block 5 of the solicitation document which can be found under the Additional Information link.
If the Additional Information link does not work, please go to https://www.dibbs.bsm.dla.mil/Solicitations/ and type the solicitation number in the Global Search box.
",DibbsBSM@dla.mil,https://sam.gov/workspace/contract/opp/0d74fea6d53a4ff2bb17ea7959d219a1/view,2026-08-18
-14,ineligible,"66--METER,FLOW RATE INDICA",DEPT OF DEFENSE.DEFENSE LOGISTICS AGENCY.DLA AVIATION.DLA AV RICHMOND.DLA AVIATION,SPE4A526T376P,Combined Synopsis/Solicitation,334513,66,SBA Certified Women-Owned Small Business (WOSB) Program Set-Aside (FAR 19.15),2026-08-18,2026-08-26,6.0,,DV7 Engineering,"Questions regarding this solicitation should be emailed to the buyer listed in block 5 of the solicitation document which can be found under the Additional Information link.
If the Additional Information link does not work, please go to https://www.dibbs.bsm.dla.mil/Solicitations/ and type the solicitation number in the Global Search box.
",DibbsBSM@dla.mil,https://sam.gov/workspace/contract/opp/6c2f4d27e4d64271a9b45f0ddbad9b51/view,2026-08-19
-15,pass,Keyport Logistics and Technical Support Services - Sources Sought,DEPT OF DEFENSE.DEPT OF THE NAVY.NAVSEA.NAVSEA WARFARE CENTER.NAVAL UNDERSEA WARFARE CENTER,N0025326XXXXX,Sources Sought,541330,R425,Full & Open,2026-08-19,2026-08-02,-17.0,"Keyport, WA",,Stacy Noble,stacy.e.noble.civ@us.navy.mil,https://sam.gov/workspace/contract/opp/45546c0f85984d6ea5cde1d1e9703f05/view,2026-08-19
-15,pass,Request for Information (RFI) - Financial Accounting & Reporting Services,DEPT OF DEFENSE.DEFENSE INTELLIGENCE AGENCY (DIA).VIRGINIA CONTRACTING ACTIVITY,HHM402-2X-FN_ACCT,Sources Sought,541611,,No Set aside used,2026-08-05,2026-08-06,-13.2,"Washington, DC",,Dale Williams,dale.williams2@dodiis.mil,https://sam.gov/workspace/contract/opp/b48ff3ac9c35455c9f19d336d7d72bac/view,2026-08-14
-15,pass,Aerospace Systems Technical Research & Operations Support Services II (ASTROS II),DEPT OF DEFENSE.DEPT OF THE AIR FORCE.AIR FORCE MATERIEL COMMAND.AIR FORCE TEST CENTER.FA9300  AFTC PZR,FA930027R6000-RFI04,Sources Sought,541330,AC35,No Set aside used,2026-08-06,2026-08-06,-13.1,"Edwards, CA",,Mathew Pierson,mathew.pierson@us.af.mil,https://sam.gov/workspace/contract/opp/1e9da0e78ec24b1aab4d71c6fd331d6b/view,2026-08-14
-15,pass,Learning Management System for USACE,DEPT OF DEFENSE.DEPT OF THE ARMY.US ARMY CORPS OF ENGINEERS.SCO ALEXANDRIA.ENGINEER CENTER SUPPORT ACT HUMPHREYS.W4LD USA HECSA,W912HQ26S0052,Sources Sought,541519,,Full & Open,2026-08-06,2026-08-10,-9.4,,,Giorgiana Chen,Giorgiana.Chen@usace.army.mil,https://sam.gov/workspace/contract/opp/521e0a50958249eab4b3421d6c484278/view,2026-08-14
-15,pass,MMIII Data Aggregation and Visualization Request for Information (RFI),DEPT OF DEFENSE.DEPT OF THE AIR FORCE.AIR FORCE MATERIEL COMMAND.AIR FORCE NUCLEAR WEAPON CENTER.INTERCONTINENTAL BALLISTIC MISSILE.FA8207  AFNWC PZBC,FA820727RRFI1,Special Notice,541511,DA01,Full & Open,2026-08-07,2026-08-10,-9.1,"Hill Air Force Base, UT",,Kristen Cross,kristen.cross.2@us.af.mil,https://sam.gov/workspace/contract/opp/54cce880c49b4f62a322076fcf6fbda8/view,2026-08-14
-15,pass,Motorola Radio Infrastructure handheld/mobile radio hardware maintenance,DEPT OF DEFENSE.DEFENSE LOGISTICS AGENCY.DCSO.DCSO PHILADELPHIA.DCSO PHILADELPHIA,SP4701-26-R-0014,Combined Synopsis/Solicitation,541519,DG01,Full & Open,2026-08-07,2026-08-14,-5.4,VA,,Donald Hinkson,donald.hinkson@dla.mil,https://sam.gov/workspace/contract/opp/03db4ca65904473598f1a403507d8bf1/view,2026-08-14
-15,pass,DA01--Supply Chain Management DevSecOps and Integration (SCMDSO) -  New TO (VA-26-00021946),"VETERANS AFFAIRS, DEPARTMENT OF.VETERANS AFFAIRS, DEPARTMENT OF.TECHNOLOGY ACQUISITION CENTER NJ (36C10B)",36C10B26Q0376,Sources Sought,541512,DA01,Full & Open,2026-08-17,2026-08-17,-2.4,,,Michelle Prinston,michelle.prinston@va.gov,https://sam.gov/workspace/contract/opp/a707b8a1ffe64e1f81c0169928abd6d3/view,2026-08-17
-15,pass,Governor Control Programming - Sources Sought,DEPT OF DEFENSE.DEPT OF THE ARMY.US ARMY CORPS OF ENGINEERS.ENGINEER DIVISION NORTHWESTERN.ENDIST SEATTLE.W071 ENDIST SEATTLE,W912DW26QA085,Sources Sought,541330,K059,Full & Open,2026-08-04,2026-08-17,-2.2,"Libby, MT",,Londres Medranda,londres.medranda@usace.army.mil,https://sam.gov/workspace/contract/opp/a70c75dfbf6842ad99495b757c050bcf/view,2026-08-14
-15,pass,RDI Camera Upgrade,DEPT OF DEFENSE.DEPT OF THE NAVY.NAVSEA.NAVSEA WARFARE CENTER.NSWC CARDEROCK,N00167-26-SIMACQ-CD-71-0008,Presolicitation,334513,6635,Small Business Set Aside - Total,2026-08-11,2026-08-18,-1.4,"Bethesda, MD",DV7 Engineering,Kylie Cox,kylie.l.cox2.civ@us.navy.mil,https://sam.gov/workspace/contract/opp/71ea0645d90d409e9361b62564f734dd/view,2026-08-17
-15,pass,Sentinel Program Infrastructure Partnering Program,DEPT OF DEFENSE.DEPT OF THE ARMY.US ARMY CORPS OF ENGINEERS.ENGINEER DIVISION NORTHWESTERN.ENDIST SEATTLE.W071 ENDIST SEATTLE,JTF-Sentinel-0001,Sources Sought,541611,,No Set aside used,2026-08-05,2026-08-18,-1.3,"Seattle, WA",,John Solomon,john.s.solomon@usace.army.mil,https://sam.gov/workspace/contract/opp/f5c3351f96c64dba99b345f19bd4f3a2/view,2026-08-14
-15,pass,DE01 - Sources Sought to identify potential sources capable of meeting the Governments minimum requirements for contractor support to provide application upgrade of Personnel Accountability System (PAS),DEPT OF DEFENSE.DEPT OF THE NAVY.NAVSUP.NAVSUP GLOBAL LOGISTICS SUPPORT.NAVSUP FLC NORFOLK.NAVSUP FLT LOG CTR NORFOLK,N0018926RFI01,Sources Sought,541512,DE01,Full & Open,2026-08-13,2026-08-19,-0.9,,,"Shawn Thomas-Hopkins, Contract Specialist
Email: shawn.l.thomas-hopkins.civ@us.navy.mil
Phone: 771-229-3270

Adelina Lozzi, Contracting Officer
Email: adelina.lozzi.civ@us.navy.mil
Phone: 771-229-2283",shawn.thomas1@navy.mil,https://sam.gov/workspace/contract/opp/5bf4ee9a33194347955ee81d6a9d88c8/view,2026-08-14
-15,pass,Real-time Transfer Service (RTS) Additional Node,DEPT OF DEFENSE.NATIONAL GEOSPATIAL-INTELLIGENCE AGENCY (NGA).ATTN: MS S84 - OCS,JA-FY26-073,Sources Sought,541511,R499,No Set aside used,2026-08-04,2026-08-19,-0.3,,,Yue M. Eng,yue.m.eng@nga.mil,https://sam.gov/workspace/contract/opp/195e3ce612f24b9697a467e414d6a001/view,2026-08-14
-15,pass,"TECHNICAL, ENGINEERING, AND LOGISTICS SUPPORT SERVICES",DEPT OF DEFENSE.DEPT OF THE NAVY.NAVSEA.NAVSEA WARFARE CENTER.NAVAL SURFACE WARFARE CENTER,N6426726R3004,Sources Sought,541330,R425,Full & Open,2026-08-04,2026-08-19,-0.1,,,Robert Soto,robert.soto76.civ@us.navy.mil,https://sam.gov/workspace/contract/opp/4c849b482cf54e2aab00fbaf4afe61b2/view,2026-08-14
-16,pass,Long-Range Lineup System (LRLS),DEPT OF DEFENSE.DEPT OF THE NAVY.NAVAIR.NAVAIR NAWC AD.NAVAIR WARFARE CTR AIRCRAFT DIV,N6833526R0522,Sources Sought,334511,6605,Full & Open,2026-08-17,2026-08-17,-2.3,,DV7 Engineering,Kelly Gray,kelly.e.gray13.civ@us.navy.mil,https://sam.gov/workspace/contract/opp/4523d5124f32498cabeb0938247cc281/view,2026-08-17
-16,pass,G/ATOR SECREP SUPPORT,DEPT OF DEFENSE.DEPT OF THE NAVY.USMC.MARCORP I&L.COMMANDER,M67004-26-R-0012,Sources Sought,334511,R706,No Set aside used,2026-08-11,2026-08-17,-2.2,"Albany, GA",DV7 Engineering,Tanner Mitchum,tanner.mitchum@usmc.mil,https://sam.gov/workspace/contract/opp/104d9aef341841419393df5fb3585fae/view,2026-08-17
-16,pass,Support for the Industrial Wastewater Treatment Plant,DEPT OF DEFENSE.DEPT OF THE AIR FORCE.AIR FORCE MATERIEL COMMAND.AIR FORCE SUSTAINMENT CENTER.FA8201  AFSC OL H PZIO, FA820126R0015,Combined Synopsis/Solicitation,541512,7F20,Small Business Set Aside - Total,2026-08-11,2026-08-18,-1.4,"Hill Air Force Base, UT",,Brian Green,Brian.green.20@us.af.mil,https://sam.gov/workspace/contract/opp/920374ff92784c289ad4b3d949072265/view,2026-08-14
-16,pass,"Cleaning, Inspection, and Hazardous Waste Removal for Two 10,000-Gallon Oil/Water Separators",DEPT OF DEFENSE.DEPT OF THE AIR FORCE.AIR FORCE RESERVE COMMAND.FA6633  934 AW PK,FA663326QA011,Combined Synopsis/Solicitation,541990,H391,Small Business Set Aside - Total,2026-08-14,2026-08-19,-0.3,"Minneapolis, MN",,Jessica Ferris,jessica.ferris.5@us.af.mil,https://sam.gov/workspace/contract/opp/ce20de5a1d6444a387b955b3763f5b08/view,2026-08-17
-16,ineligible,ESTA Follow On Contract,DEPT OF DEFENSE.DEPT OF THE NAVY.NAVAIR.NAVAIR HQS.NAVAL AIR SYSTEMS COMMAND,N00421-26-RFPREQ-APM271-0230,Sources Sought,541330,R425,8(a) Set-Aside (FAR 19.8),2026-08-14,2026-08-29,9.6,,,Zachary Gaylord,ZACHARY.R.GAYLORD2.CIV@US.NAVY.MIL,https://sam.gov/workspace/contract/opp/5e6aac108b3a4ace96d6d282e5923383/view,2026-08-14
-16,ineligible,FEMA GPATS BPA (eBUY RFP1824555; DHS APFS F2025069802),"HOMELAND SECURITY, DEPARTMENT OF.FEDERAL EMERGENCY MANAGEMENT AGENCY.PREPAREDNESS SECTION(PRE20)",70FA2026R00000007,Solicitation,541611,R408,8(a) Set-Aside (FAR 19.8),2026-08-19,2026-08-31,11.7,"Emmitsburg, MD",,Christopher Rafuse,christopher.rafuse@fema.dhs.gov,https://sam.gov/workspace/contract/opp/6bb9f4b8ba374bcea4e7d1aece6a1be9/view,2026-08-19
-17,pass,Small Business Set Aside for Ocean Simulation Facility Modernization per attachments- CMMC Level 1 Required,DEPT OF DEFENSE.DEPT OF THE NAVY.NAVSEA.NAVSEA WARFARE CENTER.NAVAL SURFACE WARFARE CENTER,N61331-26-Q-KS47,Combined Synopsis/Solicitation,541512,DJ01,Small Business Set Aside - Total,2026-08-04,2026-08-06,-13.4,"Panama City Beach, FL",DV7 Engineering,Kaitlin Summerville,kaitlin.h.summerville.civ@us.navy.mil,https://sam.gov/workspace/contract/opp/3fded6c6223542f48a955577a3de13ce/view,2026-08-14
-17,pass,V Department Computer Program Engineering Support,DEPT OF DEFENSE.DEPT OF THE NAVY.NAVSEA.NAVSEA WARFARE CENTER.NSWC DAHLGREN,N0017827R3108,Sources Sought,541330,R425,Full & Open,2026-08-04,2026-08-12,-7.4,"Dahlgren, VA",,Stephanie Long,stephanie.m.long36.civ@us.navy.mil,https://sam.gov/workspace/contract/opp/2c483fad8ffa43e1a4db2f4e310771ec/view,2026-08-14
-17,pass,Screening Information Request (SIR) for the Strategic Sourcing for the Acquisition of Various Supplies and Equipment (SAVES),"TRANSPORTATION, DEPARTMENT OF.FEDERAL AVIATION ADMINISTRATION.697DCK REGIONAL ACQUISITIONS SVCS",697DCK-25-R-00302,Solicitation,541519,7C20,Small Business Set Aside - Partial,2026-08-05,2026-08-12,-7.1,"College Park, GA",,Shannon Kincaid-Toncray,shannon.kincaid-toncray@faa.gov,https://sam.gov/workspace/contract/opp/aaf7923654ec4410bcebc5d06dbd5464/view,2026-08-14
-17,pass,Sources Sought - IHS P4 Program Support Contract,"HEALTH AND HUMAN SERVICES, DEPARTMENT OF.INDIAN HEALTH SERVICE.DIVISION OF ACQUISITIONS POLICY HQ",IHS1529527,Sources Sought,541690,B529,Full & Open,2026-08-05,2026-08-14,-5.4,"68464, MD",,Natasha Bitsoi,Natasha.Bitsoi@ihs.gov,https://sam.gov/workspace/contract/opp/6efc3a61b28a427a801f672e2c7d78a2/view,2026-08-14
-17,pass,Network Operations and Support Center (NOSC),"HEALTH AND HUMAN SERVICES, DEPARTMENT OF.OFFICE OF THE ASSISTANT SECRETARY FOR FINANCIAL RESOURCES (ASFR).OMAS STRATEGIC BUYING CENTER - INFORMATION TECHNOLOGY",SSN26-7571-IHSNOSC,Sources Sought,518210,DG01,No Set aside used,2026-08-07,2026-08-17,-2.9,"Rockville, MD",,Miguel Diaz,miguel.diaz@hhs.gov,https://sam.gov/workspace/contract/opp/c375fc478b30470ea91533b0f92b3008/view,2026-08-14
-17,pass,Software License and Support - VSClinical,"HEALTH AND HUMAN SERVICES, DEPARTMENT OF.NATIONAL INSTITUTES OF HEALTH.NATIONAL INSTITUTES OF HEALTH NLM",08744,Sources Sought,513210,DH10,No Set aside used,2026-08-14,2026-08-17,-2.4,"Bethesda, MD",,Sandra Daniels,Sandra.Daniels@nih.gov,https://sam.gov/workspace/contract/opp/67d7cfd5c2ca4926abf1603f3e23c339/view,2026-08-14
-17,pass,Spectrum Analyzer,DEPT OF DEFENSE.DEPT OF THE AIR FORCE.AIR COMBAT COMMAND.FA4600  55 CONS  PKP,FA460026Q0077,Combined Synopsis/Solicitation,334511,6625,Small Business Set Aside - Total,2026-08-12,2026-08-18,-1.4,"0, NE",DV7 Engineering,Joi Harvey,joi.harvey.2@us.af.mil,https://sam.gov/workspace/contract/opp/0ab17b3974b6475e9071778c0b8b35a4/view,2026-08-17
-17,pass,Purchase of Centimeter-Level Accuracy/Survey-Grade GNSS Physical Receiver,DEPT OF DEFENSE.DEPT OF THE ARMY.US ARMY CORPS OF ENGINEERS.ENGINEER DIVISION NORTHWESTERN.ENDIST OMAHA.W071 ENDIST OMAHA,W9128F26QA087,Combined Synopsis/Solicitation,334511,6675,Small Business Set Aside - Total,2026-08-05,2026-08-19,-0.3,"Omaha, NE",DV7 Engineering,Grant Hibbs,Grant.M.Hibbs@usace.army.mil,https://sam.gov/workspace/contract/opp/8958e6820f0744b3a6aba17007eb4891/view,2026-08-17
-17,ineligible,"66--INDICATOR,CARBON MONOX",DEPT OF DEFENSE.DEFENSE LOGISTICS AGENCY.DLA MARITIME.DLA MARITIME COLUMBUS.DLA LAND AND MARITIME,SPE7M126T270W,Combined Synopsis/Solicitation,334511,66,SBA Certified Women-Owned Small Business (WOSB) Program Set-Aside (FAR 19.15),2026-08-10,2026-08-21,1.0,,DV7 Engineering,"Questions regarding this solicitation should be emailed to the buyer listed in block 5 of the solicitation document which can be found under the Additional Information link.
If the Additional Information link does not work, please go to https://www.dibbs.bsm.dla.mil/Solicitations/ and type the solicitation number in the Global Search box.
",DibbsBSM@dla.mil,https://sam.gov/workspace/contract/opp/141c94e66f2b4a338da97dfc25fc9ee4/view,2026-08-17
-17,ineligible,Special Notice For Space Systems Command Strategic Services Vehicle (SSSV) Program,DEPT OF DEFENSE.DEPT OF THE AIR FORCE.FA8802 INTEGRATION OPERATION PIKPKE,RFI1831505,Special Notice,541611,R499,SBA Certified Women-Owned Small Business (WOSB) Program Set-Aside (FAR 19.15),2026-08-19,2026-10-19,61.0,"Los Angeles, CA",,Maria Jimenez,ssc.esd.sssv-program@spaceforce.mil,https://sam.gov/workspace/contract/opp/481113bb2aff442c8cf1ddda7852a3f7/view,2026-08-19
-18,pass,Staff Augmentation,DEPT OF DEFENSE.DEPT OF THE ARMY.AMC.ACC.MISSION INSTALLATION CONTRACTING COMMAND.419TH CSB.0419 AQ HQ     CONTRACTING SUP,PANMCC26P0000048766,Sources Sought,541611,R408,Small Business Set Aside - Total,2026-08-04,2026-08-09,-10.4,"0, SC",,Shawn Glanton,shawn.p.glanton.mil@army.mil,https://sam.gov/workspace/contract/opp/198b2f71744344e5b74318e64cf759bd/view,2026-08-14
-18,pass,Law Enforcement Investigative Database Subscription,"HOMELAND SECURITY, DEPARTMENT OF.US IMMIGRATION AND CUSTOMS ENFORCEMENT.INVESTIGATIONS AND OPERATIONS SUPPORT DALLAS",192126FLMURQ0071,Special Notice,518210,DH10,No Set aside used,2026-08-12,2026-08-14,-5.5,"Washington, DC",,Shayla Kelley,shayla.n.kelley@ice.dhs.gov,https://sam.gov/workspace/contract/opp/3e00eb8c6f16449e9c456d6d2782610b/view,2026-08-14
-18,pass,SFASID GFA Integration-Stabilization Modernization FY26-31,DEPT OF DEFENSE.DEPT OF THE ARMY.AMC.ACC.MISSION INSTALLATION CONTRACTING COMMAND.FDO EUSTIS.W6QM MICC-CARLISLE BARRACKS,W91QF026QA020,Sources Sought,541990,R499,Small Business Set Aside - Total,2026-08-13,2026-08-18,-1.1,PA,,Ashley Arensdorf,ashley.i.arensdorf.civ@army.mil,https://sam.gov/workspace/contract/opp/3ff5559dfb39422e83f1b7d1ebe8c153/view,2026-08-17
-18,pass,Vertiv Battery Hardware and UPS Preventive Maintenance BLDG N26,DEPT OF DEFENSE.DEPT OF THE NAVY.NAVSUP.NAVSUP GLOBAL LOGISTICS SUPPORT.NAVSUP FLC NORFOLK.NAVSUP FLT LOG CTR NORFOLK,N0018926QW328,Solicitation,541519,DG11,Small Business Set Aside - Total,2026-08-17,2026-08-19,-0.7,"Norfolk, VA",,Yvonne Wilson 252-270-5533,yvonne.s.wilson2.civ@us.navy.mil,https://sam.gov/workspace/contract/opp/ef912a7312624b509e72eb5d91fa9fe6/view,2026-08-17
-18,pass,Small Craft Subject Matter Expert and Maintenance Technician Support Services,DEPT OF DEFENSE.DEPT OF THE NAVY.NAVSUP.NAVSUP GLOBAL LOGISTICS SUPPORT.NAVSUP FLC PEARL HARBOR.NAVSUP FLT LOG CTR PEARL HARBOR,N0060426Q4054,Combined Synopsis/Solicitation,541990,J019,Service-Disabled Veteran-Owned Small Business (SDVOSB) Set-Aside (FAR 19.14),2026-08-07,2026-08-19,-0.2,"Port Hueneme CBC Base, CA",,Jeen Chu,jeen.h.chu.civ@us.navy.mil,https://sam.gov/workspace/contract/opp/fbff7bc65fed4b40818f532d69babe21/view,2026-08-17
-19,pass,Request for Information for Orchestrated Transformation,"COMMERCE, DEPARTMENT OF.OFFICE OF THE SECRETARY.DEPT OF COMMERCE SSPO",SSPO-RFI-OFSM-00001,Special Notice,541519,DA01,No Set aside used,2026-08-03,2026-08-13,-6.2,"Washington, DC",,Cameron Brooks,cbrooks1@doc.gov,https://sam.gov/workspace/contract/opp/8741459269b94fe79277509f075ad2bc/view,2026-08-14
-19,pass,RFI - Analyzing Digital Channels - USPS OIG,POSTAL SERVICE.POSTAL SERVICE.SUPPLIES MATERIAL MGMT,6HQOIG-26-A-0008,Sources Sought,541990,R499,No Set aside used,2026-08-11,2026-08-14,-5.7,,,Farzad Afrasiabi,fafrasiabi@uspsoig.gov,https://sam.gov/workspace/contract/opp/f315684642b54da5b9e67eafa598e728/view,2026-08-17
-19,pass,H40 Battle Management Systems Engineering Services Industry Day Announcement,DEPT OF DEFENSE.DEPT OF THE NAVY.NAVSEA.NAVSEA WARFARE CENTER.NSWC DAHLGREN,N0017827R3107,Special Notice,541330,AC33,Full & Open,2026-08-05,2026-08-14,-5.3,"Dahlgren, VA",,Carmell T. Beard,carmell.t.beard.civ@us.navy.mil,https://sam.gov/workspace/contract/opp/ef295d8b52644ecba3633b631c274307/view,2026-08-14
-19,pass,Airborne and Mobile Measurements to support NOAA ARL’s Research on Meteorology and Atmospheric Chemistry,"COMMERCE, DEPARTMENT OF.NATIONAL OCEANIC AND ATMOSPHERIC ADMINISTRATION.DEPT OF COMMERCE NOAA",145022-26-0017,Combined Synopsis/Solicitation,541715,AJ12,Small Business Set Aside - Total,2026-08-05,2026-08-14,-5.2,MD,DV7 Engineering,Barbara Shifflett,barbara.shifflett@noaa.gov,https://sam.gov/workspace/contract/opp/e16d80562191426f967519a1aa3d2175/view,2026-08-17
-19,pass,SOURCES SOUGHT/REQUEST FOR INFORMATION Sources Sought/(RFI) PAE MARITIME PMS 326 SYSTEMS PROFESSIONAL CONTRACT SUPPORT SERVICES FOR PROGRAM MANAGEMENT ,DEPT OF DEFENSE.DEPT OF THE NAVY.NAVSEA.NAVSEA WARFARE CENTER.NSWC CRANE,N0016426SNB97,Sources Sought,541330,R425,Full & Open,2026-08-03,2026-08-17,-2.2,,,Bryan Stratton,bryan.j.stratton2.civ@us.navy.mil,https://sam.gov/workspace/contract/opp/a4ae763f281a495a89efd7d344b5f011/view,2026-08-14
-19,ineligible,EMS Annual Support 2026,"COMMERCE, DEPARTMENT OF.NATIONAL INSTITUTE OF STANDARDS AND TECHNOLOGY",AMDTCNOI2602262,Special Notice,513210,DA10,8(a) Sole Source (FAR 19.8),2026-08-18,2026-09-02,13.6,"Gaithersburg, MD",,Anthony Banovic,anthony.banovic@nist.gov,https://sam.gov/workspace/contract/opp/eef6f5cf1cce454badf18e65dc9af505/view,2026-08-19
-20,pass,Next Generation Sequencing (NGS) 2026,DEPT OF DEFENSE.DEPT OF THE NAVY.NAVSUP.NAVSUP GLOBAL LOGISTICS SUPPORT.NAVSUP FLC NORFOLK.NAVSUP FLT LOG CTR NORFOLK,N0018926QB097,Solicitation,541715,AN42,Full & Open,2026-08-12,2026-08-07,-12.4,"Singapore, SG-01",DV7 Engineering,Cory Georgeson - Contract Specialist,cory.j.georgeson.civ@us.navy.mil,https://sam.gov/workspace/contract/opp/fb0d886e952c43f091beba694722581f/view,2026-08-17
-20,pass,ENTERPRISE PROTOTYPE INITIATIVE CONSORTIUM (EPIC),DEPT OF DEFENSE.DEPT OF THE AIR FORCE.AIR FORCE MATERIEL COMMAND.AIR FORCE RESEARCH LABORATORY.FA8750  AFRL RIK,FA8750269R001,Solicitation,541715,AC13,No Set aside used,2026-08-06,2026-08-12,-7.4,"Rome, NY",DV7 Engineering,Catherine A. Hulser,catherine.hulser.1@us.af.mil,https://sam.gov/workspace/contract/opp/2d093481294641c18e5c9c0e9c10a294/view,2026-08-17
-20,pass,Mid-Atlantic Regional Maintenance Center (MARMC) Technical and Professional Services,DEPT OF DEFENSE.DEPT OF THE NAVY.NAVSEA.REGIONAL MAINTENANCE CENTER.MID ATLANTIC REG MAINT CTR,N5005426R0006,Solicitation,541330,R499,Service-Disabled Veteran-Owned Small Business (SDVOSB) Set-Aside (FAR 19.14),2026-08-12,2026-08-18,-1.3,"Norfolk, VA",,Cindy T. Sampson,cindy.t.sampson.civ@us.navy.mil,https://sam.gov/workspace/contract/opp/d674afc7feeb45b1a9b934aba4753ff7/view,2026-08-14
-20,ineligible,Technical Services Support ,"ENERGY, DEPARTMENT OF.ENERGY, DEPARTMENT OF.SC OAK RIDGE OFFICE",89243126RSC000172,Solicitation,541690,R499,8(a) Set-Aside (FAR 19.8),2026-08-03,2026-09-02,13.9,,,"McDaniel Jr., James E.",jim.mcdaniel@science.doe.gov,https://sam.gov/workspace/contract/opp/ffdc31cd4a484eec861b2ef20d808647/view,2026-08-14
-21,pass,ALQ-249 Next Generation Jammer (NGJ) and Advance Electronic Warfare,DEPT OF DEFENSE.DEPT OF THE NAVY.NAVAIR.NAVAIR NAWC WD.NAVAL AIR WARFARE CENTER,N6893621D0009,Sources Sought,541330,AC13,Full & Open,2026-08-06,2026-08-06,-13.0,,,Leah Ashmore,leah.b.ashmore.civ@us.navy.mil,https://sam.gov/workspace/contract/opp/034c7bc1af3f4911977dba99ad0e1510/view,2026-08-14
-21,pass,"DA01--Revenue Operations Workflow, Payer Compliance and Technical  Process Optimization - New Requirement","VETERANS AFFAIRS, DEPARTMENT OF.VETERANS AFFAIRS, DEPARTMENT OF.TECHNOLOGY ACQUISITION CENTER NJ (36C10B)",36C10B26Q0210,Sources Sought,541512,DA01,Full & Open,2026-08-06,2026-08-07,-12.2,,,Gary  Throckmorton,gary.throckmorton@va.gov,https://sam.gov/workspace/contract/opp/62a45b7884aa4d53ae3cd15f84fe30cb/view,2026-08-14
-21,pass,Lifestage Benefits Optimization,"VETERANS AFFAIRS, DEPARTMENT OF.VETERANS AFFAIRS, DEPARTMENT OF.TECHNOLOGY ACQUISITION CENTER AUSTIN (36C10A)",36C10B26Q0708,Sources Sought,541519,DA10,No Set aside used,2026-08-06,2026-08-11,-8.2,"Eatontown, NJ",,James Morgan,James.Morgan10@va.gov,https://sam.gov/workspace/contract/opp/d09ddc1a01c3486297dce2364755118b/view,2026-08-14
-21,pass,Community Health Workers/Representatives (CHW/CHR) Training,"HEALTH AND HUMAN SERVICES, DEPARTMENT OF.INDIAN HEALTH SERVICE.DIVISION OF ACQUISITIONS POLICY HQ",IHS_SS_26_0804,Sources Sought,541611,,Full & Open,2026-08-04,2026-08-11,-8.1,,,Cynthia Cason,cynthia.cason@ihs.gov,https://sam.gov/workspace/contract/opp/e5269216c43b47919f4402d0892f2913/view,2026-08-14
-21,pass,"DA01--Enterprise Resource Planning (ERP), System Integrator (SI)","VETERANS AFFAIRS, DEPARTMENT OF.VETERANS AFFAIRS, DEPARTMENT OF.TECHNOLOGY ACQUISITION CENTER NJ (36C10B)",36C10B26Q0585,Sources Sought,541519,DA01,Full & Open,2026-08-12,2026-08-12,-7.5,,,John A A Adamitis,John.Adamitis1@va.gov,https://sam.gov/workspace/contract/opp/5b9507062d354a39898e88414ebd2fbf/view,2026-08-14
-21,pass,DA10--KIT Check System,"VETERANS AFFAIRS, DEPARTMENT OF.VETERANS AFFAIRS, DEPARTMENT OF.246-NETWORK CONTRACTING OFFICE 6 (36C246)",36C24626Q0911,Sources Sought,541519,DA10,Full & Open,2026-08-10,2026-08-12,-7.4,"Durham, NC",,Rachel Watkins,Rachel.Watkins2@va.gov,https://sam.gov/workspace/contract/opp/b63ea62c128a4a8e8fcb6bc2c89ff01e/view,2026-08-14
-21,pass,DA10--KIT Check System,"VETERANS AFFAIRS, DEPARTMENT OF.VETERANS AFFAIRS, DEPARTMENT OF.246-NETWORK CONTRACTING OFFICE 6 (36C246)",36C24626Q0911,Sources Sought,541519,DA10,Full & Open,2026-08-10,2026-08-12,-7.4,"Durham, NC",,Rachel Watkins,Rachel.Watkins2@va.gov,https://sam.gov/workspace/contract/opp/6ade6846466c4c40bdd9e178546c9938/view,2026-08-14
-21,pass,Bridge Athletic APP Services,DEPT OF DEFENSE.DEPT OF THE NAVY.NAVSUP.NAVSUP GLOBAL LOGISTICS SUPPORT.NAVSUP FLC NORFOLK.NAVSUP FLT LOG CTR NORFOLK,N0018926QL332,Solicitation,513210,U008,Full & Open,2026-08-08,2026-08-12,-7.4,"Virginia Beach, VA",,Sherell Brown,sherell.g.brown.civ@us.navy.mil,https://sam.gov/workspace/contract/opp/a110aff3c2ea4b3998164fb4dbfaa5e4/view,2026-08-14
-21,pass,B--laboratory services for tree ring samples ,"INTERIOR, DEPARTMENT OF THE.US GEOLOGICAL SURVEY.OFFICE OF ACQUISITON  GRANTS",140G0326Q0149,Sources Sought,541990,B529,Full & Open,2026-08-05,2026-08-12,-7.0,,,"Huot, Tracy",thuot@usgs.gov,https://sam.gov/workspace/contract/opp/7f8a6bef6f8242dc939c3f32f075543f/view,2026-08-17
-21,pass,Coalition Interoperability Assurance Validation Services,DEPT OF DEFENSE.DEPT OF THE NAVY.NAVSUP.NAVSUP GLOBAL LOGISTICS SUPPORT.NAVSUP FLC NORFOLK.NAVSUP FLT LOG CTR NORFOLK,N0018926Q3104,Solicitation,541330,R425,No Set aside used,2026-08-12,2026-08-14,-5.1,"Washington, DC",,Rubean Joy Varghese. The best way to reach the point of contact for this action is via email at rubean.j.varghese.civ@us.navy.mil,rubean.varghese@navy.mil,https://sam.gov/workspace/contract/opp/d0ef86d2358b4091ad27bbc03aa44150/view,2026-08-14
-21,pass,Protective Distribution System (PDS) Preventive Maintenance and Support Services,DEPT OF DEFENSE.DEPT OF THE ARMY.AMC.ACC.MISSION INSTALLATION CONTRACTING COMMAND.410TH CSB.0410 AQ HQ     CONTRACT,PAN41026P0000026189,Sources Sought,541519,DJ10,No Set aside used,2026-08-11,2026-08-17,-2.5,"Key West, FL",,Sonia Boppell,sonia.m.boppell.civ@mail.mil,https://sam.gov/workspace/contract/opp/9fe5aec4a73f4d98b60e95bf8d5ca9e6/view,2026-08-14
-21,pass,Technical and Programmatic Support Services (TPSS) III IDIQ MATOC,DEPT OF DEFENSE.DEPT OF THE ARMY.US ARMY CORPS OF ENGINEERS.SCO ALEXANDRIA.SUPPORT CENTER HUNTSVILLE.W2V6 USA ENG SPT CTR HUNTSVIL,	PANHES-24-P-0000-003867,Presolicitation,541512,J059,No Set aside used,2026-08-07,2026-08-17,-2.4,"Redstone Arsenal, AL",,Christopher T. Shepard,christopher.t.shepard@usace.army.mil,https://sam.gov/workspace/contract/opp/2020d4ae7e774d169915e5da8ce3cc4b/view,2026-08-14
-21,pass,Consulting Engineering Geologist Services for the U.S. Federal Energy Regulatory Commission,"ENERGY, DEPARTMENT OF.FEDERAL ENERGY REGULATORY COMMISSION.ACQUISITION SERVICES DIVISION",89603026Q0061,Combined Synopsis/Solicitation,541330,B517,No Set aside used,2026-08-03,2026-08-17,-2.3,"Washington, DC",,Anna Thompson,anna.thompson@ferc.gov,https://sam.gov/workspace/contract/opp/442f3328b0fe402f9a6f4b79d1b238b6/view,2026-08-14
-21,pass,"H312--FY26 FIRE EXTINGUISHER TESTING  Battle Creek, MI VA Medical Center","VETERANS AFFAIRS, DEPARTMENT OF.VETERANS AFFAIRS, DEPARTMENT OF.250-NETWORK CONTRACT OFFICE 10 (36C250)",36C25026Q0865,Sources Sought,541990,H312,Full & Open,2026-08-11,2026-08-18,-1.4,Battle Creek,,Timothy L. Garrity,timothy.garrity@va.gov,https://sam.gov/workspace/contract/opp/1f99d19dadae43d98e9142238c344289/view,2026-08-17
-21,pass,MIM Software,"VETERANS AFFAIRS, DEPARTMENT OF.VETERANS AFFAIRS, DEPARTMENT OF.257-NETWORK CONTRACT OFFICE 17 (36C257)",36C25726Q0847,Sources Sought,541519,J065,No Set aside used,2026-08-13,2026-08-18,-1.3,"San Antonio, TX",,Oneka.Robertson@va.gov,oneka.robertson@va.gov,https://sam.gov/workspace/contract/opp/7327eac808054540b2fee70817cbcc07/view,2026-08-14
-21,pass,R425--Lock Out Tag Out (LOTO)  Chillicothe VAMC,"VETERANS AFFAIRS, DEPARTMENT OF.VETERANS AFFAIRS, DEPARTMENT OF.250-NETWORK CONTRACT OFFICE 10 (36C250)",36C25026Q0863,Sources Sought,541690,R425,Full & Open,2026-08-11,2026-08-18,-1.2,"Chillicothe, OH",,Lakeisha Jackson,Lakeisha.Jackson@va.gov,https://sam.gov/workspace/contract/opp/56e47bd20fa3409a94f753ab1857b4b5/view,2026-08-14
-21,pass,"Mental Health Mobile Apps Design, Development, and Research Support","VETERANS AFFAIRS, DEPARTMENT OF.VETERANS AFFAIRS, DEPARTMENT OF.TECHNOLOGY ACQUISITION CENTER NJ (36C10B)",36C10B26Q0640,Sources Sought,541512,DA01,No Set aside used,2026-08-17,2026-08-19,-0.4,,,Ana Subashi,ana.subashi@va.gov,https://sam.gov/workspace/contract/opp/3d8cd311bedc4fba8153f210cc09038b/view,2026-08-17
-21,pass,Request for Solutions (RFS): Autonomous Coding (AC) and Automated Appeals & Denials Management (ADM),DEPT OF DEFENSE.DEFENSE HEALTH AGENCY (DHA).DEFENSE HEALTH AGENCY,HT0038RFSACADM,Solicitation,541511,DA01,Full & Open,2026-08-05,2026-08-19,-0.3,"0, VA",,Sharjeel Javaid,sharjeel.j.javaid.civ@health.mil,https://sam.gov/workspace/contract/opp/0b3185c8044941b1a91f6c6b9e3f0230/view,2026-08-14
-21,pass,PD-44-0123; Advanced Electrical Power Systems Services,DEPT OF DEFENSE.DEPT OF THE NAVY.NAVSEA.NAVSEA WARFARE CENTER.NSWC PHILADELPHIA DIV,N64498-26-44-0123,Sources Sought,541330,R425,No Set aside used,2026-08-06,2026-08-19,-0.1,"Philadelphia, PA",,Jenny Tomeo,Jenny.e.Tomeo.civ@us.navy.mil,https://sam.gov/workspace/contract/opp/613d814a8f344eb3b9c8a1b4295b27c7/view,2026-08-14
-21,pass,Sources Sought Notice - Revenue Cycle Management Services,"HEALTH AND HUMAN SERVICES, DEPARTMENT OF.INDIAN HEALTH SERVICE.NAVAJO AREA INDIAN HEALTH SVC",IHS1522763,Sources Sought,518210,DA01,No Set aside used,2026-08-07,2026-08-19,-0.1,"Chinle, AZ",,Teola Autaubo,Teola.Autaubo@ihs.gov,https://sam.gov/workspace/contract/opp/df4d3527d51048e9ba31be5e80ae1280/view,2026-08-14
-21,pass,Scientific Research on FVCOM Modeling of Lake Erie,"COMMERCE, DEPARTMENT OF.NATIONAL OCEANIC AND ATMOSPHERIC ADMINISTRATION.DEPT OF COMMERCE NOAA",REQUIREMENTS-26-3751-SS,Sources Sought,541990,R412,No Set aside used,2026-08-12,2026-08-19,-0.1,,,JULIA L. HAMILTON,julia.l.hamilton@noaa.gov,https://sam.gov/workspace/contract/opp/15fc1a875d5e4d6b98996497431d8e20/view,2026-08-17
-22,pass,Abbott RALS Web3 Interface License and Device Connectivity,DEPT OF DEFENSE.DEFENSE HEALTH AGENCY (DHA),HT941026DE004,Special Notice,541512,DH10,No Set aside used,2026-08-03,2026-08-07,-12.3,"0, WA",,Nadine Kohler,nadine.m.kohler.civ@health.mil,https://sam.gov/workspace/contract/opp/4be3e8f74b3442e59c137f4583824168/view,2026-08-14
-22,pass,B-52 Fall Protection,DEPT OF DEFENSE.DEPT OF THE AIR FORCE.AIR FORCE GLOBAL STRIKE COMMAND.FA4608  2 CONS LGC,FA460826QS046,Special Notice,541330,H342,No Set aside used,2026-08-07,2026-08-10,-9.1,"0, LA",,SSgt Tyler Parsons,tyler.parsons.3@us.af.mil,https://sam.gov/workspace/contract/opp/2eaa71bd519a4512ac07c7c7735fd5e1/view,2026-08-14
-22,pass,"DSpace Software Upgrades, Configuration, Maintenance Support at NPS",DEPT OF DEFENSE.DEPT OF THE NAVY.NAVSUP.NAVSUP GLOBAL LOGISTICS SUPPORT.NAVSUP FLC SAN DIEGO.NAVSUP FLT LOG CTR  SAN DIEGO,1301339273 ,Solicitation,541511,DA10,Small Business Set Aside - Total,2026-08-07,2026-08-11,-8.1,"Monterey, CA",,Kyle Westover,Kyle.D.Westover.civ@us.navy.mil,https://sam.gov/workspace/contract/opp/9a12e1b8263349739a7217c0a203b8b0/view,2026-08-14
-22,pass,Kronos Mission Catalyst Day 2,DEPT OF DEFENSE.DEPT OF THE AIR FORCE.SPACE SYSTEMS COMMAND.PEO BATTLE MANAGEMENT; COMMAND; CONTROL; COMMUNICATIONS.FA8806 BATTLE MNGMNT C3 SSC/BCK,FA8806-26-S-0001,Special Notice,513210,AR12,No Set aside used,2026-08-03,2026-08-13,-6.2,"El Segundo, CA",,Heather Baldwin,SSC.BMZ.SYD85@spaceforce.mil,https://sam.gov/workspace/contract/opp/f0c8e349442341c9a0f4161a88ce41dc/view,2026-08-14
-22,pass,Seymour Johnson AFB Klaxon System Upgrade and Maintenance,DEPT OF DEFENSE.DEPT OF THE AIR FORCE.AIR COMBAT COMMAND.FA4809  4TH CONS SQ CC,FA480926Q0073,Solicitation,541519,R429,Small Business Set Aside - Total,2026-08-10,2026-08-14,-5.5,"Goldsboro, NC",,Elizabeth Guernsey,elizabeth.guernsey@us.af.mil,https://sam.gov/workspace/contract/opp/b1df3e201ddc4832aa54f0ce0e9113b5/view,2026-08-14
-22,pass,"Sole Source - Gray Whale Survey, Photo ID & UAS Monitoring","COMMERCE, DEPARTMENT OF.NATIONAL OCEANIC AND ATMOSPHERIC ADMINISTRATION.DEPT OF COMMERCE NOAA",143061-26-0088,Presolicitation,541715,AJ12,No Set aside used,2026-08-05,2026-08-15,-4.1,CA,DV7 Engineering,"Charles ""Matt"" Kendall",charles.kendall@noaa.gov,https://sam.gov/workspace/contract/opp/376d0e9ab13a4b97b80ecd644ed62e35/view,2026-08-17
-22,pass,Sole Source - Similkameen River Fish Fin Clips Analyzation,"COMMERCE, DEPARTMENT OF.NATIONAL OCEANIC AND ATMOSPHERIC ADMINISTRATION.DEPT OF COMMERCE NOAA",143041-26-0104,Presolicitation,541715,AJ12,No Set aside used,2026-08-05,2026-08-15,-4.1,"Seattle, WA",DV7 Engineering,"Charles ""Matt"" Kendall",charles.kendall@noaa.gov,https://sam.gov/workspace/contract/opp/2e24fef4ad894c729a2641e3f1ddf417/view,2026-08-17
-22,pass,Intent to Solicit Only One Source for Five (5) lapping systems with accompanying cabinetry for housing the lapping system and associated consumables.,DEPT OF DEFENSE.DEPT OF THE ARMY.AMC.ACC.ACC-CTRS.ACC-APG.W6QK ACC-APG ADELPHI,W911QX26QA171,Combined Synopsis/Solicitation,334513,3655,Full & Open,2026-08-10,2026-08-17,-2.4,"Adelphi, MD",DV7 Engineering,Kevin Manley,kevin.c.manley.civ@army.mil,https://sam.gov/workspace/contract/opp/792ea69877824888b334f372df7fdf26/view,2026-08-17
-22,pass,"SOLE SOURCE NOTIFICATION: SAAB, INC. MDS/WAM Maintenance",DEPT OF DEFENSE.DEPT OF THE NAVY.NAVAIR.NAVAIR NAWC AD.NAVAL AIR WARFARE CENTER AIR DIV,N0042126Q1331,Combined Synopsis/Solicitation,334511,J017,No Set aside used,2026-08-12,2026-08-17,-2.2,"Saint Inigoes, MD",DV7 Engineering,Cathleen Emmart,cathleen.m.emmart.civ@us.navy.mil,https://sam.gov/workspace/contract/opp/fe57b6eae62f4e378f599aa17ed35bea/view,2026-08-17
-22,pass,"Data collection, analysis and system maintenance for the FLAP HSM system onboard USCGC BERTHOLF and STRATTON.","HOMELAND SECURITY, DEPARTMENT OF.US COAST GUARD.SFLC PROCUREMENT BRANCH 3(00040)",52000PR260027400,Special Notice,541330,R702,No Set aside used,2026-08-17,2026-08-18,-1.1,"50525, CA",,Ashley Moore,Ashley.G.Moore@uscg.mil,https://sam.gov/workspace/contract/opp/57a869f37a904b508f6a7e3b14b383ca/view,2026-08-17
-22,pass,SOLE SOURCE NOTICE,DEPT OF DEFENSE.DEPT OF THE NAVY.NAVSUP.NAVSUP GLOBAL LOGISTICS SUPPORT.NAVSUP FLC NORFOLK.NAVSUP FLT LOG CTR NORFOLK,N0018926QW330,Special Notice,513210,U099,No Set aside used,2026-08-19,2026-08-19,-0.5,"Newport, RI",,Mary Taylor,mary.a.taylor263.civ@us.navy.mil,https://sam.gov/workspace/contract/opp/e95fdebc1bc54602bd96dfe285956a2c/view,2026-08-19
-22,pass,Multi Conjugate Adaptive Optics Technical Support,DEPT OF DEFENSE.DEPT OF THE NAVY.NAVSUP.NAVSUP GLOBAL LOGISTICS SUPPORT.NAVSUP FLC SAN DIEGO,N0024426Q9268,Special Notice,541330,AJ12,No Set aside used,2026-08-14,2026-08-19,-0.2,"Monterey, CA",,,,https://sam.gov/workspace/contract/opp/6a2c00eff9914b559fe9150016a3de66/view,2026-08-14
-23,pass,"R--OMAO/UxSOC, UMS Support Services","COMMERCE, DEPARTMENT OF.NATIONAL OCEANIC AND ATMOSPHERIC ADMINISTRATION.DEPT OF COMMERCE NOAA",1305M226R0029,Solicitation,541715,R425,Small Business Set Aside - Total,2026-08-06,2026-08-10,-9.3,,DV7 Engineering,"MCLIVERTY, AMY L.",AMY.L.MCLIVERTY@NOAA.GOV,https://sam.gov/workspace/contract/opp/2e252cab814141e8af5086c3c1c08d1a/view,2026-08-17
-23,pass,Notice of Intent to Award Sole Source Order to Rincon Research Corportation,DEPT OF DEFENSE.DEPT OF THE NAVY.SPAWAR.SPAWAR PACIFIC.NIWC PACIFIC,N66001-26-Q-6275,Special Notice,541715,AC12,Full & Open,2026-08-05,2026-08-10,-9.3,,DV7 Engineering,JOSE CARREON,jose.n.carreon.civ@us.navy.mil,https://sam.gov/workspace/contract/opp/0b0b1d73ea024ca29b98f86e1b5ef812/view,2026-08-17
-23,pass,Field data collection to support the validation of NASA's PACE mission,NATIONAL AERONAUTICS AND SPACE ADMINISTRATION.NATIONAL AERONAUTICS AND SPACE ADMINISTRATION.NASA SHARED SERVICES CENTER,80NSSC26939855Q,Special Notice,541715,R499,Full & Open,2026-08-06,2026-08-10,-9.2,,DV7 Engineering,Cody Guidry,cody.d.guidry@nasa.gov,https://sam.gov/workspace/contract/opp/77ceb32f3d4e4972908e49b97065d593/view,2026-08-17
-23,pass,Curtiss-Wright Overhead Module,NATIONAL AERONAUTICS AND SPACE ADMINISTRATION.NATIONAL AERONAUTICS AND SPACE ADMINISTRATION.NASA SHARED SERVICES CENTER,80NSSC26936592Q,Special Notice,334511,DA10,Full & Open,2026-08-06,2026-08-11,-8.3,"Edwards, CA",DV7 Engineering,Cara Craft,cara.s.craft@nasa.gov,https://sam.gov/workspace/contract/opp/6591032c51be47ecbe5539b04c1d3a91/view,2026-08-17
-23,pass,"Small Business Set-Aside for Authorized Resellers of SUEX NERO Brand Diver Propulsion Vehicle accessories, spares, and transport equipment.",DEPT OF DEFENSE.DEPT OF THE NAVY.NAVSEA.NAVSEA WARFARE CENTER.NAVAL SURFACE WARFARE CENTER,N61331-26-Q-JK41,Combined Synopsis/Solicitation,334511,4220,Small Business Set Aside - Total,2026-08-10,2026-08-12,-7.4,"Panama City Beach, FL",DV7 Engineering,Jamell L.  Kilgore,jamell.l.kilgore.civ@us.navy.mil,https://sam.gov/workspace/contract/opp/79f960e2d50147a8b8259e461b1024b5/view,2026-08-17
-23,pass,Delta Motion Control Hardware,NATIONAL AERONAUTICS AND SPACE ADMINISTRATION.NATIONAL AERONAUTICS AND SPACE ADMINISTRATION.NASA SHARED SERVICES CENTER,80NSSC26939247Q,Special Notice,334513,7E20,Full & Open,2026-08-10,2026-08-12,-7.1,,DV7 Engineering,laura quave,laura.a.quave@nasa.gov,https://sam.gov/workspace/contract/opp/209262f86e014ad7924520bab2768ecd/view,2026-08-17
-23,pass,Purchase of Tenney Cevo-20S Environmental Test Chamber,"AGRICULTURE, DEPARTMENT OF.ANIMAL AND PLANT HEALTH INSPECTION SERVICE.MRPBS MINNEAPOLIS MN",12639526Q0265,Combined Synopsis/Solicitation,334513,6632,Small Business Set Aside - Total,2026-08-10,2026-08-13,-6.4,"Kansas City, MO",DV7 Engineering,Latisha Hollman,latisha.a.hollman@usda.gov,https://sam.gov/workspace/contract/opp/0f3d717c24e948c49aca91ced5994a30/view,2026-08-17
-23,pass,Space Science Information Technology Support,DEPT OF DEFENSE.DEPT OF THE NAVY.ONR.ONR NRL.NAVAL RESEARCH LABORATORY,N0017326R0007,Solicitation,541715,AJ15,Small Business Set Aside - Total,2026-08-12,2026-08-13,-6.2,,DV7 Engineering,Tamara Jenkins,tamara.jenkins@nrl.navy.mil,https://sam.gov/workspace/contract/opp/bb2825452ca84e0d834df819269d2d8c/view,2026-08-17
-23,pass,J066--Check Point Wireless Maint and Repair,"VETERANS AFFAIRS, DEPARTMENT OF.VETERANS AFFAIRS, DEPARTMENT OF.248-NETWORK CONTRACT OFFICE 8 (36C248)",36C24826Q1099,Special Notice,334513,J066,Full & Open,2026-08-07,2026-08-14,-5.4,,DV7 Engineering,Walida Moore-Saintil,Walida.MooreSaintil@va.gov,https://sam.gov/workspace/contract/opp/80e5225481ba48de9a4b9ac94350a0d3/view,2026-08-17
-23,pass,MSHA - Self Contained Self Rescuer (SCSRs),"LABOR, DEPARTMENT OF.OFFICE OF THE ASSISTANT SECRETARY FOR ADMINISTRATION AND MANAGEMENT.DOL - CAS DIVISION 4 PROCUREMENT",1605C4-26-R-00026,Solicitation,334513,H142,Small Business Set Aside - Total,2026-08-05,2026-08-14,-5.4,"Pittsburgh, PA",DV7 Engineering,Alicia M. Jackson,Jackson.Alicia.M@dol.gov,https://sam.gov/workspace/contract/opp/459ffd64d1f049d586ce69172510d367/view,2026-08-17
-23,pass,Emerson Rosemount Pressure Transmitters LARC M.Weathers,NATIONAL AERONAUTICS AND SPACE ADMINISTRATION.NATIONAL AERONAUTICS AND SPACE ADMINISTRATION.NASA SHARED SERVICES CENTER,80NSSC26938052QQ,Solicitation,334513,7E20,Small Business Set Aside - Total,2026-08-12,2026-08-14,-5.2,,DV7 Engineering,McKenzie Hanson,mckenzie.m.hanson@nasa.gov,https://sam.gov/workspace/contract/opp/d4a9c8de14f04333b43ff0e6e8a0846e/view,2026-08-17
-23,pass,AJ11--Pharmacokinetic Studies,"VETERANS AFFAIRS, DEPARTMENT OF.VETERANS AFFAIRS, DEPARTMENT OF.248-NETWORK CONTRACT OFFICE 8 (36C248)",36C24826Q0962,Special Notice,541715,AJ11,Full & Open,2026-08-12,2026-08-17,-2.4,,DV7 Engineering,Keila  President,keila.president@va.gov,https://sam.gov/workspace/contract/opp/5b72e08caa4940eebdff7a10866db5b1/view,2026-08-17
-23,pass,AJ11--Metabolomics Analysis (Non-GCP),"VETERANS AFFAIRS, DEPARTMENT OF.VETERANS AFFAIRS, DEPARTMENT OF.248-NETWORK CONTRACT OFFICE 8 (36C248)",36C24826Q0990,Special Notice,541715,AJ11,Full & Open,2026-08-11,2026-08-17,-2.4,,DV7 Engineering,Keila  President,keila.president@va.gov,https://sam.gov/workspace/contract/opp/7a8cef91f3fb4404be6de6ffa0ae16d5/view,2026-08-17
-23,pass,AN12--Postmortem Tissue Samples,"VETERANS AFFAIRS, DEPARTMENT OF.VETERANS AFFAIRS, DEPARTMENT OF.241-NETWORK CONTRACT OFFICE 01 (36C241)",36C24126Q0727,Special Notice,541715,AN12,Full & Open,2026-08-10,2026-08-17,-2.4,,DV7 Engineering,Paula Doerfler,Paula.Doerfler@va.gov,https://sam.gov/workspace/contract/opp/23663f9dabdd455380c8e945a0307e2a/view,2026-08-17
-23,pass,XGtd Remcom XGTD (EV) Renewal,NATIONAL AERONAUTICS AND SPACE ADMINISTRATION.NATIONAL AERONAUTICS AND SPACE ADMINISTRATION.NASA SHARED SERVICES CENTER,80NSSC26940964Q,Special Notice,541715,DA10,Full & Open,2026-08-12,2026-08-17,-2.3,"Houston, TX",DV7 Engineering,Cara Craft,cara.s.craft@nasa.gov,https://sam.gov/workspace/contract/opp/094f96670a4940718fec3c175f5b9b3d/view,2026-08-17
-23,pass,Leica T-Probe III and associated accessories,NATIONAL AERONAUTICS AND SPACE ADMINISTRATION.NATIONAL AERONAUTICS AND SPACE ADMINISTRATION.NASA SHARED SERVICES CENTER,80NSSC26939517Q,Special Notice,334513,7E20,Full & Open,2026-08-12,2026-08-17,-2.1,,DV7 Engineering,laura quave,laura.a.quave@nasa.gov,https://sam.gov/workspace/contract/opp/a70ff1b450184d0a86fe8da3717f770e/view,2026-08-17
-23,pass,66--GPS DEVICES AND SERVICE **AMD 003**,"INTERIOR, DEPARTMENT OF THE.US GEOLOGICAL SURVEY.OFC OF ACQUSITION  GRANTS-NATIONAL",140G0126Q0201,Solicitation,334513,6675,Small Business Set Aside - Total,2026-08-12,2026-08-18,-1.5,,DV7 Engineering,"Anderson, Rafael",rlanderson@usgs.gov,https://sam.gov/workspace/contract/opp/38284e296fef4e34af1611947cdf1ee4/view,2026-08-17
-23,pass,Small Business Set-Aside for Authorized Resellers of Underwater Vehicle Thrusters Per Attachments,DEPT OF DEFENSE.DEPT OF THE NAVY.NAVSEA.NAVSEA WARFARE CENTER.NAVAL SURFACE WARFARE CENTER,N61331-26-Q-JK43,Combined Synopsis/Solicitation,334511,2090,Small Business Set Aside - Total,2026-08-17,2026-08-19,-0.4,"Panama City Beach, FL",DV7 Engineering,Jamell L.  Kilgore,jamell.l.kilgore.civ@us.navy.mil,https://sam.gov/workspace/contract/opp/56a3f58b3eef43d4b6d48a492acbfe2d/view,2026-08-17
-23,pass,Support of Argentina Observational Instrument Suite (AOIS),NATIONAL AERONAUTICS AND SPACE ADMINISTRATION.NATIONAL AERONAUTICS AND SPACE ADMINISTRATION.NASA SHARED SERVICES CENTER,80NSSC26941873Q,Special Notice,541715,AJ11,Full & Open,2026-08-17,2026-08-19,-0.2,,DV7 Engineering,Cody Guidry,cody.d.guidry@nasa.gov,https://sam.gov/workspace/contract/opp/382693a14d4f4e19b80034e4e77725b4/view,2026-08-18
-23,ineligible,Cancellation Notice for Solicitation W51H7226QA009,DEPT OF DEFENSE.DEPT OF THE ARMY.AMC.ACC.MISSION INSTALLATION CONTRACTING COMMAND.419TH CSB.W6QM MICC FDO FT BRAGG,W51H7226QA009,Special Notice,541611,R699,8(a) Set-Aside (FAR 19.8),2026-08-17,,,"0, SC",,"SSG Robert, Torres",robert.torres170.mil@army.mil,https://sam.gov/workspace/contract/opp/c6667779c0404950aa13eb08da819b9f/view,2026-08-17
-24,pass,Historical Medical Claims Data Analysis,"JUSTICE, DEPARTMENT OF.FEDERAL PRISON SYSTEM / BUREAU OF PRISONS.FAO",15BCMS26Q70000005,Combined Synopsis/Solicitation,541611,R405,Small Business Set Aside - Total,2026-08-05,2026-07-23,-27.4,"Washington, DC",,Kristen Fisher,kmfisher@bop.gov,https://sam.gov/workspace/contract/opp/689b3b993af64e3b8469c01f874819fb/view,2026-08-14
-24,pass,"FY25-FY28 Production and Deployed System Support (P&DSS), W93/Mk7, Reentry Systems Technology Development and TRIDENT II D5LE2 Support",DEPT OF DEFENSE.DEPT OF THE NAVY.SSP.PAE STRATEGIC SYSTEMS PROGRAMS,N0003024C0100,Special Notice,541330,1410,Full & Open,2026-08-05,2026-07-24,-26.9,DC,,Alexander Miller,Alexander.Miller@ssp.navy.mil,https://sam.gov/workspace/contract/opp/9ea4bf1685684e9eb6c8d6181bead44d/view,2026-08-14
-24,pass,MTS Flextest 40 Upgrade Computers,NATIONAL AERONAUTICS AND SPACE ADMINISTRATION.NATIONAL AERONAUTICS AND SPACE ADMINISTRATION.NASA SHARED SERVICES CENTER,80NSSC26940275Q,Special Notice,541511,DA10,Full & Open,2026-08-03,2026-08-05,-14.5,"Hampton, VA",,Shanna Patterson,shanna.l.patterson@nasa.gov,https://sam.gov/workspace/contract/opp/d7028fc27fcd4f9fb1bc0396016dd4cf/view,2026-08-14
-24,pass,ACEIT Distribution Renewal,NATIONAL AERONAUTICS AND SPACE ADMINISTRATION,80NSSC26940123Q,Special Notice,541519,DA10,Full & Open,2026-08-03,2026-08-05,-14.3,"Washington, DC",,Lindsey McLellan,lindsey.m.mclellan@nasa.gov,https://sam.gov/workspace/contract/opp/3f53ba549b744feeb6f5bf84673d359e/view,2026-08-14
-24,pass,T--CGB-400 IMT GIS Technical Service Support,"INTERIOR, DEPARTMENT OF THE.BUREAU OF RECLAMATION.MP-REGIONAL OFFICE",140R2026Q0014,Combined Synopsis/Solicitation,541611,T002,Service-Disabled Veteran-Owned Small Business (SDVOSB) Set-Aside (FAR 19.14),2026-08-04,2026-08-06,-13.3,,,"Clark, Erma",erma_clark@ios.doi.gov,https://sam.gov/workspace/contract/opp/91222a4efaeb4a2eb7cd5e79abbe4079/view,2026-08-14
-24,pass,RAVEN PRO COMPRO Annual Lease,NATIONAL AERONAUTICS AND SPACE ADMINISTRATION.NATIONAL AERONAUTICS AND SPACE ADMINISTRATION.NASA SHARED SERVICES CENTER,80NSSC26940810Q,Special Notice,513210,DA10,No Set aside used,2026-08-05,2026-08-07,-12.1,"Hampton, VA",,Lindsey McLellan,lindsey.m.mclellan@nasa.gov,https://sam.gov/workspace/contract/opp/15f18d3682fb4626942ebbe0ea8e2a8f/view,2026-08-14
-24,pass,DJ01-- Engineering Radio Service - Tulsa CHIP-IN - 623,"VETERANS AFFAIRS, DEPARTMENT OF.VETERANS AFFAIRS, DEPARTMENT OF.RPO WEST (36C24W)",36C24W26Q0223,Combined Synopsis/Solicitation,541330,DJ01,Service-Disabled Veteran-Owned Small Business (SDVOSB) Set-Aside (FAR 19.14),2026-08-05,2026-08-10,-9.4,"Tulsa, OK",,Ullainee J Fowler,Ullainee.Fowler@va.gov,https://sam.gov/workspace/contract/opp/2623807e9e074b43ab67a8f50a1d16bb/view,2026-08-14
-24,pass,MAX Agreement Renewal,DEPT OF DEFENSE.DEPT OF THE NAVY.ONR.ONR NRL.NAVAL RESEARCH LABORATORY,N0017326Q5532,Special Notice,518210,DH10,No Set aside used,2026-08-05,2026-08-10,-9.2,"Washington, DC",,Katrina Gallagher,katrina.t.gallagher.civ@us.navy.mil,https://sam.gov/workspace/contract/opp/3d281d1be6d74e478dadf3c473c113b4/view,2026-08-14
-24,pass,Custom 3-channel constant-temperature-anemometer (CTA) system,NATIONAL AERONAUTICS AND SPACE ADMINISTRATION.NATIONAL AERONAUTICS AND SPACE ADMINISTRATION.NASA SHARED SERVICES CENTER,80NSSC26939337Q,Special Notice,541330,6695,Full & Open,2026-08-07,2026-08-11,-8.5,"Hampton, VA",,Shanna Patterson,shanna.l.patterson@nasa.gov,https://sam.gov/workspace/contract/opp/5dae98a6ee384233b0146a6bac217bd3/view,2026-08-14
-24,pass,DDN Annual Support Renewal,NATIONAL AERONAUTICS AND SPACE ADMINISTRATION.NATIONAL AERONAUTICS AND SPACE ADMINISTRATION.NASA SHARED SERVICES CENTER,80NSSC26941024Q,Combined Synopsis/Solicitation,513210,DA10,Small Business Set Aside - Total,2026-08-05,2026-08-11,-8.5,"Hampton, VA",,Shanna Patterson,shanna.l.patterson@nasa.gov,https://sam.gov/workspace/contract/opp/ddbf3f83980e4568a12b29659ba83541/view,2026-08-14
-24,pass,USMMA - Industrial Hygienist,"TRANSPORTATION, DEPARTMENT OF.MARITIME ADMINISTRATION.6923G2 DOT  MARITIME ADMINISTRATION",MMAPR521226000048,Presolicitation,541690,B502,Small Business Set Aside - Total,2026-08-07,2026-08-11,-8.1,"Kings Point, NY",,Amit S. Narine,NarineA@usmma.edu,https://sam.gov/workspace/contract/opp/cb5602760fc34bc9ae6d62a89b76a056/view,2026-08-14
-24,pass,15 OTT XLink 500 dataloggers,NATIONAL AERONAUTICS AND SPACE ADMINISTRATION.NATIONAL AERONAUTICS AND SPACE ADMINISTRATION.NASA SHARED SERVICES CENTER,80NSSC26939747Q,Special Notice,541519,6695,Full & Open,2026-08-10,2026-08-12,-7.5,"Wallops Island, VA",,Shanna Patterson,shanna.l.patterson@nasa.gov,https://sam.gov/workspace/contract/opp/5e5cdad8a08f4efdadda4d254b7bca28/view,2026-08-14
-24,pass,Transparent Digital LED Film Display,"VETERANS AFFAIRS, DEPARTMENT OF.VETERANS AFFAIRS, DEPARTMENT OF.TECHNOLOGY ACQUISITION CENTER NJ (36C10B)",36C10B26Q0496,Solicitation,541519,7E20,Service-Disabled Veteran-Owned Small Business (SDVOSB) Set-Aside (FAR 19.14),2026-08-06,2026-08-12,-7.4,FL,,Michael  Brill,michael.brill@va.gov,https://sam.gov/workspace/contract/opp/915829fc364c49b4800495eed6c25fe3/view,2026-08-14
-24,pass,B--Michigamme Graphite-bearing Rock Processing,"INTERIOR, DEPARTMENT OF THE.US GEOLOGICAL SURVEY.OFC OF ACQUSITION  GRANTS-NATIONAL",140G0126Q0207,Presolicitation,541690,B543,Small Business Set Aside - Total,2026-08-05,2026-08-12,-7.1,,,"Ruggles, Susan",sruggles@usgs.gov,https://sam.gov/workspace/contract/opp/cbcf63befb554806a6a29008d2c7e280/view,2026-08-14
-24,pass,Premise Limfiniity Software Renewal,"HEALTH AND HUMAN SERVICES, DEPARTMENT OF.OFFICE OF THE ASSISTANT SECRETARY FOR FINANCIAL RESOURCES (ASFR).OMAS STRATEGIC BUYING CENTER - INFORMATION TECHNOLOGY",7571TE26Q00181,Special Notice,541519,DA01,No Set aside used,2026-08-10,2026-08-13,-6.4,"Rockville, MD",,Damian Hurge,Damian.Hurge@HHS.gov,https://sam.gov/workspace/contract/opp/4f1dda751dc94be08d55d1dd917077dd/view,2026-08-14
-24,pass,H265--FY27 Medical Physics Inspection Services,"VETERANS AFFAIRS, DEPARTMENT OF.VETERANS AFFAIRS, DEPARTMENT OF.248-NETWORK CONTRACT OFFICE 8 (36C248)",36C24827Q0009,Combined Synopsis/Solicitation,541990,H265,Service-Disabled Veteran-Owned Small Business (SDVOSB) Set-Aside (FAR 19.14),2026-08-10,2026-08-13,-6.4,"Tampa, FL",,Jose E Ortiz-Velez,Jose.Ortiz-Velez@va.gov,https://sam.gov/workspace/contract/opp/d8d6bd51604d4ad186a028e4f8321313/view,2026-08-17
-24,pass,H112--FIRE SPRINKLER PM&R SERVICES  Robert J Dole VA Medical Center,"VETERANS AFFAIRS, DEPARTMENT OF.VETERANS AFFAIRS, DEPARTMENT OF.255-NETWORK CONTRACT OFFICE 15 (36C255)",36C25526Q0581,Combined Synopsis/Solicitation,541990,H112,Service-Disabled Veteran-Owned Small Business (SDVOSB) Set-Aside (FAR 19.14),2026-08-05,2026-08-14,-5.4,"Wichita, KS",,Greg McMillan Sr.,Gregory.McMillan@va.gov,https://sam.gov/workspace/contract/opp/d9eb1f06c7e046d7906423232c98731a/view,2026-08-17
-24,pass,H112--FIRE SPRINKLER PM&R SERVICES  Robert J Dole VA Medical Center,"VETERANS AFFAIRS, DEPARTMENT OF.VETERANS AFFAIRS, DEPARTMENT OF.255-NETWORK CONTRACT OFFICE 15 (36C255)",36C25526Q0581,Combined Synopsis/Solicitation,541990,H112,Service-Disabled Veteran-Owned Small Business (SDVOSB) Set-Aside (FAR 19.14),2026-08-05,2026-08-14,-5.4,"Wichita, KS",,Greg McMillan Sr.,Gregory.McMillan@va.gov,https://sam.gov/workspace/contract/opp/5cc89cbac7854792be2796a4f8ddc0e6/view,2026-08-17
-24,pass,READINESS SIMULATION (RS) for Selective Service System,SELECTIVE SERVICE SYSTEM.SELECTIVE SERVICE SYSTEM.SELECTIVE SERVICE SYSTEM (SSS),90MC26Q0005,Solicitation,541512,DA01,Small Business Set Aside - Total,2026-08-11,2026-08-14,-5.3,VA,,Georgette Hendricksen,georgette.hendricksen@sss.gov,https://sam.gov/workspace/contract/opp/1267efeca5ae48ababd303c47ad8d565/view,2026-08-14
-24,pass,SSS Moodle Learning Management System (LMS) Modernization,SELECTIVE SERVICE SYSTEM.SELECTIVE SERVICE SYSTEM.SELECTIVE SERVICE SYSTEM (SSS),90MC26Q0006,Solicitation,513210,DA10,Small Business Set Aside - Total,2026-08-11,2026-08-14,-5.3,"Arlington, VA",,Georgette Hendricksen,georgette.hendricksen@sss.gov,https://sam.gov/workspace/contract/opp/b8befb3b226345aaa811286b024091ea/view,2026-08-14
-24,pass,Notice of Sole Source: GastroPlus PBPK and PBBM modeling platform subscription,"HEALTH AND HUMAN SERVICES, DEPARTMENT OF",7571TE26Q00153,Special Notice,513210,DA10,No Set aside used,2026-08-04,2026-08-14,-5.1,"Silver Spring, MD",,Dorothy Fessler ,Dorothy.Fessler@hhs.gov,https://sam.gov/workspace/contract/opp/077eb10de79a4422a45c610ba41cdc52/view,2026-08-14
-24,pass,Vocera - ProAssure Onsite Specialist for VA Northern California Health Care System,"VETERANS AFFAIRS, DEPARTMENT OF.VETERANS AFFAIRS, DEPARTMENT OF.261-NETWORK CONTRACT OFFICE 21 (36C261)",36C26126Q1051,Solicitation,541519,J065,Service-Disabled Veteran-Owned Small Business (SDVOSB) Set-Aside (FAR 19.14),2026-08-04,2026-08-17,-2.1,"Mather, CA",,Destiny Walthour,Destiny.Walthour@va.gov,https://sam.gov/workspace/contract/opp/4bd3bb6a361b443eb4a300bb9f92d48e/view,2026-08-14
-24,pass,"Data, Analytics, and AI Modernization Services",DEPT OF DEFENSE.DEPT OF DEFENSE EDUCATION ACTIVITY (DODEA).DOD EDUCATION ACTIVITY,HE125426RE037,Solicitation,541512,DA01,Small Business Set Aside - Total,2026-08-05,2026-08-18,-1.4,"Alexandria, VA",,Tiffany Brown,tiffany.a.brown@dodea.edu,https://sam.gov/workspace/contract/opp/8db7f77a98854f8e814817a16245fd6e/view,2026-08-14
-24,pass,Electronic Common Technical Document (eCTD),"HEALTH AND HUMAN SERVICES, DEPARTMENT OF.OFFICE OF THE ASSISTANT SECRETARY FOR FINANCIAL RESOURCES (ASFR)",7571TE26Q00184,Special Notice,513210,DA01,No Set aside used,2026-08-14,2026-08-18,-1.4,"Rockville, MD",,Damian Hurge,Damian.Hurge@HHS.gov,https://sam.gov/workspace/contract/opp/3a6f349226354687ae62e9738a01d47f/view,2026-08-14
-24,pass,Electronic Online Services Web Subscription,DEPT OF DEFENSE.DEPT OF THE NAVY.NAVSEA.NAVSEA WARFARE CENTER.NSWC INDIAN HEAD DIVISION,N00174-26-SIMACQ-W24-0005,Special Notice,513210,DA10,Full & Open,2026-08-11,2026-08-18,-1.4,"Indian Head, MD",,Shannon Wooten,shannon.cloud-wooten@navy.mil,https://sam.gov/workspace/contract/opp/4aba3041e53841549188937cf12e8bd1/view,2026-08-14
-24,pass,AV Equipment Upgrade for Split Conference Rooms,DEPT OF DEFENSE.DEPT OF THE NAVY.NAVSEA.NAVSEA WARFARE CENTER.NAVAL SURFACE WARFARE CENTER,N6426726Q5012,Combined Synopsis/Solicitation,541519,R425,Small Business Set Aside - Total,2026-08-11,2026-08-19,-0.2,"Washington Navy Yard, DC",,BRIAN STAUB,BRIAN.A.STAUB2.CIV@US.NAVY.MIL,https://sam.gov/workspace/contract/opp/4cc1850b04704f94a29a2cc91006921b/view,2026-08-14
-24,ineligible,Persistent Cyber Training Environment Support Services,DEPT OF DEFENSE.DEPT OF THE NAVY.NAVSUP.NAVSUP GLOBAL LOGISTICS SUPPORT.NAVSUP FLC NORFOLK.NAVSUP FLT LOG CTR NORFOLK,N0018926QL202,Solicitation,541611,R699,SBA Certified Women-Owned Small Business (WOSB) Program Set-Aside (FAR 19.15),2026-08-06,2026-08-25,5.6,"Norfolk, VA",,Deneene Bailey,deneene.j.bailey.civ@us.navy.mil,https://sam.gov/workspace/contract/opp/c926de4801f445fd909b11f94830ffba/view,2026-08-14
-25,pass,Software License Subscription Renewal and Support Services,"STATE, DEPARTMENT OF.STATE, DEPARTMENT OF.US EMBASSY BANGKOK",19TH2026Q0057,Solicitation,513210,DA10,No Set aside used,2026-08-03,2026-08-06,-13.8,,,Ramon Menendez-Carreira,BangkokGSOProcurement@state.gov,https://sam.gov/workspace/contract/opp/86a931b3f61e430f93b8b4d4c65d0762/view,2026-08-14
-25,pass,SATCOM O&M LAGO PATRIA,DEPT OF DEFENSE.DEPT OF THE NAVY.NAVSUP.NAVSUP GLOBAL LOGISTICS SUPPORT.NAVSUP FLC SIGONELLA.NAVSUP FLC SIGONELLA NAPLES OFFICE,N6817126RN004,Solicitation,541330,DG01,Full & Open,2026-08-06,2026-08-14,-5.7,Naples,,Benjamin Bethel,benjamin.m.bethel.civ@us.navy.mil,https://sam.gov/workspace/contract/opp/e20d3931494a4c84a589b23dae9790d9/view,2026-08-14
-25,pass,Priority Dispatch ProQA Software License Renewal,DEPT OF DEFENSE.DEPT OF THE NAVY.NAVSUP.NAVSUP GLOBAL LOGISTICS SUPPORT.NAVSUP FLC PEARL HARBOR.NAVSUP FLT LOG CTR PEARL HARBOR,N0060426Q4079,Combined Synopsis/Solicitation,541519,DA10,Full & Open,2026-08-05,2026-08-14,-5.1,"JBPHH, HI",,Bev Suzuki,beverly.a.suzuki.civ@us.navy.mil,https://sam.gov/workspace/contract/opp/4a0b273fd6654d8aa6a266afe7c88510/view,2026-08-14
-25,pass,Traffic Study and Safety Consulting Services,"ENERGY, DEPARTMENT OF.ENERGY, DEPARTMENT OF.BROOKHAVEN NATL LAB -DOE CONTRACTOR",SJ482107,Solicitation,541330,R425,No Set aside used,2026-08-11,2026-08-17,-2.1,"Upton, NY",,Stephen Johnston,sjohnston@bnl.gov,https://sam.gov/workspace/contract/opp/4b9038c516aa424b8dae23a13af94124/view,2026-08-14
-25,pass,T-38 Virtual Reality Part Task Trainer (VRPTT) Maintenance,DEPT OF DEFENSE.DEPT OF THE AIR FORCE.AIR FORCE GLOBAL STRIKE COMMAND.FA4625  509 CONS CC,FA462526Q1032,Combined Synopsis/Solicitation,541511,DA01,Full & Open,2026-08-04,2026-08-19,-0.3,"Whiteman Air Force Base, MO",,Justin McCoy,justin.mccoy.4@us.af.mil,https://sam.gov/workspace/contract/opp/ab9d268776384c0da29a5f2ddd1ae2ce/view,2026-08-14
-25,pass,T-38 Virtual Reality Part Task Trainer (VRPTT) Maintenance,DEPT OF DEFENSE.DEPT OF THE AIR FORCE.AIR FORCE GLOBAL STRIKE COMMAND.FA4625  509 CONS CC,FA462526Q1032,Combined Synopsis/Solicitation,541511,DA01,Full & Open,2026-08-14,2026-08-19,-0.3,"Whiteman Air Force Base, MO",,Justin McCoy,justin.mccoy.4@us.af.mil,https://sam.gov/workspace/contract/opp/996f63860241402c950d7e23199de67e/view,2026-08-17
-25,pass,R4 AE Bridge Load Rating,"AGRICULTURE, DEPARTMENT OF.FOREST SERVICE.USDA-FS, CSA INTERMOUNTAIN 8",1240LT26Q0159,Special Notice,541330,,Small Business Set Aside - Total,2026-08-12,2026-08-19,-0.1,,,,,https://sam.gov/workspace/contract/opp/a38ef67caa8a4869bbd0dee9a5911fd5/view,2026-08-14
-26,pass,Bordeaux Program Solicitation,DEPT OF DEFENSE.DEFENSE ADVANCED RESEARCH PROJECTS AGENCY  (DARPA).DEF ADVANCED RESEARCH PROJECTS AGCY,DARPA-PS-26-20,Solicitation,541715,AC13,Full & Open,2026-08-14,2026-07-31,-19.4,,DV7 Engineering,Bordeaux@darpa.mil,Bordeaux@darpa.mil,https://sam.gov/workspace/contract/opp/cb349851c0d84cfd8e89bf8009c28ff7/view,2026-08-17
-26,pass,"Sole Source to MIG GOV, LLC for Rebreathers",DEPT OF DEFENSE.DEPT OF THE NAVY.NAVSEA.NAVSEA WARFARE CENTER.NAVAL SURFACE WARFARE CENTER,N6133126QSF02,Combined Synopsis/Solicitation,334513,6685,Full & Open,2026-08-06,2026-08-11,-8.3,"Panama City Beach, FL",DV7 Engineering,Stephen Fairbanks,stephen.t.fairbanks.civ@us.navy.mil,https://sam.gov/workspace/contract/opp/6f57246d939f4a36a74b3011d52789ac/view,2026-08-17
-26,pass,"Sole Source to Zero Drift Technology, INC for Quantum Nitrogen Vacancy Magnetometer",DEPT OF DEFENSE.DEPT OF THE NAVY.NAVSEA.NAVSEA WARFARE CENTER.NAVAL SURFACE WARFARE CENTER,N61331-26-Q-SF01,Combined Synopsis/Solicitation,334511,AJ13,Full & Open,2026-08-06,2026-08-11,-8.3,"Panama City Beach, FL",DV7 Engineering,Stephen Fairbanks,stephen.t.fairbanks.civ@us.navy.mil,https://sam.gov/workspace/contract/opp/f9ad518090dd474284fe36e6b3eb6671/view,2026-08-17
-26,pass,66--Indefinite Qty Contract for Hydrological Equipment,"INTERIOR, DEPARTMENT OF THE.US GEOLOGICAL SURVEY.OFC OF ACQUSITION  GRANTS-NATIONAL",140G0126Q0115,Combined Synopsis/Solicitation,334513,6695,Full & Open,2026-08-05,2026-08-12,-7.4,,DV7 Engineering,"Galvin, Daniel",daniel_galvin@ios.doi.gov,https://sam.gov/workspace/contract/opp/f12e56eab6ea4771b5252ced83ea9411/view,2026-08-17
-26,pass,Restorative and health-Enhancing Sleep Time (REST),"HEALTH AND HUMAN SERVICES, DEPARTMENT OF.NATIONAL INSTITUTES OF HEALTH.ADVANCED RESEARCH PROJECTS AGENCY FOR HEALTH (ARPA-H)",ARPA-H-SOL-26-159,Solicitation,541715,AN13,No Set aside used,2026-08-11,2026-08-12,-7.4,,DV7 Engineering,REST Team,rest@arpa-h.gov,https://sam.gov/workspace/contract/opp/b69e0997654a4e6b9e1141b716e0ad4b/view,2026-08-17
-26,pass,Project Sentinel: Joint-Service Offline Two-Person Integrity (J-SOTPI) for Tactical Systems,DEPT OF DEFENSE.DEPT OF THE NAVY.SPAWAR.SPAWAR LANT.NIWC ATLANTIC,26-A008,Solicitation,541715,AC13,No Set aside used,2026-08-05,2026-08-12,-6.9,SC,DV7 Engineering,Jessie Rehwoldt,jessie.m.rehwoldt.civ@us.navy.mil,https://sam.gov/workspace/contract/opp/11f03106cd0f40289fc189d2c997ec2c/view,2026-08-17
-26,pass,66--35303 EBFD OIL LEVEL SENSOR THRUST BEARING,"INTERIOR, DEPARTMENT OF THE.BUREAU OF RECLAMATION.UPPER COLORADO REGIONAL OFFICE",140R4026Q0095,Solicitation,334513,6625,Full & Open,2026-08-11,2026-08-14,-5.1,,DV7 Engineering,"Ott, Timothy",tott@usbr.gov,https://sam.gov/workspace/contract/opp/ed8b13d05509449aab7fe68003e47134/view,2026-08-17
-26,pass,Combines Synopsis Solicitation-Iconeus-One Xcel ,"HEALTH AND HUMAN SERVICES, DEPARTMENT OF.NATIONAL INSTITUTES OF HEALTH.NATIONAL INSTITUTES OF HEALTH OLAO",75N98026Q00995,Combined Synopsis/Solicitation,541715,6640,Full & Open,2026-08-10,2026-08-15,-4.3,,DV7 Engineering,"JOHNSON, JOHN R",johnsonjr@mail.nih.gov,https://sam.gov/workspace/contract/opp/e8c0c1205298445cbdb24be10eebc920/view,2026-08-17
-26,pass,Brand Name (Affinisep) Sampling Media,DEPT OF DEFENSE.DEPT OF THE ARMY.AMC.ACC.MISSION INSTALLATION CONTRACTING COMMAND.418TH CSB.W6QM MICC-DUGWAY PROV GRD,W911S626QA029,Combined Synopsis/Solicitation,334513,6640,No Set aside used,2026-08-06,2026-08-17,-2.4,"Dugway, UT",DV7 Engineering,Amy Eilerts,amy.m.eilerts.civ@army.mil,https://sam.gov/workspace/contract/opp/6258d7a1f6bc46bf988125e95a448ddb/view,2026-08-17
-26,pass,Additel Annealing Dry Well,DEPT OF DEFENSE.DEPT OF THE NAVY.NAVSEA.NAVSEA WARFARE CENTER.NAVAL SURFACE WARFARE CENTER,N6426726Q4230,Combined Synopsis/Solicitation,334513,6685,No Set aside used,2026-08-11,2026-08-17,-2.2,"Beaufort, SC",DV7 Engineering,BRIAN STAUB,BRIAN.A.STAUB2.CIV@US.NAVY.MIL,https://sam.gov/workspace/contract/opp/8581bfa40f654333abb813344edf234b/view,2026-08-17
-26,pass,HIP Optimization Study for GRX-810,NATIONAL AERONAUTICS AND SPACE ADMINISTRATION.NATIONAL AERONAUTICS AND SPACE ADMINISTRATION.NASA SHARED SERVICES CENTER,80NSSC26938863Q,Combined Synopsis/Solicitation,541715,AJ11,No Set aside used,2026-08-07,2026-08-17,-2.1,,DV7 Engineering,Monica Wilson,monica.d.wilson@nasa.gov,https://sam.gov/workspace/contract/opp/6dcc636d12694523895e7da6a0e391ba/view,2026-08-17
-26,pass,"Multi-Enclave, Wireless 5G, Tactical Fly-Away Kit AOI 26-A009 under RCC CSO N6523626S0001",DEPT OF DEFENSE.DEPT OF THE NAVY.SPAWAR.SPAWAR LANT.NIWC ATLANTIC,26-A009,Solicitation,541715,AC13,No Set aside used,2026-08-12,2026-08-18,-0.9,,DV7 Engineering,Bridgette Clayton,bridgette.l.clayton.civ@us.navy.mil,https://sam.gov/workspace/contract/opp/395d35a7c9124c4680e6669e899206e7/view,2026-08-17
-26,pass,EXAIL GYROCOMPASS ALIGNMENT TOOL,"INTERIOR, DEPARTMENT OF THE.US GEOLOGICAL SURVEY.OFFICE OF ACQUISITON  GRANTS",140G0326Q0135,Solicitation,334511,6655,Full & Open,2026-08-06,2026-08-19,-0.1,,DV7 Engineering,"Deng, Yangzhi",yangzhideng@usgs.gov,https://sam.gov/workspace/contract/opp/fd6ea2bc78a64ecfb768beba82529903/view,2026-08-17
-26,ineligible,Engineering Solutions and Technology Applications Follow On,DEPT OF DEFENSE.DEPT OF THE NAVY.NAVAIR.NAVAIR HQS.NAVAL AIR SYSTEMS COMMAND,N0042126R0020,Combined Synopsis/Solicitation,541330,R425,8(a) Set-Aside (FAR 19.8),2026-08-13,2026-08-28,8.7,,,Zachary Gaylord,zachary.gaylord3@navy.mil,https://sam.gov/workspace/contract/opp/a255f174715542668fbb1224ca9b61bd/view,2026-08-14
-26,ineligible,N0016426R3106: COR and Acquisition Support Services at NSWC Crane,DEPT OF DEFENSE.DEPT OF THE NAVY.NAVSEA.NAVSEA WARFARE CENTER.NSWC CRANE,N0016426R3106,Solicitation,541330,R707,8(a) Set-Aside (FAR 19.8),2026-08-05,2026-08-31,11.6,,,Myron Stoll,myron.l.stoll.civ@us.navy.mil,https://sam.gov/workspace/contract/opp/801a54786236454eb94cc4c7bc37690a/view,2026-08-14
-26,ineligible,N0016426R3106: COR and Acquisition Support Services at NSWC Crane,DEPT OF DEFENSE.DEPT OF THE NAVY.NAVSEA.NAVSEA WARFARE CENTER.NSWC CRANE,N0016426R3106,Solicitation,541330,R707,8(a) Set-Aside (FAR 19.8),2026-08-19,2026-08-31,11.6,,,Myron Stoll,myron.l.stoll.civ@us.navy.mil,https://sam.gov/workspace/contract/opp/c59ee13d5e1542518ead53c95e0fb9c8/view,2026-08-19
-27,pass,FDIC-Palo Alto Hardware and Professional Service Consultation.,FEDERAL DEPOSIT INSURANCE CORPORATION.FEDERAL DEPOSIT INSURANCE CORPORATION._,CORHQ-26-Q-0264,Solicitation,541519,7C21,No Set aside used,2026-08-10,2026-08-11,-8.2,"Arlington, VA",,Carlos R. Kinsman ,ckinsman@fdic.gov,https://sam.gov/workspace/contract/opp/7a2d1805037b4c739d3571956acedb89/view,2026-08-14
-27,pass,"National Provider Directory (NPD) Data Sourcing, Aggregation, and Quality Assurance Services","HEALTH AND HUMAN SERVICES, DEPARTMENT OF.CENTERS FOR MEDICARE AND MEDICAID SERVICES.OFC OF ACQUISITION AND GRANTS MGMT",75FCMC26R0063,Combined Synopsis/Solicitation,541519,DA01,No Set aside used,2026-08-07,2026-08-12,-7.4,"0, MD",,Alex Jarema,Alex.Jarema@cms.hhs.gov,https://sam.gov/workspace/contract/opp/515a51f54b554b30afc51bbcc62a8b20/view,2026-08-14
-27,pass,"Commercial Off the Shelf (COTS) OGE Form 450 Software, Maintenance and Training",NATIONAL TRANSPORTATION SAFETY BOARD.NATIONAL TRANSPORTATION SAFETY BOARD.NTSB ACQ  LEASE MGMT DIVISION,9531BM26Q0022,Combined Synopsis/Solicitation,513210,DA10,No Set aside used,2026-08-10,2026-08-12,-7.4,"Washington, DC",,Ciara Bond,ciara.bond@ntsb.gov,https://sam.gov/workspace/contract/opp/0c32ad3cb6494c38a7de4aa1c93e38b6/view,2026-08-14
-27,pass,NAWCAD WOLF - VxWorks Annual Support & Maintenance Renewal,DEPT OF DEFENSE.DEPT OF THE NAVY.NAVAIR.NAVAIR NAWC AD.NAVAL AIR WARFARE CENTER AIR DIV,N0042126Q1316,Combined Synopsis/Solicitation,513210,DA10,No Set aside used,2026-08-06,2026-08-12,-7.1,"Saint Inigoes, MD",,Maria A. Sproul,maria.a.sproul.civ@us.navy.mil,https://sam.gov/workspace/contract/opp/7fdc2e7ae9a64a3499397a7f1ddad7d8/view,2026-08-14
-27,pass,Annual Health & Safety Audit,ARCHITECT OF THE CAPITOL.ARCHITECT OF THE CAPITOL.ACQUISITION & MATERIAL MAN DIV,AOCACB26R0033,Solicitation,541330,H947,No Set aside used,2026-08-04,2026-08-13,-6.1,"Washington, DC",,Marcus Sims,marcus.sims@aoc.gov,https://sam.gov/workspace/contract/opp/8d7e8e41518b470ab8e858f066b5b4cc/view,2026-08-14
-27,pass,NIH OD Vitrium Security Enterprise,"HEALTH AND HUMAN SERVICES, DEPARTMENT OF.OFFICE OF THE ASSISTANT SECRETARY FOR FINANCIAL RESOURCES (ASFR).OMAS STRATEGIC BUYING CENTER - INFORMATION TECHNOLOGY",7571TE26Q00172,Combined Synopsis/Solicitation,541519,DE01,Full & Open,2026-08-12,2026-08-14,-5.3,"Bethesda, MD",,Vera Nordalm,vera.nordalm@hhs.gov,https://sam.gov/workspace/contract/opp/ff1da7b674cc4e92a46356a723d9a735/view,2026-08-14
-27,pass,Enterprise Financial and Market Intelligence Platform,"COMMERCE, DEPARTMENT OF.NATIONAL INSTITUTE OF STANDARDS AND TECHNOLOGY.DEPT OF COMMERCE NIST",1333ND26QNB2042184,Combined Synopsis/Solicitation,513210,DA10,No Set aside used,2026-08-11,2026-08-14,-5.3,MD,,Monica Brown,monica.brown@nist.gov,https://sam.gov/workspace/contract/opp/8cf77bdc8aae44f7a7961a4d16a4c2a8/view,2026-08-14
-27,pass,APC Device Maintenance,DEPT OF DEFENSE.DEPT OF THE NAVY.USMC.MARCORP I&L.MARINE CORPS INSTALLATIONS COMMAND.MCINCR.COMMANDER,M00264-26-Q-0104,Solicitation,541519,7C20,No Set aside used,2026-08-13,2026-08-17,-2.5,"64475, VA",,Gabrielle Woolfolk,gabrielle.r.woolfolk.civ@usmc.mil,https://sam.gov/workspace/contract/opp/3b654cf7439f44a09005ef94d63c388b/view,2026-08-14
-27,pass,D--IMT MT HYDROMET MODERNIZATION SOFTWARE,"INTERIOR, DEPARTMENT OF THE.BUREAU OF RECLAMATION.GREAT PLAINS REGIONAL OFFICE",140R6026Q0127,Presolicitation,518210,DA01,Full & Open,2026-08-07,2026-08-17,-2.4,,,"Parkison, Melissa",melissa_parkison@ios.doi.gov,https://sam.gov/workspace/contract/opp/a06bbba4a9774898b96bb78c2f441f37/view,2026-08-14
-27,pass,Juniper Maintenance Renewal,DEPT OF DEFENSE.DEPT OF THE NAVY.NAVAIR.NAVAIR NAWC WD.NAVAL AIR WARFARE CENTER,N6893626SIMACQDC00000EC000000195 ,Presolicitation,513210,DC01,Full & Open,2026-08-10,2026-08-17,-2.4,,,Virginia Dennison,virginia.j.dennison.civ@us.navy.mil,https://sam.gov/workspace/contract/opp/7b3fdd4849464162ac080e2544687a43/view,2026-08-14
-27,pass,Signal Generator Upgrade,DEPT OF DEFENSE.DEPT OF THE NAVY.NAVAIR.NAVAIR NAWC WD.NAVAL AIR WARFARE CENTER,N6893626SIMACQD520000E5200000208 ,Presolicitation,513210,6625,Full & Open,2026-08-11,2026-08-18,-1.4,,,Virginia Dennison,virginia.j.dennison.civ@us.navy.mil,https://sam.gov/workspace/contract/opp/d6681a98499a4c06b112780fe97e5ed3/view,2026-08-14
-27,pass,D--EC - PONDEROSA - B3 ONLINE ACCESS,"INTERIOR, DEPARTMENT OF THE.BUREAU OF RECLAMATION.UPPER COLORADO REGIONAL OFFICE",140R6026Q0122,Presolicitation,541690,DH10,Full & Open,2026-08-03,2026-08-18,-1.2,,,"Burgio, Monica",mburgio@usbr.gov,https://sam.gov/workspace/contract/opp/7d1fcf3bd32945b59c8386811cf32be3/view,2026-08-14
-27,pass,Enterprise Service Management (ESM) Deployment and Professional Services,AMERICAN BATTLE MONUMENTS COMMISSION.AMERICAN BATTLE MONUMENTS COMMISSION.ABMC,ABMCFY26_ESMDeployment,Combined Synopsis/Solicitation,541519,DA10,No Set aside used,2026-08-13,2026-08-19,-0.4,VA,,Jessica Young,youngj.ctr@abmc.gov,https://sam.gov/workspace/contract/opp/dd9fc70a0b3a472f8c6dc50eb7256512/view,2026-08-14
-27,pass,EGWPS,DEPT OF DEFENSE.DEPT OF THE NAVY.NAVAIR.NAVAIR NAWC AD.NAVAL AIR WARFARE CENTER AIR DIV,N0042126Q1322,Combined Synopsis/Solicitation,518210,DA10,Full & Open,2026-08-12,2026-08-19,-0.2,MD,,benjamin flores,benjamin.r.flores3.civ@us.navy.mil,https://sam.gov/workspace/contract/opp/d61cc2428bc740cb9c65bf67138fe301/view,2026-08-14
-28,pass,"DA01--Data Engineering, Management Support, and Quality Assurance  Recommendations Requirement for SSG Fox SPGP  (VA-26-00062403)","VETERANS AFFAIRS, DEPARTMENT OF.VETERANS AFFAIRS, DEPARTMENT OF.TECHNOLOGY ACQUISITION CENTER NJ (36C10B)",36C10B26Q0475,Special Notice,541519,DA01,Full & Open,2026-08-04,2026-08-04,-15.4,,,Ryan Sehulster,Ryan.Sehulster@va.gov,https://sam.gov/workspace/contract/opp/d5229ba33eae49789c4345a8d1faa638/view,2026-08-14
-28,pass,FY26 QSI Renewal,NATIONAL AERONAUTICS AND SPACE ADMINISTRATION.NATIONAL AERONAUTICS AND SPACE ADMINISTRATION.NASA SHARED SERVICES CENTER,80NSSC26940804Q,Special Notice,541511,DA10,Full & Open,2026-08-03,2026-08-05,-14.5,"0, CA",,Shanna Patterson,shanna.l.patterson@nasa.gov,https://sam.gov/workspace/contract/opp/079ce50ffb8147099414f582f4565e26/view,2026-08-14
-28,pass,Senior Engineering Services,DEPT OF DEFENSE.DEPT OF THE ARMY.AMC.ACC.ACC-CTRS.ACC-APG.W6QK ACC-APG NATICK,W911QY26RSETS,Combined Synopsis/Solicitation,541330,R425,Small Business Set Aside - Total,2026-08-05,2026-08-05,-14.3,"Natick, MA",,Trisha Scott,trisha.r.scott.civ@army.mil,https://sam.gov/workspace/contract/opp/73dfabeb417147deb98f8601f647caa9/view,2026-08-14
-28,pass,Capvidia Subscription Renewal.,NATIONAL AERONAUTICS AND SPACE ADMINISTRATION.NATIONAL AERONAUTICS AND SPACE ADMINISTRATION.NASA SHARED SERVICES CENTER,,Special Notice,513210,DA10,No Set aside used,2026-08-03,2026-08-06,-13.3,"Houston, TX",,Lindsey McLellan,lindsey.m.mclellan@nasa.gov,https://sam.gov/workspace/contract/opp/40aadd0dd6514419a8043c22daffc3c8/view,2026-08-14
-28,pass,"icon Valkyrie VK6 Camera system include delivery, installation, and training.  include delivery, installation, and training.",NATIONAL AERONAUTICS AND SPACE ADMINISTRATION.NATIONAL AERONAUTICS AND SPACE ADMINISTRATION.NASA SHARED SERVICES CENTER,80NSSC26937679Q,Special Notice,541511,DA10,Full & Open,2026-08-04,2026-08-06,-13.2,,,laura quave,laura.a.quave@nasa.gov,https://sam.gov/workspace/contract/opp/788b6f21370942d893bf85b4d1ee80c1/view,2026-08-14
-28,pass,PROCESS MICHIGAMME GRAPHITE-BEARING ROCK,"INTERIOR, DEPARTMENT OF THE.US GEOLOGICAL SURVEY.OFC OF ACQUSITION  GRANTS-NATIONAL",140G0126Q0207,Solicitation,541690,B543,Small Business Set Aside - Total,2026-08-05,2026-08-06,-13.1,,,"Ruggles, Susan",sruggles@usgs.gov,https://sam.gov/workspace/contract/opp/4718cdbdcb0444b5979e561865406e6c/view,2026-08-14
-28,pass,DA10--Woundvision Subscription and Support - (VA-26-00064181),"VETERANS AFFAIRS, DEPARTMENT OF.VETERANS AFFAIRS, DEPARTMENT OF.TECHNOLOGY ACQUISITION CENTER NJ (36C10B)",36C10B26Q0659,Special Notice,513210,DA10,Full & Open,2026-08-04,2026-08-07,-12.4,,,Kelly Reale,Kelly.Reale@va.gov,https://sam.gov/workspace/contract/opp/c18cbed31d7344d1a3ae898deecd86eb/view,2026-08-14
-28,pass,Sole Source Notice – Inovalon SaaS Claims Solutions-Jicarilla Service Unit,"HEALTH AND HUMAN SERVICES, DEPARTMENT OF.INDIAN HEALTH SERVICE.ALBUQUERQUE AREA INDIAN HEALTH SVC",75H70726P00118-SoleSource,Special Notice,518210,R499,No Set aside used,2026-08-03,2026-08-07,-12.1,"Dulce, NM",,,,https://sam.gov/workspace/contract/opp/3f486ccf7ad74b58b74c4bdc458c3a08/view,2026-08-14
-28,pass,"Facilities Drawing, Space Data and Capital Asset Inventory Maintenance Services","VETERANS AFFAIRS, DEPARTMENT OF.VETERANS AFFAIRS, DEPARTMENT OF.241-NETWORK CONTRACT OFFICE 01 (36C241)",36C24126Q0717,Special Notice,541511,R799,Full & Open,2026-08-04,2026-08-10,-9.4,"Brockton, MA",,Subrena Winfield,subrena.winfield@va.gov,https://sam.gov/workspace/contract/opp/10d1e3a72e254ccf81326cdf30444fd4/view,2026-08-14
-28,pass,PlaneWave Instruments IRDK17 and Accessories,NATIONAL AERONAUTICS AND SPACE ADMINISTRATION.NATIONAL AERONAUTICS AND SPACE ADMINISTRATION.NASA SHARED SERVICES CENTER,80NSSC26940051Q,Special Notice,541519,7E20,Full & Open,2026-08-06,2026-08-10,-9.3,,,Sara Jusino-Terry,sara.a.jusino-terry@nasa.gov,https://sam.gov/workspace/contract/opp/faa312f9865240599ca732f06d1cbff3/view,2026-08-14
-28,pass,MVR Simulation Virtual Reality Scene Generator (VRSG) renewals,DEPT OF DEFENSE.DEPT OF THE ARMY.AMC.ACC.ACC-CTRS.ACC RSA.W6QK ACC-RSA,PANRSA-26-P-0000036726,Special Notice,513210,DA10,No Set aside used,2026-08-05,2026-08-10,-9.3,"Redstone Arsenal, AL",,,,https://sam.gov/workspace/contract/opp/952812cdf3644d38b06b03df3451e6f5/view,2026-08-14
-28,pass,Coding Reference Software,"HEALTH AND HUMAN SERVICES, DEPARTMENT OF.INDIAN HEALTH SERVICE",IHS1525954,Special Notice,541519,DA10,No Set aside used,2026-08-05,2026-08-10,-9.1,"Crownpoint, NM",,Brenda Joe,brenda.joe@ihs.gov,https://sam.gov/workspace/contract/opp/03b61a21def542bcb608c29465abbf85/view,2026-08-14
-28,pass,Rohde & Schwarz ELEKTRA Software Licenses,NATIONAL AERONAUTICS AND SPACE ADMINISTRATION.NATIONAL AERONAUTICS AND SPACE ADMINISTRATION.NASA SHARED SERVICES CENTER,80NSSC26940577Q,Combined Synopsis/Solicitation,541519,DA10,Small Business Set Aside - Total,2026-08-03,2026-08-10,-9.1,"Cleveland, OH",,Lindsey McLellan,lindsey.m.mclellan@nasa.gov,https://sam.gov/workspace/contract/opp/1daccf281e5348769d4c49b519824c37/view,2026-08-14
-28,pass,Siemens Simcenter STAR-CMM+ subscription,NATIONAL AERONAUTICS AND SPACE ADMINISTRATION,80NSSC26941028Q,Special Notice,513210,DA10,No Set aside used,2026-08-06,2026-08-10,-9.1,"Cleveland, OH",,Lindsey McLellan,lindsey.m.mclellan@nasa.gov,https://sam.gov/workspace/contract/opp/ef58c83a9fb14006bee10c3011037453/view,2026-08-14
-28,pass,Network Analysis Tool,"HEALTH AND HUMAN SERVICES, DEPARTMENT OF.CENTERS FOR DISEASE CONTROL AND PREVENTION.CDC OFFICE OF ACQUISITION SERVICES",75D301-26-Q-79197,Combined Synopsis/Solicitation,513210,DA01,Small Business Set Aside - Total,2026-08-04,2026-08-11,-8.7,"Atlanta, GA",,Aleesha Butler,xvw1@cdc.gov,https://sam.gov/workspace/contract/opp/984254b584b442d29f2e22b5fcfdf12d/view,2026-08-14
-28,pass,Unison CE True Planning Software,NATIONAL AERONAUTICS AND SPACE ADMINISTRATION.NATIONAL AERONAUTICS AND SPACE ADMINISTRATION.NASA SHARED SERVICES CENTER,80NSSC26941027Q,Special Notice,513210,DA10,Full & Open,2026-08-07,2026-08-11,-8.5,"Cleveland, OH",,Shanna Patterson,shanna.l.patterson@nasa.gov,https://sam.gov/workspace/contract/opp/0764d87502ab446fbe115fcb35dc16c1/view,2026-08-14
-28,pass,DA01--Patient Advocate Tracking System â€“ Replacement (PATS-R)  Enhancement and Sustainment - New Award (VA-27-00003376),"VETERANS AFFAIRS, DEPARTMENT OF.VETERANS AFFAIRS, DEPARTMENT OF.TECHNOLOGY ACQUISITION CENTER NJ (36C10B)",36C10B26Q0662,Special Notice,541512,DA01,Full & Open,2026-08-11,2026-08-11,-8.4,,,James  Cummiskey,James.Cummiskey@va.gov,https://sam.gov/workspace/contract/opp/89043b072590457e899425692a600dd4/view,2026-08-14
-28,pass,DA01--Patient Advocate Tracking System â€“ Replacement (PATS-R)  Enhancement and Sustainment - New Award (VA-27-00003376),"VETERANS AFFAIRS, DEPARTMENT OF.VETERANS AFFAIRS, DEPARTMENT OF.TECHNOLOGY ACQUISITION CENTER NJ (36C10B)",36C10B26Q0662,Special Notice,541512,DA01,Full & Open,2026-08-11,2026-08-11,-8.4,,,James  Cummiskey,James.Cummiskey@va.gov,https://sam.gov/workspace/contract/opp/8202f9e88c104f7ea75be788b5d85cfd/view,2026-08-14
-28,pass,Cohesity Netbackup EOL Renewal,NATIONAL AERONAUTICS AND SPACE ADMINISTRATION.NATIONAL AERONAUTICS AND SPACE ADMINISTRATION.NASA SHARED SERVICES CENTER,80NSSC26940122Q,Combined Synopsis/Solicitation,513210,DA10,Small Business Set Aside - Total,2026-08-04,2026-08-11,-8.3,"Houston, TX",,Cara Craft,cara.s.craft@nasa.gov,https://sam.gov/workspace/contract/opp/45a2c3b8df4943a1bfa46f3868727164/view,2026-08-14
-28,pass,Video System Modernization and Upgrade,NATIONAL AERONAUTICS AND SPACE ADMINISTRATION.NATIONAL AERONAUTICS AND SPACE ADMINISTRATION.NASA SHARED SERVICES CENTER,80NSSC26939078Q,Combined Synopsis/Solicitation,541512,7E20,Small Business Set Aside - Total,2026-08-10,2026-08-11,-8.1,,,Monica Wilson,monica.d.wilson@nasa.gov,https://sam.gov/workspace/contract/opp/b758a6b85596427ab693b129fc53d9bf/view,2026-08-14
-28,pass,D--Planon ProCenter Software Silver,"INTERIOR, DEPARTMENT OF THE.DEPARTMENTAL OFFICES.IBC ACQ SVCS DIRECTORATE (00004)",140D0426Q0783,Special Notice,513210,DA01,Full & Open,2026-08-04,2026-08-11,-8.1,,,"Lewicki, Nicholas",nicholas_lewicki@ibc.doi.gov,https://sam.gov/workspace/contract/opp/b8394c15838344e1baef2d8def621f70/view,2026-08-14
-28,pass,DA10--VISN 16 Secure DICOM Image Sharing Solution,"VETERANS AFFAIRS, DEPARTMENT OF.VETERANS AFFAIRS, DEPARTMENT OF.256-NETWORK CONTRACT OFFICE 16 (36C256)",36C25626Q1095,Combined Synopsis/Solicitation,541519,DA10,Small Business Set Aside - Total,2026-08-07,2026-08-12,-7.4,,,Anthony Marion,anthony.marion2@va.gov,https://sam.gov/workspace/contract/opp/5f80a946f6904765aa8eb24e6d073a70/view,2026-08-14
-28,pass,"DA01--Data Engineering, Management Support and Quality Assurance  Recommendations (VA-26-00062403)","VETERANS AFFAIRS, DEPARTMENT OF.VETERANS AFFAIRS, DEPARTMENT OF.TECHNOLOGY ACQUISITION CENTER NJ (36C10B)",36C10B26Q0632,Combined Synopsis/Solicitation,541519,DA01,Small Business Set Aside - Total,2026-08-11,2026-08-12,-7.2,,,Ryan Sehulster,Ryan.Sehulster@va.gov,https://sam.gov/workspace/contract/opp/bae8d750233b421b8b5ac7768fc7b744/view,2026-08-14
-28,pass,DAVINCI Venus Test Chamber Support,NATIONAL AERONAUTICS AND SPACE ADMINISTRATION.NATIONAL AERONAUTICS AND SPACE ADMINISTRATION.NASA SHARED SERVICES CENTER,80NSSC26936702Q,Special Notice,541330,R499,Full & Open,2026-08-07,2026-08-12,-7.2,,,Cody Guidry,cody.d.guidry@nasa.gov,https://sam.gov/workspace/contract/opp/621d295dd8cb4023b5ca0ebd255a0710/view,2026-08-14
-28,pass,Radiography System,NATIONAL AERONAUTICS AND SPACE ADMINISTRATION.NATIONAL AERONAUTICS AND SPACE ADMINISTRATION.NASA SHARED SERVICES CENTER,80NSSC26939561Q,Combined Synopsis/Solicitation,541519,7E20,Small Business Set Aside - Total,2026-08-06,2026-08-13,-6.2,,,kacey Hickman,kacey.l.hickman@nasa.gov,https://sam.gov/workspace/contract/opp/0b72674de70648ebac2c79862bfa3e22/view,2026-08-14
-28,pass,"R--MALU ETHNOGRAPHIC OVERVIEW MLK, JR. NHP","INTERIOR, DEPARTMENT OF THE.NATIONAL PARK SERVICE.SER EAST MABO(51000)",140P5126Q0051,Combined Synopsis/Solicitation,541990,R702,Small Business Set Aside - Total,2026-08-10,2026-08-13,-6.1,,,"Hicks, Celinda",Celinda_Hicks@ios.doi.gov,https://sam.gov/workspace/contract/opp/e71bf41c6bf74f9baaa437c5c1fd2dd0/view,2026-08-17
-28,pass,Rimini Street 3rd Party VMware Support Renewal,NATIONAL AERONAUTICS AND SPACE ADMINISTRATION.NATIONAL AERONAUTICS AND SPACE ADMINISTRATION.NASA SHARED SERVICES CENTER,80NSSC26941078Q,Special Notice,541512,DA01,Full & Open,2026-08-12,2026-08-14,-5.2,,,kacey Hickman,kacey.l.hickman@nasa.gov,https://sam.gov/workspace/contract/opp/799685691b314772889874f005adb866/view,2026-08-14
-28,pass,High vacuum gantry for VOiD deposition system,NATIONAL AERONAUTICS AND SPACE ADMINISTRATION.NATIONAL AERONAUTICS AND SPACE ADMINISTRATION.NASA SHARED SERVICES CENTER,80NSSC26938077Q,Special Notice,541330,AJ11,Full & Open,2026-08-12,2026-08-14,-5.1,,,laura quave,laura.a.quave@nasa.gov,https://sam.gov/workspace/contract/opp/0390b80229a747719ef47b717e410574/view,2026-08-14
-28,pass,B--NOTICE OF INTENT to AWARD SOLE SOURCE for FWS Bozeman Fish Health Center for la,"INTERIOR, DEPARTMENT OF THE.US FISH AND WILDLIFE SERVICE.FWS, SAT TEAM 2",DOIFFBO260151,Special Notice,541690,B529,Full & Open,2026-08-04,2026-08-14,-5.1,,,"Riva, Jeremy",jeremy_riva@ios.doi.gov,https://sam.gov/workspace/contract/opp/65b45a8c997e4dd88a27a8d602c3afa8/view,2026-08-14
-28,pass,Medical Simulator Operator Service,DEPT OF DEFENSE.DEPT OF THE ARMY.NATIONAL GUARD BUREAU.JFHQ USPFO MN.USPFO MN PROCUREMENT.W7NG USPFO ACTIVITY MNANG 133,W50S7E26QA004,Solicitation,541990,AJ12,Small Business Set Aside - Total,2026-08-10,2026-08-15,-4.2,"Fort Snelling, MN",,Lt Col Ann Feist,ann.feist.1@us.af.mil,https://sam.gov/workspace/contract/opp/766f51930c5f4e7b9436fc02498a97f2/view,2026-08-17
-28,pass,"Re-Posting Solicitation: W911QY-26-R-A007 - Capability Program Executive - Ground (Soldier Systems), Project Manager Soldier Medical Devices (PM SMD), Materiel Fielding and Medical Liaison Support Services",DEPT OF DEFENSE.DEPT OF THE ARMY.AMC.ACC.ACC-CTRS.ACC-APG.W6QK ACC-APG NATICK,Reposting_RFP_W911QY26RA007_MaterielFielding_MedicalLiaisonSupportServices,Solicitation,541990,R706,Small Business Set Aside - Total,2026-08-06,2026-08-16,-3.4,,,Patrick Wallace,patrick.j.wallace3.civ@army.mil,https://sam.gov/workspace/contract/opp/c9c4756f0cf14697b49775ad49bab206/view,2026-08-17
-28,pass,FY27-31 D28 Spectrum Cable Services,"JUSTICE, DEPARTMENT OF.US MARSHALS SERVICE",15M10226QA4700293,Special Notice,541519,DG11,No Set aside used,2026-08-10,2026-08-17,-2.4,"Terre Haute, IN",,Renee Leaman,renee.leaman@usdoj.gov,https://sam.gov/workspace/contract/opp/79c2670ad15742f8b26883fa6ba11d0c/view,2026-08-14
-28,pass,Official RFP - NSWCDD Range Support Services,DEPT OF DEFENSE.DEPT OF THE NAVY.NAVSEA.NAVSEA WARFARE CENTER.NSWC DAHLGREN,N0017826R3104,Solicitation,541330,R425,Small Business Set Aside - Total,2026-08-11,2026-08-17,-2.4,,,CARLY ANN Hanson,carlyann.m.hanson.civ@us.navy.mil,https://sam.gov/workspace/contract/opp/54426e2bb3f44f49bd02ce039d6475a6/view,2026-08-14
-28,pass,D--IMT MT HYDROMET MODERNIZATION SOFTWARE,"INTERIOR, DEPARTMENT OF THE.BUREAU OF RECLAMATION.GREAT PLAINS REGIONAL OFFICE",140R6026Q0127,Special Notice,518210,DA01,Full & Open,2026-08-07,2026-08-17,-2.4,,,"Parkison, Melissa",melissa_parkison@ios.doi.gov,https://sam.gov/workspace/contract/opp/ed6a6c7ec4c44b44b0b068367b9bdd5d/view,2026-08-14
-28,pass,Inspection and Maintenance of Portable Fire Extinguishers,DEPT OF DEFENSE.DEPT OF THE ARMY.NATIONAL GUARD BUREAU.JFHQ USPFO TN.USPFO TN PROCUREMENT.W7N1 USPFO ACTIVITY TNANG 164,W50S9926Q1106,Combined Synopsis/Solicitation,541990,H312,Small Business Set Aside - Total,2026-08-11,2026-08-17,-2.4,"Memphis, TN",,Christopher Rhyne,164.AW.MSC.ORG@US.AF.MIL,https://sam.gov/workspace/contract/opp/ab2ec7c4cc7c42e3b463d2dd2414c083/view,2026-08-17
-28,pass,Autodesk 3D CAD modeling software license & service support renewal,DEPT OF DEFENSE.DEPT OF THE NAVY.NAVSEA.NAVSEA WARFARE CENTER,N6449825-DCN-PD-104-0045,Special Notice,541519,DA10,No Set aside used,2026-08-13,2026-08-17,-2.2,,,Dorene C. Nollie,Dorene.C.Nollie.civ@us.navy.mill,https://sam.gov/workspace/contract/opp/a7bd573ba59845e482ef34b76b98c49a/view,2026-08-14
-28,pass,Vecna Kiosk Warranty,"VETERANS AFFAIRS, DEPARTMENT OF.VETERANS AFFAIRS, DEPARTMENT OF.247-NETWORK CONTRACT OFFICE 7 (36C247)",,Special Notice,541511,,Full & Open,2026-08-06,2026-08-17,-2.2,"Augusta, GA",,Earnest Ellison,Earnest.Ellison@va.gov,https://sam.gov/workspace/contract/opp/a605212e818f4fea8ebfeeae12c7cb52/view,2026-08-14
-28,pass,Information Management Support Services,DEPT OF DEFENSE.DEPT OF THE NAVY.USMC.MARCORP I&L.MARINE CORPS INSTALLATIONS COMMAND.MCIWEST.COMMANDING GENERAL,M0068126Q0074,Combined Synopsis/Solicitation,541512,DB02,Small Business Set Aside - Total,2026-08-07,2026-08-18,-1.4,"Bridgeport, CA",,Gabriel Lopez,gabriel.lopez@usmc.mil,https://sam.gov/workspace/contract/opp/f233738a6c1348859823d889486c1c7e/view,2026-08-14
-28,pass,Information Management Support Services,DEPT OF DEFENSE.DEPT OF THE NAVY.USMC.MARCORP I&L.MARINE CORPS INSTALLATIONS COMMAND.MCIWEST.COMMANDING GENERAL,M0068126Q0074,Combined Synopsis/Solicitation,541512,DB02,Small Business Set Aside - Total,2026-08-14,2026-08-18,-1.4,"Bridgeport, CA",,Gabriel Lopez,gabriel.lopez@usmc.mil,https://sam.gov/workspace/contract/opp/875dcf3c02bc467b99fdf24906cee8bd/view,2026-08-17
-28,pass,: 2 x Yokogawa DL950 scopecorders for ExCELS Capability,NATIONAL AERONAUTICS AND SPACE ADMINISTRATION.NATIONAL AERONAUTICS AND SPACE ADMINISTRATION.NASA SHARED SERVICES CENTER,80NSSC26939030Q,Combined Synopsis/Solicitation,541519,7E20,Small Business Set Aside - Total,2026-08-13,2026-08-18,-1.2,,,kacey Hickman,kacey.l.hickman@nasa.gov,https://sam.gov/workspace/contract/opp/f5539de98d7b49879849cf5dc6fac735/view,2026-08-14
-28,pass,Student Recruitment and Enrollment Management Platform,DEPT OF DEFENSE.DEPT OF THE ARMY.NATIONAL GUARD BUREAU.JFHQ USPFO WA.USPFO WA PROCUREMENT.W7N6 USPFO ACTIVITY WAANG 194,W50S9E26QJ012,Combined Synopsis/Solicitation,518210,DA10,Small Business Set Aside - Total,2026-08-04,2026-08-18,-1.2,"Camp Murray, WA",,194th Contracting Office,194.wg.fal.msc.contracting@us.af.mil,https://sam.gov/workspace/contract/opp/1165533f5498489da7b0d49a5e26d3a6/view,2026-08-14
-28,pass,Call for Solutions - Enterprise Transformation Capability for the Army's Organic Industrial Base (OIB),DEPT OF DEFENSE.DEPT OF THE ARMY.AMC.ACC.ACC-CTRS.ACC RSA.W6QK ACC-RSA,PANRSA26P0000034783,Special Notice,541330,R408,Full & Open,2026-08-10,2026-08-18,-1.1,,,Stephanie Dillon,stephanie.f.dillon.civ@army.mil,https://sam.gov/workspace/contract/opp/75011a64420f4f70978efaaad0966e8b/view,2026-08-14
-28,pass,Plastometrex CORSICA,NATIONAL AERONAUTICS AND SPACE ADMINISTRATION.NATIONAL AERONAUTICS AND SPACE ADMINISTRATION.NASA SHARED SERVICES CENTER,80NSSC26940637Q,Special Notice,541519,7E20,Full & Open,2026-08-14,2026-08-19,-0.3,,,Sara Jusino-Terry,sara.a.jusino-terry@nasa.gov,https://sam.gov/workspace/contract/opp/84f41649877e4957b37c1bbcfd9696bc/view,2026-08-17
-28,pass,Amendment 1-N0016422GWS57_00001 Services to support Airborne Electronic Attack Fleet System,DEPT OF DEFENSE.DEPT OF THE NAVY.NAVSEA.NAVSEA WARFARE CENTER.NSWC CRANE,N0016422GWS57_00001,Special Notice,541330,J016,No Set aside used,2026-08-05,2026-08-19,-0.2,"Torrance, CA",,,,https://sam.gov/workspace/contract/opp/0a657dfdb8f64b85a2097caa95af7d53/view,2026-08-14
-28,pass,BlueHalo Robo-Met Service Agreement,NATIONAL AERONAUTICS AND SPACE ADMINISTRATION.NATIONAL AERONAUTICS AND SPACE ADMINISTRATION.NASA SHARED SERVICES CENTER,80NSSC26939978Q,Special Notice,541519,DA10,Full & Open,2026-08-14,2026-08-19,-0.2,,,Cody Guidry,cody.d.guidry@nasa.gov,https://sam.gov/workspace/contract/opp/8c10205022a045d5887d59321a1c1386/view,2026-08-17
-28,ineligible,EOS - Web-Based Training,DEPT OF DEFENSE.DEPT OF THE AIR FORCE.AIR MOBILITY COMMAND.FA4484  87 CONS PK,FA448426Q0030,Combined Synopsis/Solicitation,541511,U012,SBA Certified Women-Owned Small Business (WOSB) Program Set-Aside (FAR 19.15),2026-08-12,2026-08-26,6.6,"0, NJ",,Shawna Dancel,shawna.dancel@us.af.mil,https://sam.gov/workspace/contract/opp/bd7acf3d622043d5b740746e474b567c/view,2026-08-14
-30,ineligible,FOOD APPLICATIONS REGULATORY MANAGEMENT (FARM) & IT INTERFACTING SYSTEMS IDIQ,"HEALTH AND HUMAN SERVICES, DEPARTMENT OF.FOOD AND DRUG ADMINISTRATION.FDA CENTER FOR FOOD SAFETY AND APPLIED NUTRITION",75F40126R00042,Combined Synopsis/Solicitation,541519,DA01,8(a) Set-Aside (FAR 19.8),2026-08-18,2026-08-20,0.6,"Silver Spring, MD",,Brian Wodzisz,Brian.Wodzisz@fda.hhs.gov,https://sam.gov/workspace/contract/opp/74ad31ee31554aa3a45bcbf7cc19ad2c/view,2026-08-19
-31,pass,Track System Safety Research,"TRANSPORTATION, DEPARTMENT OF.OFFICE OF THE SECRETARY.6913G6 VOLPE NATL TRANS SYS CNTR",6913G626Q300043,Combined Synopsis/Solicitation,541330,R499,No Set aside used,2026-08-04,2026-08-07,-12.2,"Cambridge, MA",,Karen M. Marino,karen.marino@dot.gov,https://sam.gov/workspace/contract/opp/ecb886e2cb92436d94d020bdc9a87816/view,2026-08-14
-31,pass,Trimble Access Software Maintenance and CenterPoint RTX Subscriptions - OEHE Eastern Arizona District Office,"HEALTH AND HUMAN SERVICES, DEPARTMENT OF.INDIAN HEALTH SERVICE.PHOENIX AREA INDIAN HEALTH SVC",PHX-SS-26-013,Solicitation,513210,DA10,No Set aside used,2026-08-04,2026-08-07,-12.2,"Show Low, AZ",,Dekovan Cook,Dekovan.Cook@ihs.gov,https://sam.gov/workspace/contract/opp/066c23072ec6467ca37fda2f944d04a1/view,2026-08-14
-31,pass,Software Licenses New/Renewals,DEPT OF DEFENSE.DEPT OF THE NAVY.NAVSEA.NAVSEA WARFARE CENTER.NSWC CRANE,N0016426Q0281,Combined Synopsis/Solicitation,513210,DA10,No Set aside used,2026-08-04,2026-08-08,-11.9,"Crane, IN",,Joshua Tester,joshua.e.tester.civ@us.navy.mil,https://sam.gov/workspace/contract/opp/71d841f96f3d4679a2fbd30dab422f1e/view,2026-08-14
-31,pass,DA01--Sole Source Miami VA Wayfinding Patient Navigation System,"VETERANS AFFAIRS, DEPARTMENT OF.VETERANS AFFAIRS, DEPARTMENT OF.TECHNOLOGY ACQUISITION CENTER NJ (36C10B)",36C10B26R0044,Combined Synopsis/Solicitation,541511,DA01,Full & Open,2026-08-04,2026-08-10,-9.4,,,Laura Startek,Laura.Startek@va.gov,https://sam.gov/workspace/contract/opp/e8a40ce6cd1c4b56a31788a7041afdd9/view,2026-08-14
-31,pass,DA01--Sole Source Miami VA Wayfinding Patient Navigation System,"VETERANS AFFAIRS, DEPARTMENT OF.VETERANS AFFAIRS, DEPARTMENT OF.TECHNOLOGY ACQUISITION CENTER NJ (36C10B)",36C10B26R0044,Combined Synopsis/Solicitation,541511,DA01,Full & Open,2026-08-04,2026-08-10,-9.4,,,Laura Startek,Laura.Startek@va.gov,https://sam.gov/workspace/contract/opp/c6e448c154884cd3bba9373c874b19cd/view,2026-08-14
-31,pass,Personal Property Management System,COURT SERVICES AND OFFENDER SUPERVISION AGENCY.COURT SERVICES AND OFFENDER SUPERVISION AGENCY.COURT SERVICES  OFFENDER SUPV AGCY,9594CS26Q0025_1,Solicitation,513210,DA01,No Set aside used,2026-08-06,2026-08-10,-8.9,,,Cathy Collins,catherine.collins@csosa.gov,https://sam.gov/workspace/contract/opp/15fcadfb6672470eb4caffa712161221/view,2026-08-14
-31,pass,Personal Property Management System,COURT SERVICES AND OFFENDER SUPERVISION AGENCY.COURT SERVICES AND OFFENDER SUPERVISION AGENCY.COURT SERVICES  OFFENDER SUPV AGCY,9594CS26Q0025_1,Solicitation,513210,DA01,No Set aside used,2026-08-16,2026-08-10,-8.9,,,Cathy Collins,catherine.collins@csosa.gov,https://sam.gov/workspace/contract/opp/347299a841c34f2b9913c8bf4972bae2/view,2026-08-17
-31,pass,R425--Life Safety Drawings,"VETERANS AFFAIRS, DEPARTMENT OF.VETERANS AFFAIRS, DEPARTMENT OF.261-NETWORK CONTRACT OFFICE 21 (36C261)",36C26126Q0995,Solicitation,541690,R425,Full & Open,2026-08-05,2026-08-11,-8.3,,,Cynthia E Diezel,Cynthia.Diezel@va.gov,https://sam.gov/workspace/contract/opp/df5eb1d1472a4073ab6d76ec57127718/view,2026-08-14
-31,pass,"Army Contract Writing System (ACWS) Sustainment, Support, and Enhancement Final Call for Solution (ACWS26-CFS-001)",DEPT OF DEFENSE.DEPT OF THE ARMY.AMC.ACC.ACC-CTRS.ACC RI.W6QK ACC-RI,ACWS26-CFS-001,Combined Synopsis/Solicitation,541511,DA01,No Set aside used,2026-08-07,2026-08-11,-8.3,,,Karen Loss,karen.m.loss.civ@army.mil,https://sam.gov/workspace/contract/opp/e3a8162e3ff94041899595ef16c16eb0/view,2026-08-14
-31,pass,"Aucos Software Support, Repair and Training",DEPT OF DEFENSE.DEPT OF THE ARMY.AMC.ACC.ACC-CTRS.ACC RI.W6QK ACC-RI,W519TC26RA069,Combined Synopsis/Solicitation,513210,J049,No Set aside used,2026-08-05,2026-08-12,-7.4,"Rock Island, IL",,Christine Szalo,christine.a.szalo.civ@army.mil,https://sam.gov/workspace/contract/opp/66cb9f71f8634b958491ce4a8ad9ae5c/view,2026-08-14
-31,pass,Sole Source to Nuytco Research LTD for Diver Training and Equipment Lease  Per Attachments,DEPT OF DEFENSE.DEPT OF THE NAVY.NAVSEA.NAVSEA WARFARE CENTER.NAVAL SURFACE WARFARE CENTER,N61331-26-Q-JK42,Combined Synopsis/Solicitation,541990,U099,Full & Open,2026-08-10,2026-08-12,-7.4,"Panama City Beach, FL",,Jamell L.  Kilgore,jamell.l.kilgore.civ@us.navy.mil,https://sam.gov/workspace/contract/opp/d093a2dcb991457e87127334af69fa88/view,2026-08-17
-31,pass,RSMeans Data Online Licenses,GENERAL SERVICES ADMINISTRATION.FEDERAL ACQUISITION SERVICE.GSA/FAS ADMIN SVCS ACQUISITION BR(2,47QSSC26Q0229,Combined Synopsis/Solicitation,513210,DA10,No Set aside used,2026-08-07,2026-08-12,-7.1,"Keyport, WA",,Emily Walker,emily.walker@gsa.gov,https://sam.gov/workspace/contract/opp/49704d21516c49a083eaa4b4576b9bd6/view,2026-08-14
-31,pass,R499--On-site Survey Readiness Services (Mock Physical Environment  / Life Safety Survey),"VETERANS AFFAIRS, DEPARTMENT OF.VETERANS AFFAIRS, DEPARTMENT OF.252-NETWORK CONTRACT OFFICE 12 (36C252)",36C25226Q0636,Solicitation,541611,R499,Full & Open,2026-08-13,2026-08-13,-6.4,,,Robert E Ruska,Robert.Ruska@va.gov,https://sam.gov/workspace/contract/opp/5d75a988b451462d9485675d8a8a4849/view,2026-08-14
-31,pass,Combined Synopsis Solicitation- Acquire Neurodevel,"HEALTH AND HUMAN SERVICES, DEPARTMENT OF.NATIONAL INSTITUTES OF HEALTH.NATIONAL INSTITUTES OF HEALTH OLAO",75N98026Q00957,Combined Synopsis/Solicitation,541990,R405,Full & Open,2026-08-06,2026-08-13,-6.3,,,"RUNNER, CASSIE M",cassie.runner@nih.gov,https://sam.gov/workspace/contract/opp/28a3e105045944a58402b9f527f97ca9/view,2026-08-17
-31,pass,Macroeconomic Impacts of Highway Investment,"TRANSPORTATION, DEPARTMENT OF.OFFICE OF THE SECRETARY.6913G6 VOLPE NATL TRANS SYS CNTR",6913G626Q300045,Combined Synopsis/Solicitation,541990,B507,No Set aside used,2026-08-05,2026-08-13,-6.2,"Cambridge, MA",,"Marino, Karen M",karen.marino@dot.gov,https://sam.gov/workspace/contract/opp/24b94680b8e247c4afb5e0bc3c8af4a7/view,2026-08-17
-31,pass,DA01--P00008 - EHRM IDIQ Expanded Scope Mod (VA-26-00083233),"VETERANS AFFAIRS, DEPARTMENT OF.VETERANS AFFAIRS, DEPARTMENT OF.TECHNOLOGY ACQUISITION CENTER NJ (36C10B)",36C10B26R0015,Combined Synopsis/Solicitation,541512,DA01,Full & Open,2026-08-11,2026-08-14,-5.3,,,Ruth  Smith,ruth.smith1@va.gov,https://sam.gov/workspace/contract/opp/85bba2cc888d42d8bbe8e6a48058c1cc/view,2026-08-14
-31,pass,Advanced Acoustic Model Development and Demonstrate Conceptual Tool to Predict Sonic Boom Footprints over a Range of Meteorological Conditions,"TRANSPORTATION, DEPARTMENT OF.OFFICE OF THE SECRETARY.6913G6 VOLPE NATL TRANS SYS CNTR",6913G626Q300047,Combined Synopsis/Solicitation,541690,R499,No Set aside used,2026-08-10,2026-08-14,-5.2,"Asheville, NC",,"Marino, Karen M",karen.marino@dot.gov,https://sam.gov/workspace/contract/opp/0560ab459be64d1a8b30402fbfa310c0/view,2026-08-14
-31,pass,Equipment Update,NATIONAL AERONAUTICS AND SPACE ADMINISTRATION.NATIONAL AERONAUTICS AND SPACE ADMINISTRATION.NASA SHARED SERVICES CENTER,80NSSC26935282Q,Combined Synopsis/Solicitation,541519,7E20,Full & Open,2026-08-11,2026-08-14,-5.1,"Stennis Space Center, MS",,Tracy Bremer,tracy.g.bremer@nasa.gov,https://sam.gov/workspace/contract/opp/3625b40b805a4d99864e878e861714ea/view,2026-08-14
-31,pass,Makai Software Maintenance Renewal,DEPT OF DEFENSE.DEPT OF THE NAVY.NAVFAC.EXPEDITIONARY WARFARE CENTER.NAVFAC SYSTEMS AND EXP WARFARE CTR,N3943026Q5009,Combined Synopsis/Solicitation,513210,DA10,No Set aside used,2026-08-12,2026-08-14,-4.7,"Port Hueneme CBC Base, CA",,Hunter Davidson,hunter.t.davidson.civ@us.navy.mil,https://sam.gov/workspace/contract/opp/74e485943f004c23ab5fcc2f248ef61b/view,2026-08-14
-31,pass,FY27-31 D02 BTOOLKIT(ITD) SPECTRUM,"JUSTICE, DEPARTMENT OF.US MARSHALS SERVICE.DEPT OF JUSTICE  US MARSHAL SERVICE",15M10226QA4700286,Solicitation,541519,DG11,No Set aside used,2026-08-10,2026-08-17,-2.4,"Montgomery, AL",,Renee Leaman,renee.leaman@usdoj.gov,https://sam.gov/workspace/contract/opp/a97aa4c359ee4aa2ae9a39b6bafed4fe/view,2026-08-14
-31,pass,FY27-31 D41 Comcast Cable MPLS 2 locations,"JUSTICE, DEPARTMENT OF.US MARSHALS SERVICE.DEPT OF JUSTICE  US MARSHAL SERVICE",15M10226QA4700292,Solicitation,541519,DG11,No Set aside used,2026-08-10,2026-08-17,-2.4,"Minneapolis, MN",,Renee Leaman,renee.leaman@usdoj.gov,https://sam.gov/workspace/contract/opp/6fc78191074b428d9ce0a8da40d260d6/view,2026-08-14
-31,pass,Notice of intent to issue a Sole Source Award for Laboratory Accreditation,"HEALTH AND HUMAN SERVICES, DEPARTMENT OF.CENTERS FOR DISEASE CONTROL AND PREVENTION.CDC OFFICE OF ACQUISITION SERVICES",75D30126Q79183,Combined Synopsis/Solicitation,541990,R420,No Set aside used,2026-08-13,2026-08-17,-2.3,"Atlanta, GA",,Eugene L. Gutierrez Jr.,zvm0@cdc.gov,https://sam.gov/workspace/contract/opp/47db1d578039480988073466ce9de600/view,2026-08-17
-31,pass,DSS Infusion Therapy Manager IDIQ,"VETERANS AFFAIRS, DEPARTMENT OF.VETERANS AFFAIRS, DEPARTMENT OF.TECHNOLOGY ACQUISITION CENTER NJ (36C10B)",36C10B26R0039,Combined Synopsis/Solicitation,541512,DA10,No Set aside used,2026-08-13,2026-08-17,-2.2,NC,,John Sangalang,John.Sangalang@va.gov,https://sam.gov/workspace/contract/opp/6866eb98799e4ffbbd2e65e4c000e55c/view,2026-08-14
-31,pass,J063--CCTV SERVICE & MAINTENANCE,"VETERANS AFFAIRS, DEPARTMENT OF.VETERANS AFFAIRS, DEPARTMENT OF.262-NETWORK CONTRACT OFFICE 22 (36C262)",36C26226Q1049,Solicitation,541519,J063,Full & Open,2026-08-13,2026-08-17,-2.2,,,Felicia L Simpson,felicia.simpson@va.gov,https://sam.gov/workspace/contract/opp/91e6ebc6912e4f57a2cf0227878f10fc/view,2026-08-14
-31,pass,Siemens MB Software Rennewal,NATIONAL AERONAUTICS AND SPACE ADMINISTRATION.NATIONAL AERONAUTICS AND SPACE ADMINISTRATION.NASA SHARED SERVICES CENTER,80NSSC26940103Q,Solicitation,513210,DE10,No Set aside used,2026-08-10,2026-08-17,-2.2,,,McKenzie Hanson,mckenzie.m.hanson@nasa.gov,https://sam.gov/workspace/contract/opp/ab64fab8a7b34a1380f4f2c7ef5bc10c/view,2026-08-14
-31,pass,Redgate Flyway Software Subscription & Support,DEPT OF DEFENSE.DEPT OF THE NAVY.NAVAIR.NAVAIR NAWC WD.NAVAL AIR WARFARE CENTER,N6893626Q5178 ,Combined Synopsis/Solicitation,513210,DA01,Full & Open,2026-08-07,2026-08-17,-2.1,,,Amy Lamberth,amy.s.lamberth.civ@us.navy.mil,https://sam.gov/workspace/contract/opp/de3c94a3b6644b09be89590a449e7f3d/view,2026-08-14
-31,pass,U.S.-India Technology Cooperation for Innovation growth workshop series,"STATE, DEPARTMENT OF.STATE, DEPARTMENT OF.AMERICAN CONSULATE CHENNAI",191N6026Q0006-PR16144890,Solicitation,541611,R408,No Set aside used,2026-08-12,2026-08-18,-1.6,"Chennai, IN-TN",,Seth Burchett,ChennaiProcurement@state.gov,https://sam.gov/workspace/contract/opp/2928ea13ba6f4b179adfd5a868288903/view,2026-08-14
-31,pass,Security Assistance Mentors and Cultural Advisors (SAMA) SAMA 3.0 for USMILGP-Iraq,DEPT OF DEFENSE.DEPT OF THE ARMY.AMC.ACC.ACC-CTRS.ACC RI.W6QK ACC-RI,W519TC-26-R-A024,Solicitation,541611,R699,No Set aside used,2026-08-11,2026-08-18,-1.2,"Baghdad and Erbil, IQ-BG",,Jennifer B. Trevino,jennifer.b.trevino.civ@army.mil,https://sam.gov/workspace/contract/opp/f43da6cbf82941cd98c31f0267a934b6/view,2026-08-14
-31,pass,Illumina Dragen,"INTERIOR, DEPARTMENT OF THE.DEPARTMENTAL OFFICES.IBC ACQ SVCS DIRECTORATE (00004)",140D0426Q0737,Solicitation,513210,DA10,Full & Open,2026-08-11,2026-08-18,-1.2,,,"Brewer, Robert",robert_brewer@ibc.doi.gov,https://sam.gov/workspace/contract/opp/f69acbaf680c43bc9fe088032df74b78/view,2026-08-14
-31,pass,Security Assistance Mentors and Cultural Advisors (SAMA) SAMA 3.0 for USMILGP-Iraq,DEPT OF DEFENSE.DEPT OF THE ARMY.AMC.ACC.ACC-CTRS.ACC RI.W6QK ACC-RI,W519TC-26-R-A024,Solicitation,541611,R699,No Set aside used,2026-08-17,2026-08-18,-1.2,"Baghdad and Erbil, IQ-BG",,Jennifer B. Trevino,jennifer.b.trevino.civ@army.mil,https://sam.gov/workspace/contract/opp/35ee438afeeb495aaafd77f613618576/view,2026-08-17
-31,pass,D--EPRE II supports Information Technology Category’s,GENERAL SERVICES ADMINISTRATION.FEDERAL ACQUISITION SERVICE.GSA/FAS/ITC OFFICE OF ENTERPRISE TELECOMMUNICATIONS SOLUTIONS ACQUISITIONS,47QTCX26Q0001,Combined Synopsis/Solicitation,541611,DA01,Full & Open,2026-08-12,2026-08-19,-0.4,,,"Whitehead, Norieko",norieko.whitehead@gsa.gov,https://sam.gov/workspace/contract/opp/21099e018e414516a45899454effc9f4/view,2026-08-14
-31,pass,DSS Infusion Therapy Manager IDIQ,"VETERANS AFFAIRS, DEPARTMENT OF.VETERANS AFFAIRS, DEPARTMENT OF.TECHNOLOGY ACQUISITION CENTER NJ (36C10B)",36C10B26R0039,Combined Synopsis/Solicitation,541512,DA10,No Set aside used,2026-08-17,2026-08-19,-0.4,NC,,John Sangalang,John.Sangalang@va.gov,https://sam.gov/workspace/contract/opp/a0f4165a7f334a9fa16f988e5733817c/view,2026-08-17
-31,pass,J063--CCTV SERVICE & MAINTENANCE,"VETERANS AFFAIRS, DEPARTMENT OF.VETERANS AFFAIRS, DEPARTMENT OF.262-NETWORK CONTRACT OFFICE 22 (36C262)",36C26226Q1049,Solicitation,541519,J063,Full & Open,2026-08-14,2026-08-19,-0.2,,,Felicia L Simpson,felicia.simpson@va.gov,https://sam.gov/workspace/contract/opp/1d4f6a4df9e5413dabb43b22e1758bad/view,2026-08-17
-31,ineligible,Cryogenic mechanical testing of polymer aerogel composites,NATIONAL AERONAUTICS AND SPACE ADMINISTRATION.NATIONAL AERONAUTICS AND SPACE ADMINISTRATION.NASA SHARED SERVICES CENTER,80NSSC26941662Q,Special Notice,541330,H248,8(a) Sole Source (FAR 19.8),2026-08-19,2026-08-24,4.8,,,McKenzie Hanson,mckenzie.m.hanson@nasa.gov,https://sam.gov/workspace/contract/opp/41ed31e37272447b9018483b0aae1610/view,2026-08-19
-31,ineligible,Training Purchase - HRC1771464 - Leading Effective Human Systems - Center for Human,NATIONAL AERONAUTICS AND SPACE ADMINISTRATION.NATIONAL AERONAUTICS AND SPACE ADMINISTRATION.NASA SHARED SERVICES CENTER,80NSSC26942246Q,Special Notice,541611,U002,8(a) Sole Source (FAR 19.8),2026-08-19,2026-08-24,4.8,,,McKenzie Hanson,mckenzie.m.hanson@nasa.gov,https://sam.gov/workspace/contract/opp/40d3252f536a47988c8a2a94ebc72911/view,2026-08-19
-31,ineligible,Magnet Forensics Axiom Cyber Software Subscription & Support,"HEALTH AND HUMAN SERVICES, DEPARTMENT OF.INDIAN HEALTH SERVICE.DIVISION OF ACQUISITIONS POLICY HQ",75H70426Q00047,Combined Synopsis/Solicitation,541519,DA10,Indian Small Business Economic Enterprise,2026-08-18,2026-08-31,11.6,"68464, MD",,Daniel Poehling,Daniel.Poehling@ihs.gov,https://sam.gov/workspace/contract/opp/817b975f38f14798b302e88415cfc31f/view,2026-08-19
-36,pass,Pharmacy Refill Communication and Patient Notification Solution - Phoenix Area IHS,"HEALTH AND HUMAN SERVICES, DEPARTMENT OF.INDIAN HEALTH SERVICE.PHOENIX AREA INDIAN HEALTH SVC",SS-26-PHX-032,Sources Sought,513210,,"Buy Indian Set-Aside (specific to Department of Health and Human Services, Indian Health Services)",2026-08-05,2026-08-11,-8.2,"Phoenix, AZ",,Dekovan Cook,Dekovan.Cook@ihs.gov,https://sam.gov/workspace/contract/opp/e72a588eee5049da9fbeedd62ab43ba2/view,2026-08-14
-42,pass,Pandemic Plan Preparedness Evaluation Services,"HEALTH AND HUMAN SERVICES, DEPARTMENT OF.OFFICE OF THE ASSISTANT SECRETARY FOR FINANCIAL RESOURCES (ASFR).OMAS STRATEGIC BUYING CENTER - PROFESSIONAL SERVICES",IHS1548449,Combined Synopsis/Solicitation,541611,R410,"Buy Indian Set-Aside (specific to Department of Health and Human Services, Indian Health Services)",2026-08-12,2026-08-14,-5.3,"Rockville, VA",,Andrei Howze,Andrei.Howze@hhs.gov,https://sam.gov/workspace/contract/opp/f38c4542001d4ca6897ac68691992948/view,2026-08-14
-46,ineligible,"66--INDICATOR,SIGHT,LIQ",DEPT OF DEFENSE.DEFENSE LOGISTICS AGENCY.DLA AVIATION.DLA AV RICHMOND.DLA AVIATION,SPE4A526T331V,Combined Synopsis/Solicitation,334513,66,SBA Certified Women-Owned Small Business (WOSB) Program Set-Aside (FAR 19.15),2026-08-05,2026-08-13,-7.0,,DV7 Engineering,"Questions regarding this solicitation should be emailed to the buyer listed in block 5 of the solicitation document which can be found under the Additional Information link.
If the Additional Information link does not work, please go to https://www.dibbs.bsm.dla.mil/Solicitations/ and type the solicitation number in the Global Search box.
",DibbsBSM@dla.mil,https://sam.gov/workspace/contract/opp/6c684d6715c9486b9c2b43f0b024132f/view,2026-08-17
-46,pass,NPSC Clinical Laboratory Scientist Services at the NNMC,"HEALTH AND HUMAN SERVICES, DEPARTMENT OF.INDIAN HEALTH SERVICE.NAVAJO AREA INDIAN HEALTH SVC",75H71026Q00217,Combined Synopsis/Solicitation,518210,R799,"Buy Indian Set-Aside (specific to Department of Health and Human Services, Indian Health Services)",2026-08-05,2026-08-14,-5.3,"Shiprock, NM",,Cornelius Tsipai,cornelius.tsipai@ihs.gov,https://sam.gov/workspace/contract/opp/39c9526eadb04833a356435d55ba3261/view,2026-08-14
-56,ineligible,FEMA GPATS BPA (eBUY RFP1824555; DHS APFS F2025069802),"HOMELAND SECURITY, DEPARTMENT OF.FEDERAL EMERGENCY MANAGEMENT AGENCY.PREPAREDNESS SECTION(PRE20)",70FA2026R00000007,Solicitation,541611,R408,8(a) Set-Aside (FAR 19.8),2026-08-04,2026-08-13,-6.3,"Emmitsburg, MD",,Christopher Rafuse,christopher.rafuse@fema.dhs.gov,https://sam.gov/workspace/contract/opp/547e616498e04e8e9ed23c2db70b7f65/view,2026-08-14
-58,ineligible,Rochester Institute of Technology  - RIT DIRSIG Local Training,NATIONAL AERONAUTICS AND SPACE ADMINISTRATION.NATIONAL AERONAUTICS AND SPACE ADMINISTRATION.NASA SHARED SERVICES CENTER,,Special Notice,541715,U002,8(a) Sole Source (FAR 19.8),2026-08-13,2026-08-18,-1.2,,DV7 Engineering,McKenzie Hanson,mckenzie.m.hanson@nasa.gov,https://sam.gov/workspace/contract/opp/d035384b6ac144999d24456241a10de0/view,2026-08-17
-60,ineligible,Air Force Occupational Safety/Health Support and Traffic Safety (AFOSH),DEPT OF DEFENSE.DEPT OF THE AIR FORCE.AIR FORCE GLOBAL STRIKE COMMAND.FA9401  377 MSG PK,FA940126Q0022,Combined Synopsis/Solicitation,541611,R499,8(a) Set-Aside (FAR 19.8),2026-08-05,2026-08-07,-12.2,,,CASSANDRA BENGFORT,cassandra.bengfort@us.af.mil,https://sam.gov/workspace/contract/opp/444e076417cc46e4a8f7e909a6bf92a5/view,2026-08-14
-62,ineligible,FOOD APPLICATIONS REGULATORY MANAGEMENT (FARM) & IT INTERFACTING SYSTEMS IDIQ,"HEALTH AND HUMAN SERVICES, DEPARTMENT OF.FOOD AND DRUG ADMINISTRATION.FDA CENTER FOR FOOD SAFETY AND APPLIED NUTRITION",75F40126R00042,Combined Synopsis/Solicitation,541519,DA01,8(a) Set-Aside (FAR 19.8),2026-08-12,2026-08-18,-1.2,"Silver Spring, MD",,Brian Wodzisz,Brian.Wodzisz@fda.hhs.gov,https://sam.gov/workspace/contract/opp/3ac22032809c4b1f8f8b9823ba984c2b/view,2026-08-14
-63,ineligible,Initial Assessment for High-Vacuum Welding Glove Refurbishment by Original Vendor,NATIONAL AERONAUTICS AND SPACE ADMINISTRATION.NATIONAL AERONAUTICS AND SPACE ADMINISTRATION.NASA SHARED SERVICES CENTER,80NSSC26938210Q,Special Notice,541330,K099,8(a) Sole Source (FAR 19.8),2026-08-03,2026-08-05,-14.2,,,McKenzie Hanson,mckenzie.m.hanson@nasa.gov,https://sam.gov/workspace/contract/opp/daff2fbb047449859c82443a18fbfccb/view,2026-08-14
-63,ineligible,Siemens AltairSoftware Requests,NATIONAL AERONAUTICS AND SPACE ADMINISTRATION.NATIONAL AERONAUTICS AND SPACE ADMINISTRATION.NASA SHARED SERVICES CENTER,80NSSC26940106Q,Special Notice,513210,DE01,8(a) Sole Source (FAR 19.8),2026-08-03,2026-08-05,-14.2,,,McKenzie Hanson,mckenzie.m.hanson@nasa.gov,https://sam.gov/workspace/contract/opp/b94b7becc1ea4e5b8129f83b4ef0a231/view,2026-08-14
-63,ineligible,Ideum Interactive Kiosk and Software,NATIONAL AERONAUTICS AND SPACE ADMINISTRATION.NATIONAL AERONAUTICS AND SPACE ADMINISTRATION.NASA SHARED SERVICES CENTER,80NSSC26942096Q,Special Notice,541512,DE01,8(a) Sole Source (FAR 19.8),2026-08-14,2026-08-19,-0.2,,,McKenzie Hanson,mckenzie.m.hanson@nasa.gov,https://sam.gov/workspace/contract/opp/9c366a5803bb430eb636181c241248d3/view,2026-08-14
